"figure_id","title","status","blocked_by","png","pdf","sidecar","width_cm","height_cm","caption","alt","palette","palette_min_lstar_gap","sidecar_rows","sidecar_sha256"
"F1","Called-zone contours by regime","built","","out/figures/F1.png","out/figures/F1.pdf","out/tables/F1_data.csv",8,13.2,"Contours where the called-strike probability is 50% for a 72-inch batter, standardised to the 2024 pitch mix, in 2024 (pre-buffer), 2025 (buffer cut) and 2026 (ABS challenge). Shading is the pointwise 95% interval of the contour along 120 rays from the zone centre, from 1,000 coefficient draws. The grey rectangle is the ABS zone, 17 in wide and 27% to 53.5% of height; the dotted line is where the ball touches it, 1.45 in outside. The lower panels enlarge the top, bottom and side edges and do not keep the aspect ratio. Top-edge caveat (annex 8.7, D-R0-04): every top-edge interval here is read as slightly too narrow. In the synthetic recovery the top edge's 95% interval covered the truth in 91 of 100 replicates, against a bound of 93. Its null 90% interval lay within 0.10 in of zero for 44 of 50, against 47, so a top-edge equivalence reading is underpowered. Half-width shortfall (annex 8.7): its null 90% interval covered zero in 42 of 50 replicates, against a bound of 43.","Three nested closed curves over a strike-zone rectangle, lightest for 2024 and darkest for 2026. The 2026 curve's top edge sits at 40.7 in against 41.2 in for 2024, and its bottom edge at 17.7 in against 16.8 in. Its half-width is 10.3 in against 11.1 in. In 2025 the three are 41.2, 17.0 and 10.6 in. The interval bands are thin, visible mainly in the enlarged edge panels.","#86b6ef;#2a78d6;#104281",22.0705602314749,2549,"2c54045488252ef0ea75aa0484ef83f114af27ed521a935b886da8d427ddede3"
"F2","Decomposition waterfall","built","","out/figures/F2.png","out/figures/F2.pdf","out/tables/F2_data.csv",8,9,"The change from 2024 to 2026 in each edge and in area, split by the identity Total = 2g + Buffer + ABS. 2g is two seasons of the 2022 to 2024 trend; Buffer and ABS are the departures from that trend in 2025 and 2026 (Delta_buffer and Delta_ABS). Each of those bars starts where the one before it ends, and whiskers are 95% intervals. Plane, right of the rule, is the mechanical plate-plane component of 2025, the mid-plate contour minus the front-plate contour. It sits outside the sum, because the decomposition uses mid-plate coordinates in every season; it is what a front-plate 2025 against mid-plate 2026 comparison adds. F2b shows the drop between the two planes by pitch type. Placebo P1 failed, so the components describe departures and name no cause. Top-edge caveat (annex 8.7, D-R0-04): every top-edge interval here is read as slightly too narrow. In the synthetic recovery the top edge's 95% interval covered the truth in 91 of 100 replicates, against a bound of 93. Its null 90% interval lay within 0.10 in of zero for 44 of 50, against 47, so a top-edge equivalence reading is underpowered. Half-width shortfall (annex 8.7): its null 90% interval covered zero in 42 of 50 replicates, against a bound of 43.","Four small bar charts, one each for the top edge, bottom edge, half-width and area. In area, Buffer is -23.4 sq in and ABS -33.1 sq in, for a total of -56.0 sq in, while the separate plane bar is 12.9 sq in. The top edge moves down by 0.54 in in total and the bottom edge moves up by 0.94 in; the plane bars are -0.77 in at the top and -1.11 in at the bottom.","#2a78d6;#104281;#c3c2b7",22.0705602314749,34,"fcf70747d6067675727f2085891c8140dd6dc077654b04160dad39c3e5b8787b"
"F2b","Plate-plane drop by pitch type","built","","out/figures/F2b.png","out/figures/F2b.pdf","out/tables/F2b_data.csv",8,7,"The drop in the ball's height between the front of the plate and mid-plate, dz, for 367,593 2025 called pitches by pitch type, from W3.17's plane table. Each dot is the median, the thick bar the interquartile range and the thin bar the 5th to 95th percentiles. Rows run from the smallest median drop to the largest. The four-seam (FF) drops least, median -0.71 in (IQR -0.83 to -0.58), and the curveball (CU) most, median -1.48 in (IQR -1.64 to -1.32). This is the by-pitch-type figure D-56 and CH1-A13 ask for; the per-edge plane component is F2's Plane bar and T4's plane row.","A dot-and-bar chart with one row per pitch type, 12 rows. Medians run from -0.71 in for the four-seam at the top to -1.48 in for the curveball at the bottom. Every bar lies left of zero, so every pitch type drops between the two planes.","#2a78d6",,19,"74314343c2f20301b70747df82e477ca15562829115c25d5dd4e66e3b3996771"
"F3","Edge event study","built","","out/figures/F3.png","out/figures/F3.pdf","out/tables/F3_data.csv",8,11,"Each edge's change from 2024 by season, for a 72-inch batter, with 95% intervals from the joint coefficient draws. The dotted rule is the 2023 to 2024 placebo boundary (P1), where no rule changed; the solid rules are the 2025 buffer cut and the 2026 ABS challenge. The dashed line extends the 2024 level by the 2022 to 2024 trend. P1 fails its equivalence test on area and on the shadow rate (T5), so the departures after 2024 are descriptive. Top-edge caveat (annex 8.7, D-R0-04): every top-edge interval here is read as slightly too narrow. In the synthetic recovery the top edge's 95% interval covered the truth in 91 of 100 replicates, against a bound of 93. Its null 90% interval lay within 0.10 in of zero for 44 of 50, against 47, so a top-edge equivalence reading is underpowered. Half-width shortfall (annex 8.7): its null 90% interval covered zero in 42 of 50 replicates, against a bound of 43.","Three stacked panels of five season points each, for the top edge, the bottom edge and the half-width. The top edge is -0.47 in from its 2024 level in 2023 and -0.54 in in 2026; the bottom edge is 0.94 in in 2026; the half-width is -0.72 in in 2026.","#2a78d6",,44,"d9720a832dec4d31a8bf201bcdfbb60bce3d8463fb7cf94ad41eec90d49f92e3"
"F4","Umpire caterpillar","built","","out/figures/F4.png","out/figures/F4.pdf","out/tables/F4_data.csv",8,8,"Each umpire's 2025 to 2026 response relative to the league's, in inches, as a posterior median with a 90% interval from W3.18's primary model, for the 88 umpires with cells in both seasons, ranked. No umpire is named: CH1-A6's reliability gate was not met, so under D-21 no per-umpire row is published. The inset is the posterior of tau, the between-umpire SD of the response. Its rule marks CH1-A6's materiality threshold, 0.20 in, and P(tau >= 0.20 in) is 0.000.","A caterpillar plot of 88 short vertical intervals, ranked from lowest to highest, centred close to zero; 0 of the 90% intervals exclude zero. An inset density of tau has a median of 0.041 in, and lies almost entirely left of the 0.20 in threshold.","#2a78d6",,351,"e09d47d547cdcd2fb4b95ff6137ad7836cdda2a31540902a74747efe1bc1f641"
"F5","AAA challenge format versus full ABS","PLACEHOLDER","W3.20","out/figures/F5.png","out/figures/F5.pdf","out/tables/F5_data.csv",8,5,"PLACEHOLDER, not a result. F5, aaa challenge format versus full abs, is drawn once W3.20 lands: W3.20, the AAA arm, is blocked on D-11's 2023 scan and D-57's 2024 changeover date (DT-29); out/ch1/prose/aaa.md does not exist.","A grey hatched panel reading: placeholder, not a result; F5 is blocked on W3.20.","",,1,"754382feb60206b86e06834659bbcc6d99912b0938354a0c64a966106bc892c9"
"F6","Framing by regime","built","","out/figures/F6.png","out/figures/F6.pdf","out/tables/F6_data.csv",8,6.5,"Framing runs per 100 innings for each qualified catcher-season, relative to the league-average catcher of its season, from W3.19's catcher-free surface at count-specific run values, with every 2026 pitch kept at its original call. The strips hold 160, 50 and 54 catcher-seasons; the bar above each strip spans the interquartile range and the tick marks the median.","Three horizontal strips of dots, one per regime. The interquartile range is 1.74 runs before the buffer cut, 1.30 in 2025 and 1.17 in 2026, and the medians sit at 0.11, -0.11 and 0.17.","#2a78d6",,268,"fa7270ff1c9365266d00835d248b8811988c409831144a75dcc4d7c4f87c2426"
"F7","Surface calibration by d bin","built","","out/figures/F7.png","out/figures/F7.pdf","out/tables/F7_data.csv",8,10,"In-sample calibration of the primary surface by 0.5-inch bins of d, the signed distance of the ball centre from the zone edge, over +/-8 in. Each point is the observed called-strike rate minus the mean fitted probability, in percentage points, with a 95% Wilson interval on the observed rate. 1,153,067 fitted pitches; the fitted probabilities include the umpire effects. Out-of-sample calibration is F8's, on the sealed set.","Three stacked panels of 32 points each, one per regime, scattered around zero. 88 of the 96 intervals cover zero. The largest gap is 0.63 percentage points, at d = 0.25 in, in the ABS challenge panel.","#2a78d6",,103,"9c88e2cb34ca083b1fdae77fc7109affce06c895ba0e979f14a9579e284cc875"
"F8","Sealed prediction versus outcome","PLACEHOLDER","W3.23","out/figures/F8.png","out/figures/F8.pdf","out/tables/F8_data.csv",8,5,"PLACEHOLDER, not a result. F8, sealed prediction versus outcome, is drawn once W3.23 lands: W3.23, the sealed run, runs once after the season; no sealed output exists and none is read here.","A grey hatched panel reading: placeholder, not a result; F8 is blocked on W3.23.","",,1,"1e56917d531ce3b2417397fdcca4beaabe074e57d90f26cd5606b41364aabdef"
