"draw","2022_top_in","2023_top_in","2024_top_in","2025_top_in","2026_top_in"
1,40.9956618944266,40.8248779783692,41.3052868601431,41.1198945061837,40.6208812648667
2,40.8592672746805,40.6410645992465,41.1558188152125,41.1101229155367,40.64962768749
3,40.9764682744082,40.7900861313581,41.2765208259024,41.239407378559,40.5912105479182
4,40.894754400877,40.7505059125441,41.105852908128,41.1100812489062,40.7791106987081
5,40.9148259688505,40.7405145000006,41.204081847804,41.1798816119632,40.6878873915592
6,40.9294713425109,40.8047566534578,41.2833536270738,41.1555900934721,40.7579507255296
7,40.9739736380041,40.7007946190268,41.2676801140377,41.2484548354198,40.7794319801817
8,40.9975571529876,40.7339076017273,41.2333583626239,41.1213299981755,40.6951062686391
9,40.9292233161678,40.7999403117881,41.2172279590251,41.2257855531239,40.6570512293077
10,40.8531555050953,40.7752413261572,41.2249338704363,41.2209464511485,40.7096249926463
11,40.9350915060886,40.8325465919029,41.212367209506,41.1752350448653,40.6787602331403
12,41.0247189938709,40.7880877237765,41.3289176447873,41.2145999823087,40.7790669845151
13,40.9090326363789,40.7893387422003,41.1805115664049,41.1614780731723,40.6812845190464
14,40.9962974443845,40.7602142863766,41.3010320601339,41.2720077195951,40.7115392824464
15,40.9505243283386,40.7255949201573,41.2975175831668,41.1949830637392,40.6676077608594
16,40.9457500676035,40.7700035262408,41.2025586727638,41.2472686691333,40.6553457866373
17,41.0066267860224,40.8214978949693,41.2530468327751,41.2063519258645,40.6816172302022
18,40.9843834040239,40.7634317866528,41.2285451399453,41.1665919032249,40.7418367498436
19,40.9340779111016,40.7566186691159,41.2421549769449,41.2795009505043,40.7071071967932
20,40.9408198328238,40.7110427305048,41.2437175134509,41.1994425606961,40.7134778451803
21,40.9037089799675,40.6910903472667,41.1972494669577,41.1934369214972,40.7488480323624
22,41.0472385463913,40.7355693244724,41.195534807239,41.2055909499324,40.7468885461268
23,40.8947673916975,40.7861815168114,41.214057463426,41.1664564308802,40.7108266145458
24,41.0142828210454,40.7806696659635,41.2500458942291,41.2114895705017,40.6739510481278
25,40.9122082750985,40.7628812222992,41.2364044017967,41.2010233088176,40.7051047370136
26,40.9541318277591,40.8122088147978,41.2573123774153,41.1665367961785,40.6836283979892
27,40.9990906038633,40.8617470835948,41.3279618774446,41.2749273860704,40.704692574199
28,40.9832200630257,40.7584556878185,41.3064756834478,41.2603269118394,40.7385678507265
29,40.9648310160358,40.791503923831,41.2330058068,41.1126287409344,40.6432078696714
30,41.0551290964629,40.7972506311056,41.2953118227109,41.2467057487423,40.7579278160247
31,41.0401599002243,40.799999054982,41.2903991506247,41.2574620855142,40.7037850396931
32,40.9855114988153,40.8257163639091,41.154797963048,41.1740256981343,40.6913604054745
33,40.9450990310929,40.7497535653743,41.2368046973159,41.1580289895037,40.7255473805488
34,40.958576132371,40.806730502046,41.2701998861436,41.2255412406574,40.6459334611722
35,40.9213655142156,40.7061652536383,41.2825896619634,41.2676962864131,40.7293490410769
36,40.9550563005729,40.8071350821723,41.2435925074442,41.1604558537339,40.6932444299251
37,40.8973774455095,40.7305640139863,41.2248560695681,41.1969668354142,40.7170023623729
38,40.9084171710089,40.7155698186502,41.2444657359798,41.1563735698272,40.73827491617
39,40.9452416459353,40.792725046301,41.2290937341834,41.1820393729304,40.7362104001884
40,40.880069729122,40.7529406727194,41.2072407387032,41.1934908488863,40.6943039202069
41,40.9720066848503,40.6419436404297,41.2436366970327,41.1263959405397,40.6526453447904
42,40.9962188062346,40.7999069989221,41.2537422199368,41.2378112791487,40.6537290580551
43,40.9720486922718,40.7541064522651,41.1790664996417,41.1436738391039,40.6225980522215
44,40.8891581985746,40.8251254793398,41.2074180332509,41.158113252604,40.6735543219712
45,41.0445586988434,40.8158662459302,41.2560516219502,41.2202982183773,40.7767006175673
46,40.9607088635025,40.7318857726278,41.1991901412647,41.1134912332825,40.7296373975671
47,41.0473549576995,40.8145698239343,41.3099277936027,41.197300120013,40.7587401890161
48,40.9468708895726,40.7555990847231,41.220489728357,41.2104336028582,40.714171631646
49,40.9730637164625,40.7747200089811,41.2589061392871,41.1365569495823,40.6828397253705
50,40.9870449886266,40.7244129225532,41.2605885873424,41.2145060325984,40.6334854017205
51,40.9450933602727,40.7983456714845,41.2490780278823,41.1570856935653,40.5893418948027
52,40.9684093667977,40.7693494009798,41.2142198429093,41.1086118989844,40.6820593226991
53,40.982757152011,40.8096706956658,41.2186433251799,41.221352524362,40.6611941694197
54,40.983758641723,40.7393854443008,41.335664865794,41.2364408653361,40.657297049654
55,40.8395636938526,40.7329841709494,41.2482333926259,41.2460967146328,40.6184366409786
56,40.9561775339152,40.706843089409,41.1283856968372,41.2107921251438,40.5239155846498
57,40.9762856127512,40.7951774552281,41.1958668292257,41.2151692264948,40.7449834876709
58,41.0043602709158,40.9045030634536,41.2287483377358,41.2878663891262,40.7631677188482
59,40.9157044386721,40.7520108088919,41.1760392313318,41.1099186299341,40.5928564147363
60,40.8861822507486,40.7852320883089,41.2607935827659,41.2062815040051,40.7316858241139
61,40.8506506226004,40.6916822577296,41.2180249486121,41.1441793969697,40.6440982810617
62,40.9328483003245,40.6668539094366,41.2001861698727,41.1458909580011,40.6806115734859
63,40.8868945567457,40.7900007142726,41.1777452175267,41.1564557739765,40.6771932593137
64,41.0127695763594,40.7762016201217,41.2106144213981,41.218393226009,40.6734626983526
65,40.9579223813766,40.7246402841695,41.2085074062392,41.1478929631733,40.7336640713274
66,40.9855705084288,40.7301423030092,41.2732768445787,41.1736149335878,40.6461218779106
67,40.9638746399112,40.8019424947917,41.2277828898929,41.1782878354544,40.6614621841798
68,40.989751175361,40.7513720363571,41.197213819815,41.243956563305,40.6947201682626
69,40.9518455595735,40.8530760761425,41.2875168570911,41.210989023324,40.6572665921039
70,40.9137873885842,40.7749473502825,41.2319273104978,41.1757489717943,40.6398466982678
71,40.8952484396328,40.7848251616711,41.2367862749092,41.1578956084115,40.7188999617196
72,40.9499396311423,40.7767491607491,41.2796225624507,41.101355184862,40.6797373656124
73,40.9888570820449,40.7519268227747,41.1879471544436,41.1205652629947,40.6465229778767
74,40.9465799519605,40.7272603250655,41.29323963198,41.2314509867314,40.6059692807836
75,40.8656446630128,40.6677261385315,41.1578558519193,41.1742276180826,40.6727898973111
76,41.0088948779771,40.8356970872209,41.1687149994979,41.2297088458391,40.7389014552821
77,40.9141643466571,40.7537903740253,41.2119882796811,41.084903056194,40.664061014345
78,40.914356847234,40.7605388823906,41.2580130196011,41.1809436713942,40.6566941521406
79,40.8731245798754,40.7908151931741,41.1886953104087,41.1575651633716,40.6308949147635
80,40.9961038288791,40.7905058447367,41.2062048862057,41.1926859498095,40.7709568590785
81,40.9041981881276,40.780434396355,41.2679063034247,41.1183717647528,40.7467616864237
82,40.9613104763891,40.7905347333566,41.2517557976439,41.1632523598905,40.7243724563421
83,40.961848222013,40.8039883998458,41.2779481356733,41.2027928567323,40.7030933711311
84,40.9455971701657,40.736761711561,41.25199634008,41.2118418535006,40.6910955114814
85,41.0141883671195,40.7825716546205,41.2495022635944,41.3218718459887,40.7125667349609
86,41.0191492070437,40.7547078280454,41.3163540667173,41.1635339625608,40.782829710777
87,40.9147025682362,40.6721339529282,41.2051165337577,41.1467709144618,40.660216792523
88,40.9655840208436,40.7506238312967,41.1870957333332,41.1351602309352,40.7362886737744
89,40.9280479582359,40.7353109511257,41.1044732270082,41.1580962974764,40.7235923587494
90,40.8884187872727,40.7804117457537,41.1726402391744,41.1461304533093,40.7073689423175
91,40.9585567512547,40.6825617095162,41.1825270773884,41.1236772927572,40.6777723375891
92,40.9955516352072,40.8984262685317,41.351819714564,41.251683131136,40.7807304447973
93,40.8684696019361,40.7965244433901,41.1827811129108,41.1877339313393,40.7660403966988
94,40.9354845216547,40.7106162126696,41.2622412126718,41.2139996815925,40.6276030941581
95,40.9376810583106,40.7364833682206,41.1822308491539,41.190848989585,40.626949728665
96,40.9700250639905,40.7470350216915,41.2692932043897,41.1690679176298,40.6458325492323
97,40.9080867304259,40.7566917625001,41.1811782101974,41.1920776071882,40.699399860605
98,40.8657317997958,40.7086216916739,41.1667235151455,41.1178235767379,40.6888505146907
99,41.0448807794508,40.7468006452572,41.2975962124213,41.2142483145654,40.6447905377459
100,41.0196466453612,40.8743686023847,41.339513835656,41.2234421761786,40.7810116667571
101,40.9823482481292,40.6997561470184,41.2299180607649,41.1592121657815,40.7233634785468
102,40.9810802640424,40.8296999102899,41.1647627142269,41.1366901814312,40.7416795484116
103,40.920867528645,40.6707458436655,41.1311561913067,41.196965872348,40.650090712271
104,41.0263625823977,40.8089741944836,41.3165876650935,41.192773289325,40.7502659248799
105,40.9142679219223,40.7574816418109,41.2129627115463,41.113689688051,40.7031841755632
106,40.8891438239042,40.7054670207093,41.2085767143135,41.2085484609128,40.7055174063632
107,40.9667864211883,40.7033192242481,41.168466274478,41.133274429039,40.5815432187732
108,40.8960445894678,40.8159601489404,41.2354936384056,41.1916388881023,40.6750955136604
109,40.9190136747261,40.8345558684756,41.2788837094763,41.1553134463079,40.6966190896732
110,40.9697488212824,40.7974839924011,41.2599119810283,41.2155626898239,40.6982393208879
111,40.9367876243859,40.7404770482558,41.2273585364186,41.1829171201797,40.6824896192765
112,40.9571166928165,40.7481300134021,41.1546101351705,41.2080629976362,40.7202210799274
113,40.9063975812205,40.715603514282,41.2298043578893,41.1262682026648,40.6944983783923
114,40.8814661319465,40.6922346599169,41.1749565284498,41.1751019094512,40.6105316396458
115,40.9564204082066,40.7048229998645,41.2314622901533,41.2248408801844,40.6427325083155
116,40.9305422357361,40.741553649767,41.1955491769193,41.0888618872368,40.6637324635036
117,41.0568206919489,40.8435411644707,41.2770338425341,41.1431896739411,40.7000304103916
118,40.9669940667136,40.8543643428567,41.2270045152839,41.2055751894192,40.7357676898641
119,40.9097130516756,40.7443292619562,41.181587187244,41.1209128328488,40.6859916649302
120,40.9070942223977,40.733702431629,41.1955096061198,41.1377303829046,40.6626576398357
121,40.9419272530471,40.7259870111857,41.2086161394589,41.1884403904539,40.7055420746952
122,40.8960594074662,40.6971330589061,41.1559606293379,41.2808513721858,40.6205882942789
123,41.0006578595232,40.781210939876,41.1974843793028,41.1701149529312,40.713632151861
124,41.0332625958052,40.8322761310978,41.3374006961269,41.2632070499328,40.7867762954109
125,40.9302559119149,40.7381130966221,41.2337000383991,41.1830106561769,40.5362744449175
126,41.0184514533578,40.7837682547984,41.3325907157458,41.2185910587417,40.69033069722
127,40.9236428600947,40.814147491217,41.1815117576342,41.1968435955234,40.7467471548969
128,40.9208251576709,40.7282399960381,41.2009755374275,41.1490070730756,40.733649445177
129,40.9391511710654,40.7797679174314,41.1959558285547,41.2594567123661,40.6600220298781
130,40.8996456217368,40.7325335719336,41.2023106003633,41.122720316444,40.626156547108
131,40.9785803908502,40.8023080426781,41.2256812264291,41.2068649408424,40.7354060915485
132,40.8665748645709,40.7695787017574,41.2481395969903,41.1950800023668,40.67791470904
133,40.9602098226231,40.6776749965828,41.2302143882364,41.2474278130159,40.6969602298582
134,40.9680199342889,40.7085741291211,41.1941080656118,41.1933002794012,40.7491238348779
135,41.0042869805316,40.7412826876173,41.2391216397166,41.19820157534,40.7305920449287
136,40.8882262070534,40.7533893881933,41.1776707993847,41.2100912295724,40.7621486378361
137,40.9198239728366,40.8002597543015,41.2113492407491,41.2072865221434,40.6909330539473
138,41.01467747351,40.7758128462566,41.2564330132822,41.1772925598039,40.6702851071665
139,40.9735340923015,40.7912970412039,41.3477624081696,41.2188683612486,40.7242534589471
140,40.9803686469652,40.7143654805162,41.1733017076824,41.0944291393199,40.7632178204091
141,40.9304674662682,40.7638219038733,41.1674123728246,41.2013553017162,40.6347962822647
142,40.9644460666514,40.7698951734909,41.245798607259,41.2291437355159,40.6429474364531
143,40.9596689352313,40.7707530207858,41.3351873510863,41.224743567111,40.6821840904145
144,41.0257547353281,40.7570947986616,41.2432076915252,41.1850277548314,40.7104947389311
145,40.9446354880261,40.7410749914556,41.2338850028,41.1225611197524,40.6668427337994
146,40.9090477343745,40.6845117090424,41.2284791432433,41.1906956434273,40.6240626716312
147,40.9556354155793,40.7791950738884,41.2106949302007,41.2660146500618,40.7459414894938
148,41.0421826024961,40.8106776113718,41.2407384123239,41.2068118889783,40.7321889532373
149,40.9703579927139,40.7707451837496,41.2444183932063,41.1601992809183,40.7741663951223
150,40.9193180817703,40.8058723178222,41.2483120582278,41.1547226128562,40.6181983499924
151,40.8412385399243,40.678221958616,41.0966962010999,41.1566867860332,40.6788977090273
152,41.0048539542963,40.8507210317683,41.2783614570844,41.2333184030506,40.7163823712371
153,41.0415833969875,40.7361853932281,41.2711108022006,41.2450955408697,40.7748132252886
154,40.9886322052654,40.7757005951985,41.1341573408148,41.1379613040927,40.6910302930431
155,40.9776660408974,40.7804854111117,41.3135698035863,41.2127695943785,40.676407367849
156,40.9453628132776,40.7583526691947,41.1987133022523,41.1838728564941,40.7289366827076
157,40.9851966459376,40.7607718357468,41.2696051664696,41.1569053158751,40.7906315210701
158,40.9267509522093,40.7129258696413,41.2163806452216,41.181324410984,40.6485132109089
159,40.9512837472882,40.7308295083753,41.2297726440136,41.1503092770265,40.6360747961819
160,40.9849878339722,40.7808570612315,41.1660326699414,41.192517082276,40.6667916775331
161,40.912610667787,40.7468927213392,41.1071591428558,41.144050921634,40.659889766842
162,40.9935763947745,40.8448600630587,41.3047348674488,41.2204284181507,40.8151740181341
163,40.9910486909589,40.7115856373033,41.176870619562,41.1401566999005,40.6949726268644
164,41.047505612196,40.8334799368902,41.2775276064954,41.2327598239164,40.783717699672
165,40.9437864163504,40.7151110434013,41.2376749413345,41.1626647007892,40.6747447479755
166,40.9811772257141,40.8240395627359,41.2867757473998,41.1854040470598,40.7366380750853
167,40.8772654884671,40.7692607957293,41.1725015763354,41.1644899345948,40.660126756661
168,40.8877583161282,40.7392581928221,41.2011156318157,41.206523188375,40.6390807561459
169,40.9406931284315,40.7307216665018,41.1870670172,41.1419041802557,40.5904044626983
170,40.9267199483785,40.8760956749484,41.2727972028875,41.1478828019092,40.6794148688628
171,40.9658051356297,40.7915947264532,41.2509113448698,41.2522230268477,40.680391276504
172,40.9747051782632,40.6799402843014,41.1742871893148,41.1318192538431,40.692740795019
173,40.959217764282,40.7926490286464,41.2621968614318,41.3133267162109,40.615238320663
174,40.9691708751767,40.77677120561,41.2505990451514,41.2066554915847,40.6666047546049
175,40.9535645472598,40.7876959764837,41.2027933215865,41.1553439172156,40.6903727785872
176,40.9960317439935,40.8325491734965,41.2668980802487,41.1710835233099,40.6440979923042
177,40.8530443114817,40.6561845973578,41.2175690915884,41.1322002592484,40.622974774691
178,40.9811171906794,40.7566368292816,41.183176702414,41.2307299865271,40.7482204867707
179,41.0088538716527,40.8204941491423,41.2630666395469,41.1383034889427,40.7784772660131
180,41.023570004499,40.8318175066503,41.2592704148192,41.2037641547937,40.7611974942801
181,40.9707746811377,40.7827410424764,41.2698375346404,41.2445037226843,40.6936885724324
182,40.9184068555297,40.746498108593,41.2221527109446,41.2069749865001,40.6703872764525
183,40.9351537811518,40.7123716554557,41.2094588094451,41.1812287722765,40.6218486346219
184,40.8998143356037,40.7730727482806,41.271424598447,41.2222815958156,40.6420954040424
185,40.9670221533426,40.7398676140374,41.178347722636,41.0894520540351,40.6490839653975
186,40.9660380064697,40.7750411991342,41.268554590908,41.2221522897562,40.618291217255
187,40.9494100847212,40.7006116748737,41.1670388881717,41.1276709508941,40.7270154453983
188,40.9538320785849,40.7811349258597,41.1705128792365,41.1588885718923,40.6428037410579
189,40.9497341474672,40.7522641998808,41.2804859157556,41.1746381612714,40.7310614940466
190,40.9609554886868,40.6974732968934,41.2165597057069,41.2137910850101,40.6419847225307
191,40.9409395582116,40.7630600322533,41.2017710673172,41.1264796204706,40.6708363409987
192,40.9546311913098,40.7655941652343,41.2866297652146,41.2252572188071,40.6654343386226
193,41.0104535179012,40.7671034519451,41.2192051551195,41.1662358484404,40.6768790729656
194,40.9812802389591,40.7763107639291,41.3017239036055,41.1962681286653,40.7658782243434
195,40.8530149759621,40.7275815709188,41.1675498411449,41.1556926193609,40.6764614022258
196,41.0034486405971,40.7657286155713,41.2354835367933,41.2958392227046,40.6538515536952
197,40.9304213775793,40.710494808246,41.247638891013,41.1955516595674,40.7140721620464
198,41.0588102993075,40.7617510299696,41.2131783425784,41.1620331926055,40.7152628497097
199,40.9616067922919,40.7793287754597,41.2014914138211,41.1237166023394,40.6734649230441
200,40.9147553811021,40.7580671373163,41.239702176667,41.176008739742,40.7015559609094
201,40.9176746101521,40.7449318488771,41.1512616253863,41.2401222094701,40.69944885854
202,40.9441115155862,40.8618677404206,41.3158051822662,41.1169135596162,40.6791507503463
203,40.912750038751,40.7643918605504,41.2190343779004,41.0944807805041,40.6325568624375
204,40.9263868192002,40.802684974064,41.1939426601246,41.1917915976351,40.6380283360775
205,40.9637011584556,40.707254469122,41.280696493319,41.1521232935991,40.6649905537287
206,40.9445788188802,40.7394835879311,41.2047388542853,41.2399815340063,40.7553287330503
207,40.9450508710061,40.7269333685965,41.2030563946227,41.1935398439043,40.6818060029938
208,40.898640165173,40.7739432124804,41.1811471561647,41.1522686798803,40.6438759672727
209,41.0046000230135,40.737598866205,41.2349689309837,41.2203622027868,40.7099332392518
210,41.0548137138443,40.7236413685575,41.2066430105755,41.1703394747657,40.7411625677568
211,40.878793740063,40.7541542553122,41.2142725828797,41.0958590603231,40.640316256637
212,40.9911789606535,40.7555296578073,41.2135205918269,41.1763434634628,40.7764126626362
213,41.001019094222,40.8310520684662,41.2603002472809,41.2394952716368,40.7346216602536
214,40.8718357446664,40.7269187704938,41.2252048634621,41.2107382572128,40.6237288072387
215,40.9614786505518,40.8018062200691,41.2519242550864,41.1607933425452,40.6933523731876
216,40.9013648398829,40.7560596492333,41.2475090437193,41.1544422737718,40.7048549641033
217,40.9527164519058,40.7949430679115,41.3184870606735,41.1844355170496,40.8056626124266
218,40.9674513839049,40.7370240750599,41.2872367022077,41.1829010166305,40.729456815433
219,40.9424786388821,40.7867918144274,41.3497009840615,41.2254446223255,40.7391157187047
220,40.9839981771854,40.6770063424289,41.2624076069456,41.1197295963813,40.7275623137746
221,40.9011874833611,40.7649495833708,41.1632861763672,41.3325298553883,40.6450132291781
222,40.8670183857792,40.695353343933,41.1956964314561,41.1345060823024,40.6137057466722
223,40.9337929346454,40.7207231063728,41.2224613347113,41.155864537213,40.6596209793706
224,41.0541340614415,40.781183297495,41.2659561091645,41.2345009894137,40.7162757833388
225,40.9530293542938,40.7253123365098,41.2833729101379,41.16264308915,40.6542036187637
226,40.9496567148506,40.7224429765138,41.2584587695607,41.1264807888251,40.6564045059524
227,40.9730950210737,40.7259760683888,41.2609449469803,41.1539650298533,40.7469778717772
228,41.0005427356375,40.7541296255707,41.3556194163938,41.1849388631553,40.8118394882797
229,40.9496953152416,40.7636502184215,41.1904722581734,41.1575560917823,40.6753528000931
230,40.92253680667,40.7008472679226,41.254110570778,41.2392275358146,40.7087411837121
231,40.9969886595708,40.7719465677574,41.2976779557837,41.2348487415405,40.7015561297589
232,40.9524708762487,40.782404251562,41.1861078969408,41.1555153000534,40.6844117716524
233,40.9659226155272,40.7570535455035,41.2363998097151,41.2552666134983,40.6561989369741
234,41.0288707060831,40.8194203311325,41.341091543343,41.2018434418236,40.7534611713676
235,40.98124807386,40.7284722715827,41.204690783945,41.1226242302032,40.627323231367
236,40.9329409200459,40.6610494507,41.2087215133155,41.1366824747893,40.7291560457533
237,41.0262973184938,40.8456330029896,41.2982013735327,41.2659056698407,40.7133007788341
238,40.9500729879351,40.7427694760984,41.2510270655241,41.1603595984934,40.7075981568986
239,40.942257820277,40.7445314778457,41.2096380479794,41.199617709692,40.6705094304169
240,41.0609042039548,40.8642340467747,41.3310118523243,41.2468957587946,40.7488213862124
241,40.9540088204633,40.7604542209624,41.1465797734467,41.2473886764645,40.7372532372786
242,41.0196767369599,40.7550345727737,41.1698393192388,41.1625315330613,40.7248067355168
243,40.9073164090362,40.7965368679115,41.2416084800581,41.1799325292316,40.708027999017
244,40.9417054898027,40.7630988488526,41.2331114329407,41.2220336188338,40.6642948854639
245,41.0084678265459,40.7914819107825,41.2545491622784,41.2818356055969,40.6651563298703
246,40.9596772316028,40.7521771456842,41.2646802471403,41.2315192038367,40.717487906408
247,40.9774115617752,40.7990419969567,41.220073516197,41.2017927313342,40.6118496550778
248,40.8665897076385,40.7440951246698,41.2535279760277,41.2100029367327,40.6483411922867
249,40.8877638173148,40.7639651820669,41.2288455756882,41.0809011581909,40.589530255019
250,40.9251727236465,40.7658545251822,41.2755352647732,41.1671132538679,40.7088802925454
251,40.9396007040356,40.7440109491293,41.1905436626288,41.2133723642064,40.7070175951215
252,40.8470526886886,40.6618545262432,41.1947523159511,41.0923922226777,40.6190095691411
253,41.0257596290925,40.824541953326,41.3759623868674,41.2492693975076,40.7064527352961
254,41.0458215577996,40.7994934918634,41.264361113465,41.3163500557473,40.6867953588021
255,41.0027682604776,40.7521145411813,41.1326857868666,41.1936310631343,40.7850085912016
256,40.9981057155997,40.7912551763983,41.2621321167926,41.2063061679388,40.6767844273439
257,40.9249896593809,40.7102796379914,41.2966853279552,41.1614762490728,40.7544824302604
258,41.0208266460099,40.8356512781323,41.2615153215364,41.2601624998662,40.7013987722113
259,40.9710788321899,40.7359573008137,41.2880616130196,41.1944926116822,40.6778968363877
260,40.995458158779,40.7900889245336,41.2570906923066,41.2100503551377,40.78557452832
261,40.8670683770178,40.6945280852957,41.1908153456989,41.0785806420599,40.6262671094117
262,40.9282296234075,40.7937299586333,41.2869037294783,41.2585501740092,40.7153364993109
263,40.9693204363808,40.8152324344664,41.1955321473831,41.2454788952068,40.7092441897027
264,40.9156288919258,40.7735300607023,41.2256392738506,41.0937583063712,40.7207866219744
265,40.9291294184157,40.779583350264,41.2347186963692,41.1547795356274,40.6680097153156
266,40.9233862625635,40.7229488461648,41.2091887752366,41.1638543794249,40.6515224786301
267,40.9834426677128,40.823166438764,41.2623731161756,41.1897259800792,40.6915767899468
268,41.006636771162,40.8621519657841,41.337155991124,41.251196759632,40.7125639370236
269,41.0333176488153,40.8173612555567,41.2936581797555,41.1755027614227,40.7258216786842
270,40.9920200646686,40.7799709539098,41.2992533920886,41.1950423448894,40.7879211542464
271,40.8831904863266,40.7464360607829,41.2699523474837,41.2430082322748,40.6398721367735
272,40.9694420238973,40.7732019690421,41.21207935198,41.1180684997285,40.6224845669775
273,40.9926596045721,40.7430415041032,41.1928014682572,41.1858600244968,40.6731143991367
274,40.9141870519677,40.7732685251047,41.1875780609522,41.1102272213821,40.741729351151
275,40.8624294817709,40.7633590218776,41.1994289457479,41.168714821526,40.7118942941675
276,41.0971100555086,40.8174378574818,41.3226922062911,41.273094907755,40.7762005712087
277,40.9345194472615,40.7371982894857,41.2097820741658,41.1176513211753,40.7161629057466
278,40.983197513323,40.8235026632818,41.2251213440945,41.1659263246278,40.7531447152863
279,40.882322414956,40.6884739285769,41.2753065537646,41.183985020714,40.6852352334764
280,40.9549763211334,40.6920731610499,41.248576097207,41.1911726201529,40.6963841895867
281,40.9031391192054,40.7436556368749,41.1981959901447,41.1750302885004,40.6432169761928
282,40.9078324239396,40.7438494660798,41.186994479286,41.0688108798528,40.7073773111579
283,40.9320928544851,40.8439748138387,41.2739823367337,41.1402393729176,40.620882341689
284,40.9023479501692,40.7288997995925,41.1354605514124,41.1815105192217,40.6635411587056
285,40.9485980043472,40.7361850613657,41.1618645724341,41.1762551881814,40.6472433377387
286,40.9578769899693,40.7606237114722,41.2399262048386,41.1674128532266,40.6284427913805
287,40.9983745616066,40.7340437486762,41.2258225282607,41.2143607151418,40.7798379106317
288,41.007983532538,40.753387229503,41.2424976044129,41.1878181681061,40.66759993876
289,41.013325712152,40.8645180542086,41.2430427356518,41.2586805812605,40.8373346831513
290,40.9546768388575,40.7099111141865,41.1976300726327,41.1383667338668,40.7068511781278
291,40.9498808065919,40.7298705638797,41.2665496410087,41.1803276698665,40.7354689378902
292,40.9848362647908,40.742685746734,41.2678883996004,41.2757556523725,40.7215508525923
293,40.9813953126042,40.7838089993149,41.3307499768662,41.2874142873401,40.6852212202596
294,40.8880372091989,40.7152439492057,41.2213606197955,41.142845519223,40.7372591245792
295,40.9839722277279,40.7996235602863,41.1850238433941,41.235041040071,40.8157860129121
296,41.0241958602995,40.7676790871374,41.3136547429699,41.1476572167358,40.6871524175159
297,40.9948090856192,40.766864745487,41.228134496498,41.2169896050279,40.6589721074991
298,40.9644461850384,40.7810901411805,41.2620848279032,41.1536432038131,40.7812433528076
299,40.9583071226251,40.792134970719,41.2571501052562,41.2255322871647,40.6324432164479
300,41.0112391053835,40.7248231025491,41.2321418155705,41.1663951164701,40.709290606669
301,40.9920130737316,40.706996067351,41.1855232769768,41.1659736878616,40.7139888037858
302,40.978305069863,40.7773893316002,41.2391801992455,41.1799938543906,40.6631787316653
303,40.8269720296799,40.7415783592687,41.1705435765851,41.0769517430668,40.6632332561291
304,40.9403616246751,40.732419850226,41.2089940442233,41.1460118070557,40.6675311226826
305,40.9143180131975,40.7412850897716,41.2901613643616,41.1882430294482,40.620872702808
306,40.9324409329119,40.7132179792051,41.2762219230042,41.1496869841746,40.6670131088089
307,40.8920055691941,40.6673642719322,41.2245690119414,41.1639195101456,40.646616648552
308,40.8621938043507,40.7440142324296,41.1825343161334,41.086358427991,40.5935344895876
309,41.0057923117873,40.8485212964346,41.3027244970023,41.2605767060127,40.8434513877301
310,40.9258034263143,40.7404203898686,41.1558065123686,41.1477940581142,40.7096433941462
311,40.9340100860716,40.8632946090008,41.239415220509,41.3120112586556,40.7125459254331
312,40.9592550919376,40.7413279047718,41.2882272410957,41.2179113603161,40.7491011737611
313,40.8737986877633,40.7239150536962,41.178527353102,41.1311451248254,40.5895347486537
314,40.9399701772093,40.7657401547327,41.2186641477905,41.1798328584722,40.6689799465048
315,40.9498284831255,40.6926558217525,41.1827052343065,41.2119331065768,40.7489311086525
316,41.0330640185233,40.753502645248,41.2283794921028,41.2562514858985,40.7870178899639
317,40.9930484027859,40.8017507788266,41.2275318101548,41.2092001256598,40.7484772598095
318,40.8993091760153,40.7341577162475,41.2350123799433,41.1962644072816,40.663413070998
319,40.9636831577528,40.764896735597,41.1033394159024,41.1814721050426,40.7235073881618
320,41.0072103174736,40.7850316419319,41.2640178083764,41.1785090386331,40.7481406205244
321,40.9385516581426,40.7820555557512,41.2005392365902,41.1098188679865,40.7429637244486
322,40.9205127281133,40.638625981149,41.203207362894,41.1385115109051,40.5896430385698
323,40.9526908682828,40.7362674985815,41.2225138620682,41.1990631161976,40.723785500382
324,40.9820130989988,40.8021869830456,41.2511568900305,41.1605269134934,40.7584025227778
325,40.9172965245136,40.7225750240885,41.1122751009973,41.1287905463159,40.5920894779272
326,40.8916556185455,40.8058385517582,41.2415428619127,41.1926264776136,40.6832593016077
327,40.8717516634333,40.7349250836466,41.1595691868761,41.1804608516259,40.6693327841665
328,40.9358218982719,40.7879753942667,41.1434841514672,41.1723826162129,40.674613347391
329,40.9294864703757,40.7810294420151,41.2737119143277,41.119206529446,40.7330568182746
330,40.9154312957416,40.6994125498997,41.1478725657105,41.1754305326161,40.6165960831992
331,40.9674866694455,40.7068477908087,41.2168874727105,41.2291796837371,40.7182111531119
332,40.9894092407303,40.7496624637708,41.1763766750113,41.1667926672184,40.6864461670785
333,40.9659618613246,40.7962049725209,41.2312132799444,41.195166685042,40.6532123162135
334,40.8608100917669,40.7007672948477,41.1536732406734,41.1574125235607,40.606778928814
335,40.9749986384827,40.804245212108,41.2531388725942,41.2263459269171,40.7012447816071
336,40.9389573653309,40.8005971696836,41.2340971081633,41.2653121514023,40.679340524975
337,40.9104577622764,40.7240992510259,41.2105919116053,41.1223570182434,40.7017856927107
338,40.9825104372618,40.8542352796134,41.2035911757083,41.1196655685593,40.7645271969837
339,40.9792971032904,40.7538245742345,41.2653481655393,41.2352137721676,40.7265414822174
340,40.9895791026567,40.7838298164175,41.30988156931,41.1724976962989,40.6386671232174
341,40.9346064257357,40.7933480104823,41.2004405761112,41.1630173315347,40.7525973134722
342,40.9730272185919,40.8433663610284,41.3168182773316,41.1486833059192,40.7079647641711
343,40.9664668824952,40.8102826810877,41.1852950581899,41.1745314409833,40.7060805000153
344,40.9474731067996,40.7105985587104,41.1927898028407,41.1893846124263,40.7921896083827
345,40.9902842527816,40.7380363873957,41.2384366213604,41.1044877162225,40.7003283254345
346,40.9204694167835,40.7690612540334,41.1684157158545,41.1447001006029,40.7281394245566
347,40.9863289208814,40.7909565557649,41.2342968540196,41.2564216401736,40.6071675087013
348,40.8769611916687,40.6714184401086,41.219805367725,41.1418390295266,40.5964994560912
349,40.9572722638437,40.7815957924366,41.2608633589554,41.2007749855198,40.6933610000558
350,40.9524195650918,40.7402844345696,41.1941730869867,41.2387644692583,40.7094055562878
351,41.0049541397633,40.8083997943632,41.2727121470018,41.213790805118,40.6924066791113
352,40.9113390859638,40.7722066835195,41.2178755505235,41.1825578807475,40.7048764842233
353,40.9929274056622,40.8202025872524,41.2336927674093,41.0904623641844,40.6467052306092
354,40.9421148027767,40.7939478179118,41.2700294114377,41.1691924260302,40.6662441780857
355,40.9329347663104,40.6981769501527,41.2106518441749,41.1301440474334,40.6196652792287
356,40.8840941180684,40.6766429730055,41.1526855716178,41.1560122961186,40.7058333995711
357,40.9675791669342,40.7116971513164,41.1999817268127,41.1347314655749,40.6467380705508
358,40.9842308380299,40.744997324774,41.3146668566767,41.213485473051,40.7659458138181
359,40.9523705528509,40.8289864417851,41.2450774439126,41.2068557257758,40.8052626061685
360,40.9892837322807,40.7732021502831,41.2845091832626,41.2105278370157,40.7676062955557
361,40.893495955125,40.6463928193626,41.1682924860279,41.1146772045999,40.6068154627479
362,40.9088640714074,40.699869459432,41.2267063651158,41.1973967732291,40.6378517136651
363,40.9782066041653,40.8482454709304,41.2200553352164,41.1943042872281,40.7801965627228
364,41.0100517945369,40.736485194817,41.2119405476469,41.1735484289265,40.6721030517649
365,40.9711671334128,40.7823621837437,41.2614914978411,41.249379419817,40.6142791750274
366,40.9823024455424,40.7411874508612,41.2529200420146,41.2154679519263,40.7109901617992
367,40.9868936982367,40.7889543602719,41.2548238043471,41.2140909144939,40.7539589214141
368,40.9440929532739,40.7916715764725,41.2512471209166,41.2099967431778,40.6675422045601
369,40.9962949408328,40.7390341683056,41.1764571229331,41.1814046628417,40.725180541464
370,40.9863280782074,40.7508278283386,41.1895972154647,41.1361069152361,40.6393903503045
371,41.0281187661052,40.7608396516865,41.2276775809636,41.2296415501593,40.6431386772588
372,40.839255518956,40.6927023978222,41.205849561848,41.1389418230339,40.7139129751175
373,40.9314233480145,40.6937779399387,41.2151343554091,41.2145513764526,40.745115562514
374,41.0055779414163,40.7537390391969,41.2809037643549,41.2474959752587,40.635998249518
375,40.9509289167433,40.774999727249,41.1985378508647,41.1989605317956,40.6087071976934
376,41.0438338838339,40.78699097094,41.214769402217,41.1777829890589,40.6894213487764
377,40.9941137982834,40.7938935408108,41.1957591747258,41.2052205653521,40.6952137016017
378,40.9244178984294,40.7225694132722,41.3016461993112,41.1972554027197,40.6906668754248
379,40.9480619380645,40.7238778536706,41.2580637207908,41.1980778786438,40.7456533255488
380,40.8724025209575,40.7465446062378,41.1713367540316,41.1510647070764,40.6515152149055
381,40.9377157467699,40.7730281070487,41.2787143443131,41.1847673028322,40.6711722026871
382,40.9909977193876,40.8416117210866,41.259481509468,41.2655217267973,40.7232097387878
383,40.9896523844298,40.8298825988906,41.2212019927409,41.1550901966697,40.6775357898246
384,40.945474360686,40.7530225793304,41.2462644844884,41.1223905006907,40.5956935349502
385,40.9359789390988,40.8022596709895,41.2487637228577,41.2733671865745,40.6803597440794
386,40.8773299110736,40.7094217155393,41.1850601311542,41.1591468409159,40.6760314185745
387,40.9972672601409,40.8110337505814,41.2874372257527,41.2558757198758,40.7538239705303
388,40.8986022805115,40.7005127135888,41.2047660258172,41.1422847104784,40.6663197546004
389,40.9689052664438,40.7760946755238,41.2456973632845,41.1727178559912,40.7557950838884
390,41.003142973108,40.7399615797792,41.2714868657205,41.2353772869133,40.6215425745264
391,40.9182597810194,40.7562715573849,41.1922461913805,41.2233338722047,40.6165893658068
392,40.9888805334523,40.6967756283824,41.216959798383,41.0863973416201,40.7294190568295
393,40.8925318910655,40.7177825549533,41.1192729966775,41.1997570788786,40.661890666533
394,40.9751438281651,40.7689898702553,41.2196901626905,41.1834728798266,40.6643145979909
395,40.9026991690723,40.7572141169284,41.2285796054668,41.1032749265477,40.6113887041613
396,41.0060297580555,40.924255126707,41.3110715379359,41.1201649969609,40.803764459982
397,40.949208735411,40.6857629237473,41.179659834563,41.1276266660003,40.6960447411366
398,41.0320089081945,40.7341459430595,41.2195281999855,41.2181916545554,40.6607234313929
399,41.006750781031,40.8194203023944,41.3261220606906,41.2334399986186,40.7058154292989
400,40.9392432403017,40.700770908157,41.1443485683401,41.1868736090798,40.658993943983
401,40.8745527010037,40.6943842649665,41.1720485950632,41.1790108423865,40.5996061895701
402,41.0479230067061,40.7919413161915,41.3002524004469,41.2462933544647,40.7067529569156
403,40.9913326555947,40.7297808593683,41.185579895266,41.1377336172587,40.6833968685283
404,41.0099427471056,40.7512288010064,41.3246484563984,41.1938823795633,40.7426191550316
405,40.970659530547,40.767437296056,41.2510153907977,41.2969943028214,40.6882309581074
406,40.9630080387172,40.801037285799,41.2199017074899,41.1683661685608,40.7150869009302
407,41.0056731703854,40.8180841031381,41.2513770189735,41.2447224485283,40.7114997197185
408,40.9337042863553,40.7600370498849,41.2679254155376,41.1899115768376,40.5952954392512
409,40.9547012314839,40.7547224371293,41.2098082775696,41.2178976558423,40.711845276708
410,40.9470191413858,40.6811011914709,41.2642010226007,41.06851620007,40.6883545879199
411,40.9305472474271,40.8144444848733,41.2628018398688,41.1863383717336,40.7257579494003
412,40.9807904735594,40.8169039534759,41.1952573572523,41.277504571952,40.722732396075
413,40.9955307945066,40.7579257650126,41.3103725032236,41.2014901264237,40.6596712568432
414,40.9130682811177,40.8200894144369,41.2260838739744,41.1565546169761,40.7569310376136
415,40.9260465461531,40.8224095461643,41.3426843580988,41.2346848528924,40.7607664562282
416,40.9372097562216,40.755086027795,41.2523360004257,41.2331512696211,40.7268643989091
417,40.9630758214523,40.80725955163,41.2581345841875,41.165131852162,40.7430495417779
418,40.9094862553648,40.7076849583245,41.2479683938685,41.1058045658242,40.6930177837009
419,40.9032893306146,40.7089594891746,41.1201199214884,41.1818137281659,40.6742990941235
420,41.0386788737374,40.7934570421051,41.2724304842608,41.2170831980686,40.6713011592199
421,40.898400328582,40.7686825996735,41.2474042215388,41.1283109676409,40.7050003502576
422,40.9614094308217,40.74120029312,41.2395205239648,41.1890031568132,40.7287722457288
423,40.9129505666558,40.7936193479183,41.2328461899532,41.1142995315651,40.6442473110943
424,40.9657008145788,40.7357841714599,41.2539368998658,41.2189003310333,40.6922443478126
425,40.9858666304977,40.7522675749884,41.2605879565621,41.1713693529105,40.6731953837143
426,40.8946570535263,40.7879210512068,41.1298304182204,41.164971151972,40.6773511872558
427,40.9353247555271,40.7716136538134,41.1892320757868,41.1695734537641,40.5719334312317
428,40.9274673393995,40.7531093991945,41.2117411424064,41.1951882967152,40.7129069086776
429,40.9128074325793,40.8145474312469,41.3058814823591,41.170175671426,40.660865687372
430,40.9459693712895,40.7038051667845,41.2008266878729,41.163955988623,40.6963456070294
431,40.9850460597434,40.7825082378425,41.2149239242902,41.1894060179602,40.7686280197577
432,40.9648362934388,40.7644179004962,41.3372469529894,41.1828377416918,40.7582715651699
433,40.9891682681432,40.7582838518276,41.2421957167189,41.2320507301106,40.6464500919696
434,40.8796963367345,40.6629013616031,41.2079369640342,41.1194053356326,40.6652659260667
435,40.8918796690207,40.7107206219978,41.2384588946172,41.1220186195887,40.6282273899248
436,40.9054069320299,40.7180860420961,41.216349882038,41.1814761415387,40.6798446353464
437,40.9022605677051,40.7600931568746,41.1911338045151,41.1923809026001,40.7401563042714
438,40.9515689577369,40.7285700988648,41.2943245810977,41.187242181254,40.744845204945
439,40.9697742627961,40.788414020959,41.252410183062,41.1750731123405,40.8026547688963
440,40.9595856341132,40.726772962119,41.2468657743027,41.2213336330774,40.6746118936848
441,41.0352630179394,40.7862312609857,41.2836229465888,41.230389084691,40.7900177939627
442,41.0203458948599,40.8342928178675,41.2556661507839,41.2290097690318,40.7533618898544
443,40.9175627687557,40.7362906300059,41.2177356539502,41.2058015917141,40.6806796114695
444,40.9241550353855,40.7580097588975,41.266908515119,41.1822198309564,40.6281945465178
445,40.891379265031,40.7074787085834,41.2291515061046,41.1871741777902,40.6942225431123
446,40.9062515871523,40.7694506367611,41.1860331507982,41.1470942546519,40.745772419125
447,40.9902830289373,40.7952895521437,41.2163489231626,41.1404610137079,40.7569026712385
448,40.863598656983,40.6984844812743,41.2008647146576,41.1310602778555,40.6526274097468
449,40.9342517194966,40.7271257652556,41.159424088548,41.2225586132064,40.6740768988774
450,40.9467343563611,40.6892162363473,41.2420920230597,41.1832059776993,40.644379211736
451,41.0317883966103,40.7901203805907,41.3417329505627,41.2662869226829,40.7145801008452
452,40.9923049339439,40.7422825950095,41.2778437875526,41.1637466381574,40.6385331879844
453,41.0357293826129,40.8630951959391,41.2426456234292,41.1426497901796,40.747394126146
454,40.9696617358886,40.7812020335137,41.2111729999312,41.2171419563898,40.6810060884435
455,40.9997319403271,40.7781775457101,41.164766808367,41.1993004170443,40.734988799806
456,40.9184737356675,40.7861165723668,41.2595215225286,41.2152874957197,40.7337575787109
457,40.9605519711241,40.7692500972276,41.2051099681789,41.1329609084135,40.742796226223
458,41.0535913280853,40.8625949420593,41.3592825690803,41.2504792248313,40.7063585960502
459,40.9336986066579,40.8015428169306,41.2535842612577,41.1786077659135,40.6727167464476
460,40.9755582679572,40.7380796048264,41.2153198118075,41.2293278395177,40.7065914401
461,41.0458242471607,40.7967783007103,41.3619037247136,41.2346484850702,40.7463859079612
462,40.9199446389481,40.8362790411024,41.2478101877585,41.228549416799,40.7083630240419
463,40.9940005760469,40.7569239524879,41.2368903073369,41.2069392769224,40.7065854807728
464,40.9418969788745,40.7187540562978,41.2020928106048,41.1964115291366,40.649387052558
465,40.907596223231,40.656152588863,41.1868910064904,41.0571949386159,40.6674462410977
466,41.0165339732069,40.7763010830681,41.2121431509664,41.1605355200566,40.8066980428333
467,40.937373883825,40.7417233797777,41.2606197935127,41.1674161514738,40.7464754587422
468,40.9839621780204,40.7512039224122,41.2427785053443,41.1931976178563,40.6699017915642
469,40.9340187870072,40.7239327069126,41.1725431642562,41.231938889849,40.7021013191746
470,40.8735024451657,40.7241961074405,41.2087938083268,41.1730984686744,40.6977272051148
471,41.0700666561407,40.8149552792558,41.3598916483337,41.2684544137403,40.7620603682124
472,40.9267449390919,40.7732287815643,41.2580499914544,41.2675545749759,40.7501219665774
473,41.0113255108463,40.7795041023522,41.2628868503908,41.1756214059656,40.7254120231725
474,41.0160695271706,40.802610942865,41.2317512659521,41.2275184573236,40.8501263232727
475,41.0387385275318,40.8281548180348,41.2858450683626,41.2398820630495,40.6488118592023
476,40.9493716799759,40.7061598672494,41.2307798810243,41.2162430573976,40.703488222472
477,40.9858090703887,40.8079677962579,41.2346621763324,41.2090533063309,40.6880853905822
478,40.8946625014667,40.7526273066323,41.1728471636664,41.0634047724873,40.6813074938447
479,41.0146418850118,40.8234563677632,41.2386528655813,41.2289454919919,40.7034834096006
480,40.8761080663009,40.7509099099663,41.2084116690121,41.1913903388717,40.624369551376
481,41.0118832448655,40.8057567930236,41.3709249822306,41.2060236848718,40.7597785029593
482,40.9103064639476,40.7089348998571,41.1842512020088,41.2710602490987,40.7628733546948
483,40.945588127988,40.7752628422537,41.2434625547201,41.2402106739949,40.6363346851828
484,40.9126520411694,40.7113704551433,41.1474294896482,41.0873967524975,40.6070617472169
485,40.9849742144266,40.7746255984636,41.202346907104,41.2395660637648,40.7289689520762
486,40.9209523433531,40.771246770888,41.185578621198,41.1431926341377,40.6435839086168
487,40.9433374601126,40.8187836924669,41.2152444118266,41.2389410590292,40.7652940562166
488,40.9465203443283,40.8064070522093,41.2460328601242,41.1853846609905,40.7318298661547
489,40.960083554516,40.8087018243575,41.3425597184142,41.1759259640585,40.6538429356053
490,40.9277259446305,40.7156099048489,41.2481933156945,41.0839729986445,40.6462296681984
491,41.0165701892336,40.7866704359093,41.2188577666616,41.2256192028067,40.7546485760738
492,40.9973916235554,40.8108603187941,41.3074597722889,41.2044734193189,40.7599470243419
493,40.9889701245496,40.6808746215889,41.2074061122738,41.2465847302917,40.6429118159744
494,40.9992745505354,40.8214591990556,41.2443723881685,41.1976677323127,40.7579070736413
495,41.0578316218553,40.82127923453,41.28096743019,41.292557632277,40.7525624657821
496,41.0120229048198,40.8395685978537,41.2120623041987,41.1849114325209,40.7441409855627
497,40.908319441446,40.835190037803,41.3118813385727,41.2144427002579,40.7864457247797
498,40.9425644053916,40.7112796845636,41.2495351027256,41.1384264984748,40.7055753596924
499,40.9167748453905,40.7827320220257,41.2487869386768,41.1587373491308,40.7232582861947
500,40.9880444217026,40.7587289296696,41.250851220396,41.1640722768838,40.6917375233914
501,40.9626245931805,40.7328202298334,41.222908561172,41.169021162102,40.6253733727784
502,40.9161470753647,40.6937884454625,41.2452243567659,41.1082012828081,40.6193720289482
503,40.9457249993396,40.7476504117005,41.1936333581398,41.1747878818944,40.6734422051885
504,41.0665069132175,40.7845248390085,41.3385410318414,41.2760093207723,40.7605528643956
505,40.9847342674494,40.8309975663937,41.2185599277076,41.2274052662899,40.6885040297785
506,41.0650036958886,40.7658040352757,41.2883021672609,41.2807486768659,40.6909125411239
507,41.0118798361695,40.7955084466788,41.2596274725232,41.1997135975584,40.6960993425071
508,40.9124367531733,40.793566751139,41.2410309079406,41.2385263575008,40.7498133312197
509,40.9456623257157,40.688310430976,41.1900832283568,41.1394848759277,40.7746398691662
510,40.9728178546154,40.7935668873394,41.2917301835913,41.1340871620744,40.7955129921641
511,40.93095521561,40.6426407397772,41.2025756724336,41.1602819455792,40.6667662481404
512,40.9862680839165,40.8338545983,41.2210797250197,41.165237363694,40.6979257806211
513,40.9167089006191,40.6864024758119,41.2060129806398,41.1910104814942,40.7198080190201
514,40.905723359575,40.7374348225853,41.2003667229069,41.2013445110561,40.7035278898477
515,40.9745169299285,40.8010282462619,41.2740878339631,41.2072109437718,40.665445299162
516,40.9665597779563,40.8339255654007,41.3248485610066,41.1788304257126,40.7131760134552
517,40.9793879447374,40.7707058920354,41.2179503577902,41.1451839442159,40.7077870544602
518,40.9306621103023,40.7253935325766,41.2227861857505,41.220476329747,40.6021291431087
519,40.960905894199,40.7679970481228,41.203983671679,41.1647485291454,40.7441814583162
520,40.9173507551051,40.7248564082927,41.1574280034037,41.1699012620206,40.6614608530306
521,41.0656195693361,40.760752201905,41.288911904837,41.2346233169575,40.7448782262102
522,40.8849190924259,40.75758087906,41.1658241325972,41.1330373339875,40.6526391406582
523,41.0126491071656,40.8048764463144,41.2875044367493,41.2716076308399,40.748456669125
524,40.8568003053926,40.7472863675689,41.1677031456219,41.0901579766999,40.5960317780685
525,40.9680852382446,40.751000595013,41.1995149447951,41.2190586024775,40.6171230379821
526,40.9612368002376,40.8210030329853,41.2400504753494,41.2203053247956,40.6215519906475
527,40.9302351117963,40.7697226516712,41.2824310303302,41.2469422197603,40.7743385529004
528,40.9189789337676,40.7942480415058,41.3395418927368,41.1726595882181,40.7359802427791
529,40.950677613336,40.7383533802095,41.2442163719701,41.2495880611726,40.7732223632688
530,40.950735028348,40.7253359711095,41.2566589158803,41.2762185794047,40.6786074627368
531,40.9791269141797,40.7797402431026,41.2807426243076,41.2999980023987,40.710689197495
532,40.8936653731821,40.7127823038516,41.1251658302385,41.164444947278,40.6072157201847
533,40.879545488266,40.7535598899674,41.1634282036205,41.1972969037326,40.6632194764341
534,40.9131614616276,40.7768947281537,41.3004974721436,41.1752181044397,40.7127626545313
535,40.9038497660163,40.6998708193295,41.2386387222743,41.2058424392031,40.7505270626257
536,40.9476179482531,40.8079804015902,41.2074058951812,41.1947441386918,40.6873156401006
537,40.922457345029,40.7275413498242,41.2489271216483,41.2136517208782,40.6999571133014
538,40.9248295729907,40.7305052168123,41.189242070451,41.1772354313888,40.6178014234878
539,40.9214022217284,40.745603295327,41.1659793464355,41.0785469198683,40.6629786009936
540,40.9443528414121,40.6891355168895,41.2155017843364,41.214981209312,40.6656509824782
541,40.9758680349911,40.7894649608343,41.2654031300886,41.2370360347512,40.7770858804085
542,40.9764573530001,40.7789093993794,41.2570240458819,41.2237362499003,40.7031886353154
543,40.9031975521616,40.7362093067509,41.1987145165472,41.1654944512808,40.6508998602306
544,40.954736960399,40.7332099764758,41.1807840157376,41.1422261359926,40.6378242994376
545,40.9295399297533,40.8003861081747,41.1764524402031,41.1886557944513,40.6969330958823
546,40.9991418920151,40.8310552728301,41.2477191791572,41.2456007051515,40.8059486994003
547,41.0336738486914,40.8034993058255,41.2342369901292,41.2610088023606,40.7550696011151
548,40.9320458181496,40.7334396096071,41.2229870055623,41.1903159571489,40.7521425919433
549,40.9528028383128,40.7623326785784,41.197549976237,41.1672942142451,40.6672069225426
550,40.9219086704946,40.7642036329029,41.1363178655171,41.1845338562023,40.6826296129318
551,41.0216453839591,40.7648588480004,41.2059886866175,41.2348159346651,40.7095391114028
552,41.0670464785726,40.7585036010045,41.1901231975833,41.2358899972731,40.6311487887861
553,40.9625240163617,40.7615419367139,41.2874957086404,41.1804266879689,40.7190441674038
554,40.922800860897,40.685909415366,41.2012400895979,41.1493619295212,40.6918367725672
555,40.9024052309872,40.7464251812841,41.2766362667344,41.1922584973441,40.6310836330674
556,41.0076644854329,40.7876253448809,41.2458530562792,41.2889486690865,40.6149136245378
557,40.9374777580005,40.8095532826721,41.1980287420903,41.2316868449496,40.7205357237987
558,40.899528159435,40.7211403209286,41.185250821521,41.1740563273504,40.7229694016828
559,40.9718485085338,40.7604372975868,41.2070341564694,41.1615585567005,40.689898382988
560,40.998170019562,40.7046870059982,41.323184337208,41.1642725466775,40.6983707689028
561,41.0423007227114,40.7070590220963,41.2918588929424,41.2019625998596,40.6642752609609
562,40.9630075074803,40.74760768048,41.2103062146737,41.1445393413032,40.6386819805639
563,40.9366504168208,40.7164392260489,41.1987900368248,41.2342003642121,40.6859029480022
564,40.9365381346998,40.7548603141853,41.2015107280738,41.2021083481035,40.6675321543325
565,40.9860366811399,40.7846039988609,41.2957920824723,41.1632654462749,40.7535383383417
566,40.9430357665722,40.7969260061596,41.2595909648714,41.1951479782069,40.7466990123303
567,40.9669142470334,40.7389939676871,41.3005637524592,41.1876844599357,40.7570458062555
568,40.9769756832936,40.8022771101079,41.2634676926502,41.1305485690805,40.7619927688956
569,41.0537159509238,40.8563797760191,41.2635612518178,41.2108864878619,40.722837318475
570,40.9527381110555,40.7168654388399,41.1707546636353,41.155946522556,40.695927003153
571,40.8756958807094,40.7599826001473,41.2183567392562,41.0615426451693,40.623717652571
572,40.9197707193654,40.6736393122969,41.2380301066238,41.1957798711646,40.6762301677517
573,40.9886369388668,40.8374124850879,41.2454580899188,41.1808280153738,40.6358623554106
574,40.9323902816053,40.7784202395059,41.1418947352927,41.1389818103461,40.652310533118
575,41.0349145272549,40.8238659737194,41.324491706163,41.2478034529187,40.6574226750924
576,41.0592816666173,40.7705765707196,41.3061075276946,41.1845817106323,40.6934908919543
577,40.9943237211369,40.8086456862683,41.2691060843132,41.2224510901264,40.7964531579338
578,40.9506530289555,40.7799473566776,41.2701685301718,41.2729280010171,40.7028242387847
579,40.9516371411823,40.8021560258112,41.2941467378125,41.1889240558638,40.7395402931081
580,40.9215262541624,40.7182292846558,41.2157679102293,41.1392743002323,40.6867455405953
581,40.901362002025,40.8373958640469,41.2223960918757,41.2314601849734,40.6654338782547
582,40.8671493360541,40.7476377853122,41.1647978758259,41.2191746264027,40.6726128431132
583,40.855058494089,40.7033059316364,41.1816076242557,41.1613972979651,40.6701695711238
584,40.9444479623477,40.7339854918109,41.1453374014251,41.1976872681115,40.720430810496
585,40.9742442205886,40.8067794438455,41.3256479410631,41.2428365018294,40.7317874719878
586,40.9627052617773,40.769028714465,41.2848864055642,41.2232693262721,40.7336292647889
587,40.8829706972286,40.714036389209,41.2235606600381,41.0587983803233,40.6086747138266
588,40.8865194413732,40.7246066825091,41.2255977096622,41.1742527721933,40.7297068316945
589,40.9211836357904,40.7790604845955,41.2186034357535,41.1606244476227,40.6421801127903
590,40.9306150550384,40.6312286183974,41.1613912907154,41.1599475767555,40.6519403870419
591,40.9134337325298,40.7073345767858,41.1841445907188,41.1733513533569,40.6522821006586
592,40.9552635637103,40.7894031993388,41.2882022072191,41.1820033011427,40.7440261497765
593,40.8716086430762,40.7214813126793,41.2065079368911,41.2287754615519,40.6812575648393
594,40.9168467260398,40.733788660577,41.2221061906852,41.1239871871696,40.6607580941241
595,40.8848945984932,40.7815865322211,41.2515029559794,41.1451718020669,40.6815261599192
596,41.0135095395122,40.7761683632204,41.3123698390209,41.1215087896117,40.7193809500632
597,40.9543028710829,40.7319408216589,41.3107388231564,41.121507177899,40.6568105838715
598,40.9956506973492,40.7904192964243,41.3076531441545,41.1812001404339,40.6607724476331
599,41.0012350746562,40.7542305592185,41.2275141507756,41.126428037381,40.6318643213506
600,41.0100977611336,40.8139147781582,41.2312682222617,41.208617000814,40.6614549635746
601,41.030248057652,40.767447328939,41.283866419673,41.2633996414916,40.7288585320333
602,40.9065672982047,40.7307226534504,41.2833884812612,41.1718845304323,40.702771728829
603,40.9658934496182,40.8200453522862,41.2061555958174,41.2342831750029,40.7473324383134
604,40.8751886445676,40.7671542255054,41.2596370146175,41.1845030520855,40.7509171825534
605,40.987935979174,40.7346145252825,41.2327376862232,41.2486911764477,40.7340295069265
606,40.8917769358734,40.6739357179021,41.233327423249,41.0860656226806,40.6285403827128
607,40.961250623298,40.7741135233203,41.268082972173,41.2064484833763,40.6729666395324
608,41.0557029194582,40.7871156866779,41.2731083233282,41.1756676950981,40.7729626721119
609,40.9950116954703,40.7682762327834,41.2404208347093,41.1330518427593,40.6996828740907
610,40.8183822028845,40.6931161707175,41.1725224102374,41.1434844158357,40.6505602267157
611,40.856856306311,40.6454444691535,41.1981872404013,41.0831987973163,40.7245574812377
612,40.8890604735288,40.7688823476861,41.2760245128768,41.2418702834059,40.7239096587012
613,40.9880455625979,40.7244546584027,41.2366613054249,41.2090040621739,40.7280732696509
614,40.9176041924549,40.7279261247126,41.1800090284966,41.1753429966875,40.664826335005
615,40.9266605429361,40.7343630478931,41.2703208334149,41.168639185127,40.617633004977
616,40.9938972635789,40.7821680348499,41.3248079119011,41.215267242189,40.7399784851022
617,40.9243738080737,40.8049393029128,41.2733085344844,41.1601314528525,40.7348609170433
618,41.0130140282665,40.7620429492509,41.2413909145127,41.1879401335257,40.6665529035733
619,40.9505860235129,40.7567174835672,41.2547818819137,41.1495289846185,40.6833737648969
620,40.9581312692867,40.7343603754903,41.2633167396598,41.1563607593513,40.575291715582
621,41.0614097031213,40.7574076344346,41.3226956719466,41.2797399251392,40.7503751267102
622,40.9692058573456,40.8331214121791,41.1653999507402,41.161422685057,40.6577446788221
623,40.9251291832258,40.7612980487751,41.183244400588,41.2084971909811,40.6505605189032
624,40.9465196373494,40.7877470946856,41.2837672591679,41.1910568355053,40.6670219745892
625,40.943964299653,40.7580285237829,41.2055933261415,41.2203470560551,40.6633146023189
626,40.9352480359847,40.7425981507286,41.1747992699838,41.2545003068853,40.6961766540346
627,40.9239028368561,40.7634430392576,41.1832277404541,41.2445749151882,40.6639679180041
628,40.8554954151192,40.7292134224863,41.1835599350218,41.1321755819963,40.6583889821501
629,40.9052948908191,40.7835926543244,41.197340168197,41.2237144040177,40.6354070499612
630,40.9572933172979,40.7097622238571,41.1848197194148,41.1184718382537,40.5998116458276
631,40.9848651755331,40.7293751440591,41.2535902088576,41.1930919502922,40.6990352209349
632,40.994312468893,40.7874097846667,41.2699285575469,41.1910259679791,40.6899322113362
633,40.9551750127144,40.7508308489167,41.1538463142689,41.2369095898748,40.7063382869252
634,41.0448782442781,40.8126398284401,41.2203523784014,41.1812053398196,40.8010849949213
635,41.026858068461,40.7585222004246,41.2330946571191,41.1357823243306,40.6980187937056
636,41.0846708232299,40.8589284641558,41.2870646710948,41.2240820759108,40.7133051277075
637,40.8414807937859,40.6556961017901,41.1207119508475,41.1157928347114,40.7400365186895
638,40.9524575769357,40.7674530323791,41.2809341458179,41.2154370973833,40.7210795315023
639,40.942261980927,40.8107886271144,41.2964629176258,41.250816107603,40.7352121241181
640,41.0071739159422,40.7351236125634,41.3171303750522,41.1739855136447,40.7310904204147
641,40.9901788345537,40.7075132684722,41.1963090682135,41.237229647292,40.7294907832405
642,40.941841873295,40.763992952081,41.2370963920786,41.139045492572,40.6924050809912
643,40.9947270752885,40.8321108940385,41.271837792,41.2152354105635,40.727979652991
644,40.9659969520626,40.7234333202328,41.2141902049808,41.1854592308823,40.5738945452506
645,40.8995923786259,40.7108009155118,41.2338312137139,41.09701036607,40.7399876968895
646,40.9370946252963,40.7957062211037,41.2028508321708,41.2257693903498,40.7223514869165
647,41.0172790128876,40.8712259841528,41.2722933508341,41.2250671234104,40.7361635147504
648,40.9441034206183,40.7451735278761,41.243278286899,41.1447107689782,40.7409748264296
649,40.8796742065459,40.7031402125145,41.189276022157,41.1568131605242,40.6187422112179
650,40.9233420795156,40.7079924228279,41.2436128289208,41.1111121679316,40.5916230191136
651,40.9283211247655,40.7282005328252,41.2346426146754,41.1795951106263,40.7360791204067
652,40.89892071508,40.7368730397817,41.1742034954516,41.2019763489249,40.6892323134178
653,40.9493347036139,40.7450324820097,41.2346009944566,41.1479044595145,40.5803010560505
654,40.894893735724,40.6701513189865,41.1530294660111,41.1694565577849,40.6547372818503
655,40.9935904076372,40.8131778374912,41.2673716007483,41.1865238404984,40.7003581331234
656,40.9698435671175,40.7729858762932,41.253135659308,41.197353991451,40.6907752717592
657,40.9613104658715,40.7535406892782,41.2537422336811,41.1785787831931,40.6905681108468
658,40.8605114183374,40.7530724136252,41.1532878332239,41.1431891212731,40.6909938722474
659,40.9883811721555,40.7659618961413,41.2263262004159,41.191962092726,40.7778502004868
660,40.9244790067166,40.8079012615372,41.290054784446,41.2867120105768,40.7224284280659
661,40.9464301786417,40.7733072705797,41.257911709426,41.2195494234594,40.5884452821261
662,40.9704301938265,40.7464042668237,41.2002059485435,41.1973500491653,40.6752434165737
663,40.9244880899013,40.7079000257921,41.2191894787118,41.1765886592241,40.6531767433555
664,40.9767807506681,40.7523856555327,41.256046932483,41.1183235340376,40.7923325284991
665,41.0275440675575,40.8131414990819,41.2557170017729,41.1870808918611,40.6935070243003
666,40.9117753193943,40.731197434542,41.2917340452817,41.2366231828702,40.6815074322065
667,40.9473187212772,40.7577880403818,41.2493154978928,41.2009828591063,40.7260644853421
668,40.9780918332763,40.8002695674707,41.2543470529985,41.2066918043529,40.7218243419696
669,41.0050891349186,40.7406929519202,41.1891940011622,41.1308128344541,40.6798831524248
670,40.9465865810006,40.7713828827763,41.2100305258973,41.1677952110308,40.7410877061777
671,41.0287223394073,40.8429732134279,41.2525904484087,41.2695888249235,40.6745125749243
672,40.8531939498367,40.6545874742997,41.172070582266,41.0802682775094,40.631736852836
673,40.9615008338644,40.7071042028247,41.1399093246209,41.1066090211889,40.6327269758659
674,40.9453556429258,40.758123433287,41.1919555094586,41.2080107964078,40.6849603936254
675,40.9273394706031,40.6739635549059,41.2429569352183,41.1263553423855,40.7653294511383
676,40.9383802118545,40.7374533642727,41.218603916872,41.1294107435786,40.7063608505114
677,40.9588353263206,40.7575152323816,41.2847491906289,41.2183364797667,40.7391522478754
678,40.9229050017131,40.7706869562333,41.2772333835309,41.2047602707585,40.7191261362959
679,41.0203376794732,40.8122883750299,41.2990910767145,41.2448702614464,40.6801433406235
680,41.0837643364098,40.8105282792724,41.2025233899408,41.2585166139661,40.6987673308311
681,40.8789110427529,40.7088777661773,41.1804053208729,41.1746696612329,40.635013848048
682,40.9416654870817,40.7690045134528,41.2516708268395,41.2716567984063,40.7249447448408
683,40.9816045722487,40.7748245451562,41.2240478359806,41.1270408744865,40.7490364125895
684,40.9472505719143,40.7523297161045,41.2414124845028,41.1816109107878,40.739948550744
685,40.9855071267589,40.7560162553392,41.2583775193053,41.2441316325356,40.5625344286518
686,40.9695872786526,40.7842294331918,41.2140966375036,41.1043844513719,40.6732245469607
687,40.952076249273,40.7964550757275,41.2217298891404,41.1722140393088,40.7055210553736
688,40.9677989694767,40.7101397303324,41.1824267963255,41.1725944875147,40.691952550871
689,40.9911820943258,40.8260259109859,41.2422280357619,41.1935324658787,40.7325772063128
690,40.9880880374685,40.7259648419639,41.2614316507721,41.2615279249455,40.7140673179204
691,40.8750306834534,40.7159688086227,41.1733071769804,41.1488355062251,40.6912385355739
692,40.9378065952233,40.7425414588933,41.1674083723896,41.3053904126582,40.7138319913091
693,40.9526873950004,40.7476732841733,41.2300064718687,41.1162956016698,40.6836926841176
694,40.9713878300782,40.7054827810508,41.139658616574,41.1313477053205,40.6861750049695
695,40.9505451847175,40.7655879068168,41.1802577176111,41.1558177587073,40.6442475365366
696,40.9147012944501,40.6504970944591,41.2103136140088,41.2008773643339,40.6878167759929
697,40.9845674992736,40.7592814949918,41.2425525502387,41.1435849682359,40.6810342053285
698,41.0713307397917,40.8124558708483,41.3292486008008,41.2339092110757,40.6959661167979
699,40.9712273416722,40.7538881251198,41.186640641959,41.1988307011745,40.6292229876957
700,40.9550727973535,40.749509476801,41.2090822396106,41.1815207409295,40.6071365982963
701,40.97777949241,40.8168411388242,41.2444664512891,41.1355103667061,40.7379176658665
702,40.9785426824298,40.7438397528753,41.2542882727367,41.2757895878532,40.7129346192687
703,40.9417868624176,40.7231185805751,41.2792296186168,41.1646175708305,40.6641620602846
704,40.9981401364848,40.7881724401778,41.2711297949067,41.1966061597275,40.7036081132839
705,40.9825144871868,40.8066028252231,41.2845782660887,41.162397030273,40.7001517543169
706,40.9574984749756,40.7950090644802,41.2809558070172,41.1881540641656,40.6967726922272
707,41.0182850432895,40.7541272156917,41.3204515833944,41.2132069593719,40.7589013348634
708,40.9808037634611,40.7688715154485,41.2192488021337,41.217654401498,40.6909701508636
709,41.0047608617595,40.757715392539,41.2401443644539,41.2006104590444,40.6550922955018
710,40.964161426352,40.8062626905798,41.230643562185,41.1570341627251,40.7372796998636
711,40.9594062710492,40.757041409716,41.1612144916791,41.1074083113554,40.6795556027372
712,40.9893383131029,40.7938447738182,41.3016421851918,41.2842468949814,40.7319490749844
713,40.9429779460261,40.729965046957,41.1699139017168,41.2241476267819,40.7068846743472
714,40.9615231907359,40.7930401707804,41.2674136550483,41.177846442234,40.7265570210977
715,41.02070561536,40.6831233886127,41.2357224752706,41.1977574030653,40.7317029587045
716,40.9692579597753,40.7268850330353,41.2937594879661,41.2096603798682,40.6388825928163
717,40.9427991099221,40.7870945022156,41.3700510065709,41.2274146496821,40.6499404451062
718,40.9473535531336,40.7290450454164,41.209324560517,41.1838847370638,40.7174190142741
719,40.9860836931918,40.8033998271997,41.3313156659583,41.2001326166413,40.7144479375564
720,40.9481305635011,40.7796935732732,41.2229114478492,41.1925581030791,40.6526761632244
721,41.029213763684,40.6961207644923,41.2193892789816,41.1988161700369,40.7185991639462
722,41.0078056770194,40.78984269092,41.2934688255374,41.2226827084567,40.6739543775096
723,40.9473732936775,40.672555334801,41.1829178392942,41.1863127239863,40.6896390282664
724,41.0283150755358,40.759995374371,41.2721385935279,41.2088354402999,40.6568950340991
725,40.9318422401735,40.7869081384583,41.2767741147418,41.2073461902968,40.7316602174407
726,40.893543939013,40.6432505353239,41.1408686803371,41.1482616879419,40.7075326686703
727,40.9906943200611,40.8049564924307,41.3058317033122,41.187865243255,40.7259216925321
728,40.9807317945659,40.786454926737,41.2647357832097,41.1917410845552,40.665534801648
729,40.9375320321314,40.7927532004154,41.1906901042848,41.1177593437061,40.7112029662477
730,40.9254884727751,40.6748524221133,41.1907055969699,41.1690915476199,40.6728497008215
731,40.9531255853991,40.8272064871648,41.2243778305018,41.2793338973326,40.7052981880428
732,40.9489399334248,40.7610354226108,41.1711501089323,41.1263401905725,40.6489097267879
733,40.9294015690403,40.7314518967043,41.232816698333,41.2678260849376,40.6705274764039
734,41.0036219752887,40.8027535638732,41.2602561269629,41.1187837620554,40.6752287046232
735,40.9723657370543,40.7158262508526,41.1862090743404,41.2161126189842,40.6771785781354
736,40.8970889771041,40.6707746160358,41.1635789689598,41.0787338554176,40.6347409835916
737,41.0672007718782,40.8558043882774,41.3444524270809,41.2888344784538,40.7789078419643
738,41.0135289887451,40.7700878869404,41.1075472471193,41.1863440972594,40.7531302596853
739,41.0096339265669,40.7696842866733,41.3186030126021,41.2477534105143,40.71994540628
740,40.9917950875991,40.7362514827913,41.239643648019,41.2039675245727,40.7728230978356
741,40.9410313865856,40.7704063019443,41.2685040022517,41.1600780923985,40.7242560711886
742,40.8926394660128,40.6993294888823,41.2698837318007,41.1830281328497,40.6997578799774
743,40.9526301068555,40.7840451780554,41.2129543579695,41.1607689231873,40.6735403803933
744,40.9818642831974,40.7772770602634,41.1860877544037,41.1877055044863,40.7159359388453
745,41.0284650766887,40.73685681715,41.2290126369781,41.15597499951,40.6985242189335
746,40.9823699899765,40.7766626804809,41.2082100423758,41.2380679558448,40.7137418397466
747,40.9238375427231,40.7533686728925,41.2027354599225,41.0893468300948,40.6251960710018
748,40.9521747715852,40.7370942531387,41.1334433612854,41.2016628445395,40.5857737707597
749,40.9754195084137,40.8201923648985,41.2307529087871,41.2304692360396,40.7796689529196
750,40.9918579443165,40.7185862774877,41.1637203303597,41.1550181739896,40.7339043707085
751,40.8345153121187,40.7078429034301,41.1695966641491,41.1924640917177,40.6669870690933
752,40.9733814870576,40.7912052649068,41.2516180645743,41.2162496194701,40.7399627875043
753,40.9778164143874,40.7855648569956,41.224462689494,41.1961792468488,40.6757236178832
754,40.9687446687443,40.7727904841073,41.1428088115914,41.2364278494798,40.6793568317266
755,40.9785920168474,40.8065196151265,41.2501688826169,41.1893447804423,40.7589039382765
756,40.9322625544411,40.7164785508222,41.1928356194793,41.1164625360005,40.6538137670097
757,41.0650684843509,40.7629090934897,41.252736925324,41.1792147447668,40.6790125616468
758,40.9095151736618,40.7390766171127,41.2135744125324,41.1607239375965,40.6194488314353
759,41.0031497089942,40.702468493475,41.1339263058634,41.1614390318743,40.6654202099618
760,40.9614447100974,40.8042045884888,41.2588785892497,41.2514605223231,40.7359939602464
761,41.0617913793729,40.7820263658289,41.2391572296919,41.2008029111316,40.7004228129756
762,40.9896232280172,40.7947984565553,41.2518627244299,41.2440326612766,40.7116189173781
763,41.0602876336945,40.8295050015066,41.293915351379,41.2162762881506,40.6839288638903
764,40.9555964941479,40.742113625261,41.2222047792617,41.1203965942532,40.6999073174428
765,40.9889370431035,40.6983371008704,41.2520575593868,41.1915071223431,40.7059369450749
766,40.9003912226279,40.7704014521187,41.2312014354437,41.1550995223847,40.6930631036973
767,40.9199611065832,40.7814267870943,41.2985164555692,41.2585512993606,40.6756526404125
768,41.0363311926146,40.7994649780201,41.2653774708278,41.2068766821515,40.7777471771312
769,40.9168358100752,40.7510784948216,41.14082100023,41.1650978333059,40.673017656927
770,40.9269854167255,40.7513092452269,41.2184557357332,41.1770918564089,40.677274034906
771,40.9471508532654,40.7501429870409,41.2305202284007,41.1655023878499,40.5994833703665
772,41.041492735539,40.7351388919845,41.2602068094617,41.2490080054132,40.6139591720624
773,40.962484526021,40.7950527354025,41.2598109656414,41.1661109018907,40.6384545422349
774,40.9573466524314,40.781163265287,41.1679320328064,41.2116063670632,40.6697863222141
775,40.9123466314976,40.6975016544399,41.2778142114263,41.0801942052397,40.665423414055
776,41.0031583918478,40.766783777973,41.2158572541307,41.2220342267513,40.7344694633015
777,40.9805223461394,40.8054951963253,41.3445053534659,41.2844529928254,40.6550121776258
778,40.9798742424726,40.7916761324321,41.3500315532283,41.1999558390884,40.735399157753
779,40.981743805549,40.7943432894237,41.2238716348426,41.1878798699693,40.7092513597392
780,40.8723232123116,40.6914993102123,41.2025690966496,41.1265382843521,40.6457457927711
781,40.9512967386606,40.646533748489,41.2338165514444,41.1261826291717,40.671214198627
782,40.9646135368423,40.7918106061438,41.2653058085526,41.2134355370551,40.6836353977412
783,41.0119339566449,40.7799701364188,41.2748623915289,41.2341866227749,40.61544311544
784,40.9504241816497,40.760240119438,41.233713673042,41.2677375534375,40.7092315994969
785,40.9986937404591,40.7766280799149,41.275813218659,41.1959916358166,40.6629136354258
786,40.9238979646181,40.753278310666,41.2008096603387,41.2075617193704,40.710402031764
787,40.9893763417853,40.8184503949966,41.233186849372,41.0986334174961,40.7149864707154
788,40.9508543083802,40.7606159470655,41.191727107154,41.1075600437358,40.6483130342891
789,40.9610086142589,40.7830884367429,41.2209906670907,41.1689204270813,40.7240589710618
790,40.9935124178658,40.7989384360755,41.2571355310269,41.1591926121777,40.7554376328101
791,41.0426562110842,40.8198462726729,41.2970605912945,41.2201520080259,40.7681076084999
792,40.8781033810573,40.7363239958754,41.2896540329343,41.1440181075971,40.5919136652849
793,41.0238645049003,40.7840040006517,41.2685684698842,41.2413793120264,40.7499066768333
794,40.8817091249708,40.7929493953486,41.2041492845931,41.2057025576048,40.6240335581998
795,40.954335432737,40.8015051343927,41.2168029020811,41.206116358028,40.699813749579
796,41.008225850723,40.8206782844512,41.2851713963603,41.1936545227997,40.7163203663043
797,40.9747888201459,40.7706795182127,41.2632825119265,41.1527722629882,40.5674145669666
798,40.945394048515,40.7268860340165,41.184690823676,41.1615412731106,40.6013206772515
799,40.9240533703507,40.7453412593073,41.2421989964333,41.1116576568606,40.7085766798069
800,40.9783498109488,40.8066105384545,41.2562925443072,41.1628367079661,40.6731192545864
801,41.0226509653422,40.7905785510489,41.2237066846264,41.2393852282478,40.7435333800562
802,40.9264714394085,40.7631354231556,41.2925129426267,41.2165846677944,40.7555063757457
803,40.9260399253439,40.7041155285494,41.2767616036903,41.152643676715,40.7314319258068
804,40.9330640965937,40.7188462252239,41.1529481532578,41.1453942901404,40.7280552104126
805,41.0457725315372,40.744257110874,41.1820282454963,41.1718349832412,40.656921008689
806,40.8863231692258,40.8085754202655,41.1875782233879,41.204762130424,40.7362110147457
807,40.8520315431401,40.700504951952,41.2062841053424,41.1771939014831,40.6083239747798
808,40.9042807180564,40.7105900398507,41.1643829483052,41.2094980846288,40.6586540338256
809,40.9152108293871,40.7365530809809,41.2313395824832,41.1405728682968,40.6338232895125
810,40.9450382528208,40.7475445768724,41.2135513495444,41.1633389384197,40.6929641018566
811,40.9704609880503,40.7545145695485,41.2371054760502,41.1814699202313,40.7466047055071
812,41.047836585041,40.7664214224411,41.238221639607,41.2222130797614,40.7857056407767
813,40.968455243088,40.7364855398898,41.2077891945153,41.2267442955842,40.7160983440362
814,41.0038271443862,40.7880326359536,41.3531680077731,41.2193876038195,40.7001888582345
815,40.9696664012345,40.7469489327995,41.1886287295913,41.1412305445376,40.7160467385571
816,40.9293927911853,40.7853334664484,41.2002471300796,41.213730382887,40.6483203083919
817,41.0380762654361,40.8132493083919,41.2168399803654,41.3284540387884,40.6147790255399
818,40.9909452932127,40.7147312213488,41.1916650993809,41.2109141741527,40.7360057654115
819,40.9504354696702,40.6974308492336,41.2288846554019,41.1876676113501,40.6137492367172
820,40.9753975917056,40.7145482284445,41.2364721518457,41.2211027037385,40.7063929640982
821,41.0048344488314,40.7254873698125,41.3260408877087,41.1997376489441,40.7170570994232
822,41.0711011247336,40.8165340257286,41.3485823118733,41.2427794516756,40.7072159273136
823,40.9336341561865,40.7777849392813,41.201807054917,41.1022787871416,40.6515319206228
824,40.9396395008373,40.7467431335837,41.2907356628427,41.216341947067,40.6209320615363
825,40.9462789545543,40.7037972466145,41.2818309403999,41.1245017127598,40.7200757645463
826,40.9089558317221,40.7114372709246,41.1423263204367,41.1996811032755,40.5842619188273
827,40.9521178850612,40.7417239846158,41.2236893984674,41.1531894721963,40.7043513735942
828,40.9257269595248,40.7406852585903,41.162918343136,41.1787374699079,40.6452552377735
829,40.9759971205804,40.8141273784197,41.2193515712958,41.1682976082455,40.6512931106144
830,41.0493137281038,40.8719424653298,41.2737576842995,41.2820730044842,40.7717873067279
831,40.9462425697807,40.7326270812614,41.2537461284596,41.2085347057596,40.691320312923
832,40.8976610555092,40.690769288968,41.2103826985512,41.096502962976,40.6150326120633
833,40.867489437775,40.6596835183278,41.168284839014,41.2035392181487,40.6018816234156
834,40.9560207071328,40.6938934383582,41.217778257845,41.2471307456534,40.6564497483646
835,41.042549773309,40.7486163623718,41.2984189417539,41.2060224376718,40.7091403063225
836,40.9446811159294,40.8456075641265,41.2411000285409,41.1621365360475,40.773969558268
837,40.9160469995579,40.8238529435661,41.2219633877175,41.2290004820699,40.72224483819
838,41.0011579411049,40.7974068736719,41.2933646522821,41.2939578778847,40.7199240540674
839,40.894460678896,40.6595440106372,41.1974615232441,41.1010138604442,40.6955597238838
840,40.8986028312066,40.7279769949801,41.2291197307649,41.1590741195777,40.6790171748553
841,40.8550459057743,40.7506315662241,41.1893080460252,41.104057619335,40.6777760689075
842,40.9564426853786,40.7535060411859,41.2132448210226,41.1616678506695,40.6701903539968
843,40.9436664930939,40.7529911258695,41.2278995452167,41.2674953879676,40.6853198674484
844,40.8964827811854,40.8143745695995,41.1962403962106,41.1427904904194,40.8522972148469
845,40.9656600611472,40.817330675394,41.2248105407352,41.1733109369333,40.7170516677655
846,40.9704733061613,40.70225494779,41.2036409903955,41.2025382969504,40.6381851233671
847,40.9519705231029,40.76056087951,41.2199576251825,41.2517374277944,40.7135886618554
848,40.9462258097225,40.7516789884877,41.2291603730151,41.1241583150733,40.6931728064929
849,40.945369503898,40.8237606621445,41.3349963436687,41.1885014007851,40.6574464348838
850,41.014824743351,40.7868548281908,41.2626002216677,41.1836676653541,40.6580564055218
851,40.922330151531,40.6740863613864,41.1770786986215,41.1469837858647,40.6287724062726
852,40.9472646463123,40.7958090628064,41.2684162893193,41.1711647570677,40.7199307281373
853,40.9935642821895,40.7912935650234,41.2333560778509,41.2359035286872,40.6839385112601
854,40.9276688098687,40.8081522021822,41.2571664078443,41.1821597340548,40.6368612873552
855,40.9052719201523,40.785399772034,41.2659654360843,41.2063214266526,40.6978272126473
856,40.9746482821382,40.7768403017739,41.2536008175898,41.1931039717783,40.6891991530084
857,40.9710536099713,40.7474375346405,41.1816417736746,41.2377074661231,40.628296355978
858,40.9559422196539,40.74441650185,41.2747357706588,41.1386057406483,40.6741871008747
859,41.002054185193,40.7387895668847,41.3119774296248,41.2987888362942,40.725628752695
860,40.9362789369565,40.6876003925962,41.221976169695,41.1599249385842,40.6668881340636
861,40.9337166553372,40.7680622222899,41.2390417680653,41.1680071679798,40.7036165874727
862,40.9316089099664,40.7560403759668,41.1809520931545,41.1977217944754,40.7642937448752
863,40.9620061387674,40.7382098694404,41.1993569882139,41.1863943979715,40.6826643126767
864,41.0102991162815,40.7637175232181,41.316472006958,41.272796524666,40.7013223689688
865,40.9335203527527,40.7389831660793,41.222922126823,41.1623926969631,40.7169056366783
866,40.944200401128,40.7508699766468,41.1399994338492,41.1672678815866,40.6350917924777
867,40.9761040690719,40.7927420602451,41.1866032559242,41.2161776378141,40.6776182291486
868,40.9451919848805,40.7927263497371,41.208030296023,41.2222473464453,40.6729310496584
869,40.9848507076559,40.7907989167301,41.2440320423257,41.2257510519952,40.7136218998925
870,41.0076989362082,40.8753357177597,41.2018310610173,41.2917728187323,40.7655731942222
871,40.9689499456193,40.801239360382,41.3036257276925,41.1916062049448,40.6369492908288
872,40.9280232718079,40.8061206157037,41.2135437963802,41.2418984583289,40.6732735546004
873,41.0249992229981,40.8119810367373,41.2994187561497,41.1997043730144,40.7340530899429
874,40.9368713745523,40.7225008106498,41.2236178660156,41.1518963901426,40.7177550162427
875,40.9718546533861,40.7844828875034,41.2703605403918,41.2363809421392,40.778325752969
876,40.8819337824342,40.6948126604566,41.1492533124484,41.1891650953262,40.6101096610927
877,40.9960097131218,40.817745963667,41.2187107707582,41.1961052439803,40.729630156949
878,41.0032868312357,40.7665302961211,41.2087840626926,41.1075554881851,40.7197391592759
879,41.0487822016227,40.8069203100745,41.2336088406807,41.1704418644306,40.695444315608
880,40.8906470522653,40.7159117725564,41.160150869464,41.1001124266515,40.7560204060735
881,41.0412016294983,40.7523715104786,41.2833381717903,41.2385676983308,40.7534866635582
882,41.0027057797191,40.8109202422708,41.2497743239957,41.2585538739288,40.7348866703364
883,40.9360456444941,40.7395756233153,41.1972639817491,41.1678605411132,40.6762941881223
884,40.9289044420747,40.7699839812595,41.2257939659549,41.1989229099968,40.7819374842856
885,40.9763455700081,40.7341143540731,41.2058511177025,41.2905650818593,40.7500236729578
886,40.9625105000393,40.7155268065796,41.251652002017,41.213703826251,40.6901787218037
887,41.0292964052533,40.8947612293737,41.2752101227136,41.2576176694207,40.7526880529642
888,40.883863459988,40.7484506491051,41.2307924122502,41.1653947557885,40.6785719615717
889,41.0110006460507,40.8061347148028,41.2889479836709,41.1771775680795,40.7216752381514
890,40.9333540715635,40.7552127875959,41.2503707819438,41.1678448129753,40.6136266771852
891,40.9742911474424,40.7761955223936,41.2240551961063,41.2000125854116,40.6608811155678
892,40.9043544772621,40.707555314512,41.2165463470749,41.078941302205,40.7382984081848
893,40.90977996893,40.6961440645403,41.2337745148498,41.1722101154772,40.7372346225868
894,40.9365047873243,40.7927593585372,41.2270848858668,41.2610246324564,40.6921541628511
895,40.9801785866787,40.8666730753564,41.3322421189476,41.2721883699801,40.6799032169444
896,40.9156168843462,40.8226109695487,41.2299983470388,41.1961370730354,40.6982493572125
897,41.0114663347467,40.7686826304674,41.1945787109578,41.1747875106833,40.7573482068069
898,40.9310145173556,40.8022054507603,41.2319883936805,41.2109503951266,40.662271997572
899,40.9066295322547,40.7814782531624,41.3031572229495,41.1853770640331,40.666683162268
900,40.9199989648247,40.7898736323266,41.2350874812712,41.2509941994239,40.7034697510187
901,40.9587582444728,40.8458792906812,41.2283839136905,41.2989184310835,40.6217674712532
902,40.961820217574,40.7829996494596,41.1978041318275,41.1712960817693,40.666245641112
903,41.0331089721022,40.7479902683425,41.2461179164085,41.140971945258,40.716442428045
904,40.9328201320399,40.7600554311104,41.2481347983177,41.2288599888096,40.7779064681496
905,40.9597401462741,40.8250876946452,41.3011490352696,41.2492211861096,40.751346456678
906,40.8972996600218,40.7735784281846,41.2452094571093,41.1273891682974,40.6766481158095
907,40.9525988002499,40.7671074425539,41.34099768846,41.2316059351689,40.6753132467163
908,40.9533578090318,40.721894123561,41.2649214503834,41.1160752102982,40.6075281027427
909,40.992047715875,40.8289726768728,41.2446941217808,41.1920502336267,40.7667971493206
910,40.9794770381555,40.7173084730589,41.2676207453868,41.2242130080297,40.7370140568693
911,40.9520350128752,40.812955249902,41.2167506770613,41.183298518131,40.6537549913222
912,40.9439423773675,40.6702956157602,41.1703901393383,41.1544573317223,40.7206280159371
913,40.9397405107405,40.8174437369121,41.2025134441182,41.188688360581,40.7208616915546
914,40.8842840149599,40.7235002685925,41.1597483533238,41.1768016083798,40.674409885226
915,40.8777498076191,40.7384821762102,41.1703152548622,41.1155751346812,40.6331458635763
916,40.8773961443343,40.7508247994849,41.1845732749229,41.1125596601865,40.5957495898512
917,40.9684093749216,40.7666199510229,41.275013098695,41.1706870615985,40.7303794355411
918,40.9875449757603,40.8223419455608,41.1991848460386,41.219254158888,40.6992349790155
919,41.0184681999525,40.7633609861887,41.2466812273115,41.1993544053637,40.6932980056077
920,40.9853034441582,40.7551014597329,41.2047764816507,41.256297715337,40.7398367578707
921,40.9451983219618,40.7975856849515,41.306503156921,41.127360080138,40.7001743269161
922,40.9869162265631,40.7390916147858,41.1372740067851,41.1796330790205,40.676411039725
923,40.8966857905745,40.7681167318074,41.3114118942505,41.2438956122898,40.7816583489897
924,40.9462653584347,40.8535975744462,41.2515469913285,41.1585977422738,40.6720754714943
925,40.8655073522249,40.6757890059562,41.1937167784486,41.1693667539082,40.6956335521224
926,41.0093547504321,40.7451072402801,41.3242374959026,41.1894289621038,40.6750623765175
927,40.9681377517438,40.7405161104765,41.2465510818656,41.1960416027619,40.6904788533612
928,40.979738583329,40.7689032242398,41.2254680316609,41.1280387184151,40.6051751942192
929,41.009217135592,40.7729489978183,41.2235057129186,41.1556225343964,40.6770223417896
930,41.0119620806298,40.7885937213274,41.2871974237192,41.24911937539,40.717505140712
931,40.9707479370053,40.7533753400443,41.2518937204447,41.0900737700552,40.6691599258072
932,40.9426773093804,40.7592180722546,41.1965340900412,41.1756039991075,40.6680839253547
933,40.9661221630373,40.770025651541,41.3267332786051,41.2372130747413,40.6791065808188
934,40.9340643736652,40.7203253312536,41.2137239660833,41.2205142761155,40.7563015076759
935,40.9798253553994,40.726917935012,41.2378844749907,41.1732214046181,40.7315017124384
936,40.9446661582605,40.6460478923943,41.1839388408903,41.166726557966,40.6529676417341
937,40.8922031970598,40.7670829584441,41.1724345190056,41.1895577588495,40.6774500689389
938,40.9498641531219,40.8018097850243,41.3002740806554,41.2232391653292,40.8320181898935
939,40.9596951316724,40.7725234233172,41.2412719966436,41.187823692749,40.7031119808269
940,40.9752328775047,40.7416081107105,41.201633093616,41.1858179783797,40.664030332589
941,40.9198148077804,40.787071419624,41.2028816521659,41.1140537996143,40.6972467223135
942,41.0169473178327,40.6961177581185,41.2883579223452,41.2464486083297,40.7788807403944
943,40.9164551338797,40.8193724616337,41.2132026712162,41.1567708008503,40.7100725174497
944,40.9360707896113,40.7782339826036,41.2702084407905,41.1383097231229,40.6969526063529
945,40.9090306658523,40.7194189313356,41.2353432150718,41.2030129453943,40.7412703941912
946,40.9185344808108,40.7336912198046,41.2549793321242,41.2806203237998,40.7326163172495
947,40.8947566052866,40.7333532071458,41.2026783504357,41.1358262353126,40.6939541193696
948,40.9110260411379,40.7703897317844,41.1819913265319,41.1715732452052,40.6483306981718
949,41.0244570237664,40.855386760429,41.2167052712215,41.2056247051932,40.6772860367263
950,41.0434538208912,40.7487766431846,41.2361936128407,41.3033383205046,40.7710288282328
951,40.9586448117226,40.8548735796257,41.2669626339168,41.2001660261163,40.7148467861602
952,40.894793552202,40.778302617552,41.2782258852509,41.1262653751501,40.7111393834468
953,40.9655071510663,40.7976459320125,41.2755754209761,41.2263977868724,40.6894853817284
954,40.8475995256277,40.696397207685,41.2046170941682,41.1310899659952,40.7688275831127
955,40.9971038835143,40.7116785725002,41.2432032657457,41.2060066554972,40.6373602292135
956,41.0108798530972,40.7712197559739,41.1596134470748,41.1935672606652,40.655999082376
957,40.9438346740268,40.7016710992514,41.2663564886318,41.2203622592368,40.700783874995
958,40.9535311445412,40.6822996756233,41.2433879637631,41.1779844301598,40.6293631097755
959,40.9453931267241,40.6813180611397,41.2335796594241,41.211735655173,40.7334980554962
960,41.031392059924,40.777416248347,41.2730329297247,41.26040042836,40.6785978615854
961,40.8823447654374,40.688685550166,41.2641544304497,41.1622972872209,40.7235685123547
962,41.0038752784002,40.7579504953357,41.2005077080579,41.1834989071014,40.6969027298276
963,40.921683569563,40.7381011338557,41.139380156947,41.1552082792034,40.6919659035824
964,40.9151557648733,40.7952833938668,41.2327994077422,41.1447945114859,40.6651930692376
965,40.9100253079733,40.724114348251,41.169839687029,41.1553280317191,40.6801984098126
966,40.9695341055415,40.7313756146736,41.2420070899346,41.1555989845385,40.6387484822226
967,40.9182269007977,40.7541966168553,41.2178988273809,41.1793325453681,40.6659888582565
968,40.885089566802,40.7011953294489,41.1648726638812,41.106669308667,40.7353322954019
969,40.9397916994961,40.7626298069224,41.2625129348557,41.2614395676913,40.7544950829439
970,40.9692132134449,40.8045322358416,41.2787631722289,41.1987385310634,40.6639969338607
971,41.0921351833188,40.8272658646828,41.2864552365845,41.2332412226841,40.6591103935408
972,40.9816507851296,40.7545076708139,41.222438770917,41.1898823650318,40.6903926229632
973,40.9111048007764,40.7096930343221,41.2746398529407,41.1204094548621,40.6764045464235
974,40.9127923586951,40.6975569412906,41.2545567943131,41.20880987056,40.6042611681899
975,40.9631336492282,40.7509118847784,41.2557039814864,41.1309867010653,40.7130809362787
976,40.9506923274591,40.7019424653182,41.3003006852716,41.2255353511857,40.6786660277536
977,41.0178696301306,40.8174039455815,41.290541960036,41.1560711488569,40.6877532379287
978,40.956004007186,40.7975423106342,41.249629858729,41.2231337096116,40.7277964885031
979,40.9894238342307,40.7287915227095,41.2366871687915,41.2162846432374,40.6462421882081
980,40.9061146106004,40.7843440855567,41.25504886178,41.2173478950171,40.6573774175405
981,40.9285388227076,40.6973049540365,41.2030279498144,41.1111556922344,40.7467424753556
982,40.9377490814997,40.6930192053503,41.1869484051519,41.1643506052745,40.6064228312242
983,40.9189400809576,40.7209655339638,41.2524707000533,41.1295404596283,40.6902348498112
984,40.9295498745893,40.7775374400765,41.2113840418406,41.2615875968172,40.7271286704017
985,40.943067188416,40.7733994019394,41.2258260026432,41.192177219564,40.6524739162137
986,41.0208463979877,40.7681343467221,41.1982851915251,41.2577459736267,40.6889437790518
987,40.9098359970596,40.7471135831913,41.1804276535704,41.1667917673042,40.7401959505185
988,40.9744154113043,40.801587130326,41.2274428027669,41.1804071891547,40.711942458408
989,40.9483239251578,40.7818128530918,41.2325132411712,41.2347491435202,40.6586757101747
990,40.9890826889286,40.804716825426,41.3613003455917,41.245586676572,40.8141816183195
991,40.9076613751592,40.7641110434453,41.1517765042278,41.1067092503038,40.6603889846802
992,40.9096368565286,40.7175491107381,41.208280884071,41.1395401130213,40.6172223685666
993,40.98955393712,40.8100113711694,41.2853657921812,41.1214270628673,40.6473224549974
994,40.9849804695099,40.7979372741807,41.2849284883166,41.243353333641,40.7416421307395
995,40.9250988361484,40.6690597484906,41.1462939529781,41.1336027259029,40.7679988649042
996,41.0043115283488,40.817539622982,41.345067273712,41.2548906604473,40.7768564631095
997,40.9890958034962,40.7797507652494,41.2572847539098,41.2105457364276,40.6849341732764
998,40.915865945261,40.7038175015905,41.2430740413192,41.1143826639598,40.6575534311298
999,40.9202931666071,40.727018657641,41.1170285546794,41.2021964874138,40.6341727140674
1000,40.9543156932694,40.8243675657031,41.1989675598623,41.2493510113189,40.7780669578953
