"season","regime","vertex","x_in","z_in"
2024,"pre_buffer",1,-10.8,22.7238881029801
2024,"pre_buffer",2,-10.801749106656,22.752
2024,"pre_buffer",3,-10.8094203357976,22.896
2024,"pre_buffer",4,-10.8157540839615,23.04
2024,"pre_buffer",5,-10.8207609098751,23.184
2024,"pre_buffer",6,-10.8244528473768,23.328
2024,"pre_buffer",7,-10.8268389023157,23.472
2024,"pre_buffer",8,-10.8279466185891,23.616
2024,"pre_buffer",9,-10.827882276576,23.76
2024,"pre_buffer",10,-10.8267495536321,23.904
2024,"pre_buffer",11,-10.8246396165305,24.048
2024,"pre_buffer",12,-10.8216417528907,24.192
2024,"pre_buffer",13,-10.8178476376255,24.336
2024,"pre_buffer",14,-10.8133537509817,24.48
2024,"pre_buffer",15,-10.8082636719719,24.624
2024,"pre_buffer",16,-10.8026899013596,24.768
2024,"pre_buffer",17,-10.8,24.8332462435611
2024,"pre_buffer",18,-10.7967259109613,24.912
2024,"pre_buffer",19,-10.7905123070128,25.056
2024,"pre_buffer",20,-10.7842257808457,25.2
2024,"pre_buffer",21,-10.7780386086423,25.344
2024,"pre_buffer",22,-10.7721153705013,25.488
2024,"pre_buffer",23,-10.7666056225916,25.632
2024,"pre_buffer",24,-10.7616441142769,25.776
2024,"pre_buffer",25,-10.7573520225016,25.92
2024,"pre_buffer",26,-10.753838281133,26.064
2024,"pre_buffer",27,-10.7512034933581,26.208
2024,"pre_buffer",28,-10.7495441120583,26.352
2024,"pre_buffer",29,-10.7489565909111,26.496
2024,"pre_buffer",30,-10.7495420510486,26.64
2024,"pre_buffer",31,-10.7513378246093,26.784
2024,"pre_buffer",32,-10.7540993867633,26.928
2024,"pre_buffer",33,-10.7575160426673,27.072
2024,"pre_buffer",34,-10.7612772967922,27.216
2024,"pre_buffer",35,-10.7650675584831,27.36
2024,"pre_buffer",36,-10.7685643047024,27.504
2024,"pre_buffer",37,-10.7714413717055,27.648
2024,"pre_buffer",38,-10.7733656219192,27.792
2024,"pre_buffer",39,-10.7739987502219,27.936
2024,"pre_buffer",40,-10.7730048301273,28.08
2024,"pre_buffer",41,-10.7700657393161,28.224
2024,"pre_buffer",42,-10.7649667875234,28.368
2024,"pre_buffer",43,-10.7578623262791,28.512
2024,"pre_buffer",44,-10.7490070976842,28.656
2024,"pre_buffer",45,-10.7386533827746,28.8
2024,"pre_buffer",46,-10.7270434257932,28.944
2024,"pre_buffer",47,-10.7144037558928,29.088
2024,"pre_buffer",48,-10.7009412746923,29.232
2024,"pre_buffer",49,-10.6868408765718,29.376
2024,"pre_buffer",50,-10.68,29.443437522361
2024,"pre_buffer",51,-10.6723097876172,29.52
2024,"pre_buffer",52,-10.6575193366398,29.664
2024,"pre_buffer",53,-10.642554284275,29.808
2024,"pre_buffer",54,-10.6275003619621,29.952
2024,"pre_buffer",55,-10.6124133779212,30.096
2024,"pre_buffer",56,-10.5973534884509,30.24
2024,"pre_buffer",57,-10.5823904382066,30.384
2024,"pre_buffer",58,-10.5676088115515,30.528
2024,"pre_buffer",59,-10.56,30.6037249086542
2024,"pre_buffer",60,-10.5532031193903,30.672
2024,"pre_buffer",61,-10.5393036056357,30.816
2024,"pre_buffer",62,-10.5259251238081,30.96
2024,"pre_buffer",63,-10.5131929937698,31.104
2024,"pre_buffer",64,-10.5012472168836,31.248
2024,"pre_buffer",65,-10.4902411780479,31.392
2024,"pre_buffer",66,-10.4802921125151,31.536
2024,"pre_buffer",67,-10.4712928809005,31.68
2024,"pre_buffer",68,-10.4630619051229,31.824
2024,"pre_buffer",69,-10.4554113107183,31.968
2024,"pre_buffer",70,-10.4481480620337,32.112
2024,"pre_buffer",71,-10.4410749252602,32.256
2024,"pre_buffer",72,-10.44,32.2778825028373
2024,"pre_buffer",73,-10.4339985677734,32.4
2024,"pre_buffer",74,-10.4266921787117,32.544
2024,"pre_buffer",75,-10.418952406933,32.688
2024,"pre_buffer",76,-10.410577055968,32.832
2024,"pre_buffer",77,-10.4013624987348,32.976
2024,"pre_buffer",78,-10.3911327377637,33.12
2024,"pre_buffer",79,-10.379856426484,33.264
2024,"pre_buffer",80,-10.3675439400627,33.408
2024,"pre_buffer",81,-10.3541987283088,33.552
2024,"pre_buffer",82,-10.3398157373463,33.696
2024,"pre_buffer",83,-10.3243797992487,33.84
2024,"pre_buffer",84,-10.32,33.8782964485328
2024,"pre_buffer",85,-10.3077578962893,33.984
2024,"pre_buffer",86,-10.2899697097327,34.128
2024,"pre_buffer",87,-10.271022500252,34.272
2024,"pre_buffer",88,-10.2508731438977,34.416
2024,"pre_buffer",89,-10.2294577245361,34.56
2024,"pre_buffer",90,-10.2066935202698,34.704
2024,"pre_buffer",91,-10.2,34.7441534072933
2024,"pre_buffer",92,-10.1823963609667,34.848
2024,"pre_buffer",93,-10.1565876463754,34.992
2024,"pre_buffer",94,-10.1292937955342,35.136
2024,"pre_buffer",95,-10.1005354790838,35.28
2024,"pre_buffer",96,-10.08,35.3784103249955
2024,"pre_buffer",97,-10.0703536031478,35.424
2024,"pre_buffer",98,-10.0388404484046,35.568
2024,"pre_buffer",99,-10.0062224588184,35.712
2024,"pre_buffer",100,-9.97272842788459,35.856
2024,"pre_buffer",101,-9.96,35.9099959549199
2024,"pre_buffer",102,-9.93863887186708,36
2024,"pre_buffer",103,-9.90426492459009,36.144
2024,"pre_buffer",104,-9.86993782898881,36.288
2024,"pre_buffer",105,-9.84,36.4139782492449
2024,"pre_buffer",106,-9.83570227296638,36.432
2024,"pre_buffer",107,-9.80129031567957,36.576
2024,"pre_buffer",108,-9.76648977334821,36.72
2024,"pre_buffer",109,-9.73098613322253,36.864
2024,"pre_buffer",110,-9.72,36.9072937950537
2024,"pre_buffer",111,-9.69409450442589,37.008
2024,"pre_buffer",112,-9.65533244990112,37.152
2024,"pre_buffer",113,-9.61425771286741,37.296
2024,"pre_buffer",114,-9.6,37.3429073129323
2024,"pre_buffer",115,-9.56968949974734,37.44
2024,"pre_buffer",116,-9.52098630865321,37.584
2024,"pre_buffer",117,-9.48,37.6948321627245
2024,"pre_buffer",118,-9.46732932750998,37.728
2024,"pre_buffer",119,-9.40729389735999,37.872
2024,"pre_buffer",120,-9.36,37.9759295716366
2024,"pre_buffer",121,-9.34125511587746,38.016
2024,"pre_buffer",122,-9.26917990422902,38.16
2024,"pre_buffer",123,-9.24,38.2149149260734
2024,"pre_buffer",124,-9.19203727894333,38.304
2024,"pre_buffer",125,-9.12,38.4319370344704
2024,"pre_buffer",126,-9.11090867941738,38.448
2024,"pre_buffer",127,-9.026717515301,38.592
2024,"pre_buffer",128,-9,38.6364132158341
2024,"pre_buffer",129,-8.94023655218847,38.736
2024,"pre_buffer",130,-8.88,38.8340159449745
2024,"pre_buffer",131,-8.85175031273373,38.88
2024,"pre_buffer",132,-8.76096088104753,39.024
2024,"pre_buffer",133,-8.76,39.0254779922521
2024,"pre_buffer",134,-8.66640805182283,39.168
2024,"pre_buffer",135,-8.64,39.2065966334623
2024,"pre_buffer",136,-8.56615960669237,39.312
2024,"pre_buffer",137,-8.52,39.3743113118777
2024,"pre_buffer",138,-8.45699686727773,39.456
2024,"pre_buffer",139,-8.4,39.5252322615436
2024,"pre_buffer",140,-8.33480772209472,39.6
2024,"pre_buffer",141,-8.28,39.6587915062041
2024,"pre_buffer",142,-8.1945508621929,39.744
2024,"pre_buffer",143,-8.16,39.7763565588583
2024,"pre_buffer",144,-8.04,39.8796982195325
2024,"pre_buffer",145,-8.02946576697063,39.888
2024,"pre_buffer",146,-7.92,39.9700345193952
2024,"pre_buffer",147,-7.82866804662038,40.032
2024,"pre_buffer",148,-7.8,40.0507460332734
2024,"pre_buffer",149,-7.68,40.1228664689015
2024,"pre_buffer",150,-7.58435248152114,40.176
2024,"pre_buffer",151,-7.56,40.1892876977805
2024,"pre_buffer",152,-7.44,40.2507091703676
2024,"pre_buffer",153,-7.32,40.3089815162626
2024,"pre_buffer",154,-7.2961791593909,40.32
2024,"pre_buffer",155,-7.2,40.3644972868075
2024,"pre_buffer",156,-7.08,40.4182091523363
2024,"pre_buffer",157,-6.97511665411493,40.464
2024,"pre_buffer",158,-6.96,40.470648926189
2024,"pre_buffer",159,-6.84,40.5219476345706
2024,"pre_buffer",160,-6.72,40.5725374709555
2024,"pre_buffer",161,-6.6345922461972,40.608
2024,"pre_buffer",162,-6.6,40.6224449117097
2024,"pre_buffer",163,-6.48,40.6714630171162
2024,"pre_buffer",164,-6.36,40.7196928834358
2024,"pre_buffer",165,-6.27755742958874,40.752
2024,"pre_buffer",166,-6.24,40.7666419256078
2024,"pre_buffer",167,-6.12,40.811659789948
2024,"pre_buffer",168,-6,40.8547966117456
2024,"pre_buffer",169,-5.88,40.8957722339015
2024,"pre_buffer",170,-5.87928973126142,40.896
2024,"pre_buffer",171,-5.76,40.9336067281376
2024,"pre_buffer",172,-5.64,40.9688200834471
2024,"pre_buffer",173,-5.52,41.0012475555996
2024,"pre_buffer",174,-5.4,41.030733939758
2024,"pre_buffer",175,-5.35787820547121,41.04
2024,"pre_buffer",176,-5.28,41.0568168222089
2024,"pre_buffer",177,-5.16,41.0796093233942
2024,"pre_buffer",178,-5.04,41.0991780352783
2024,"pre_buffer",179,-4.92,41.1154568353594
2024,"pre_buffer",180,-4.8,41.1286743078152
2024,"pre_buffer",181,-4.68,41.1391701618577
2024,"pre_buffer",182,-4.56,41.1472810126125
2024,"pre_buffer",183,-4.44,41.153341438058
2024,"pre_buffer",184,-4.32,41.1576750842248
2024,"pre_buffer",185,-4.2,41.1605958564874
2024,"pre_buffer",186,-4.08,41.1624194358515
2024,"pre_buffer",187,-3.96,41.1634641194204
2024,"pre_buffer",188,-3.84,41.1640505769881
2024,"pre_buffer",189,-3.72,41.1645009963489
2024,"pre_buffer",190,-3.6,41.1651376166045
2024,"pre_buffer",191,-3.48,41.1662348416727
2024,"pre_buffer",192,-3.36,41.1678095443727
2024,"pre_buffer",193,-3.24,41.1697895482758
2024,"pre_buffer",194,-3.12,41.1721025298095
2024,"pre_buffer",195,-3,41.1746768295307
2024,"pre_buffer",196,-2.88,41.1774420244536
2024,"pre_buffer",197,-2.76,41.1803281067269
2024,"pre_buffer",198,-2.64,41.1832647023995
2024,"pre_buffer",199,-2.60987867374211,41.184
2024,"pre_buffer",200,-2.52,41.1861710577643
2024,"pre_buffer",201,-2.4,41.1889864328
2024,"pre_buffer",202,-2.28,41.1916518521409
2024,"pre_buffer",203,-2.16,41.1941071793283
2024,"pre_buffer",204,-2.04,41.1963073334182
2024,"pre_buffer",205,-1.92,41.1982713943423
2024,"pre_buffer",206,-1.8,41.2000371688862
2024,"pre_buffer",207,-1.68,41.2016418269772
2024,"pre_buffer",208,-1.56,41.2031219855567
2024,"pre_buffer",209,-1.44,41.204514115225
2024,"pre_buffer",210,-1.32,41.2058605804226
2024,"pre_buffer",211,-1.2,41.2072099418803
2024,"pre_buffer",212,-1.08,41.2086115469555
2024,"pre_buffer",213,-0.96,41.2101157941224
2024,"pre_buffer",214,-0.84,41.2117737772731
2024,"pre_buffer",215,-0.72,41.2136359598618
2024,"pre_buffer",216,-0.6,41.2157515459408
2024,"pre_buffer",217,-0.48,41.2181554755698
2024,"pre_buffer",218,-0.36,41.220878127996
2024,"pre_buffer",219,-0.24,41.223948636094
2024,"pre_buffer",220,-0.12,41.2273937785438
2024,"pre_buffer",221,0,41.2312365908824
2024,"pre_buffer",222,0.12,41.2354947113372
2024,"pre_buffer",223,0.24,41.2401785102792
2024,"pre_buffer",224,0.36,41.2452890950555
2024,"pre_buffer",225,0.48,41.2508163317761
2024,"pre_buffer",226,0.6,41.2567370758903
2024,"pre_buffer",227,0.72,41.2630138435594
2024,"pre_buffer",228,0.84,41.2695525226115
2024,"pre_buffer",229,0.96,41.2760979695817
2024,"pre_buffer",230,1.08,41.2823745446631
2024,"pre_buffer",231,1.2,41.288134586358
2024,"pre_buffer",232,1.32,41.2931559716914
2024,"pre_buffer",233,1.44,41.2972393767632
2024,"pre_buffer",234,1.56,41.3002054297731
2024,"pre_buffer",235,1.68,41.3018889824916
2024,"pre_buffer",236,1.8,41.3021335818518
2024,"pre_buffer",237,1.92,41.3007863400777
2024,"pre_buffer",238,2.04,41.2976906856175
2024,"pre_buffer",239,2.16,41.2926782007319
2024,"pre_buffer",240,2.28,41.285645731765
2024,"pre_buffer",241,2.4,41.2767492293387
2024,"pre_buffer",242,2.52,41.2661859907923
2024,"pre_buffer",243,2.64,41.2541440397109
2024,"pre_buffer",244,2.76,41.2408083599537
2024,"pre_buffer",245,2.88,41.226366250941
2024,"pre_buffer",246,3,41.2110116644251
2024,"pre_buffer",247,3.12,41.1949467699901
2024,"pre_buffer",248,3.1994338929128,41.184
2024,"pre_buffer",249,3.24,41.1782939130458
2024,"pre_buffer",250,3.36,41.1611890227187
2024,"pre_buffer",251,3.48,41.1440775884968
2024,"pre_buffer",252,3.6,41.127251340789
2024,"pre_buffer",253,3.72,41.1109388445363
2024,"pre_buffer",254,3.84,41.0951349364561
2024,"pre_buffer",255,3.96,41.0797837366791
2024,"pre_buffer",256,4.08,41.0648212275131
2024,"pre_buffer",257,4.2,41.050175998239
2024,"pre_buffer",258,4.28475348328535,41.04
2024,"pre_buffer",259,4.32,41.0357552517923
2024,"pre_buffer",260,4.44,41.0214931260808
2024,"pre_buffer",261,4.56,41.0073505325025
2024,"pre_buffer",262,4.68,40.9932276390351
2024,"pre_buffer",263,4.8,40.9790211737885
2024,"pre_buffer",264,4.92,40.9646191963387
2024,"pre_buffer",265,5.04,40.9499037350088
2024,"pre_buffer",266,5.16,40.9347285589313
2024,"pre_buffer",267,5.28,40.9188895163387
2024,"pre_buffer",268,5.4,40.9021767282782
2024,"pre_buffer",269,5.44168131636143,40.896
2024,"pre_buffer",270,5.52,40.8844434179331
2024,"pre_buffer",271,5.64,40.8654154060974
2024,"pre_buffer",272,5.76,40.8448291550255
2024,"pre_buffer",273,5.88,40.822464123315
2024,"pre_buffer",274,6,40.7981045746729
2024,"pre_buffer",275,6.12,40.7715418145038
2024,"pre_buffer",276,6.20107272313608,40.752
2024,"pre_buffer",277,6.24,40.742510572227
2024,"pre_buffer",278,6.36,40.7106455650677
2024,"pre_buffer",279,6.48,40.6758544514196
2024,"pre_buffer",280,6.6,40.6380772991142
2024,"pre_buffer",281,6.68906873309688,40.608
2024,"pre_buffer",282,6.72,40.5973604739616
2024,"pre_buffer",283,6.84,40.5535342715571
2024,"pre_buffer",284,6.96,40.5071534495639
2024,"pre_buffer",285,7.06631795548391,40.464
2024,"pre_buffer",286,7.08,40.4583307761835
2024,"pre_buffer",287,7.2,40.4066020241355
2024,"pre_buffer",288,7.32,40.3527197050094
2024,"pre_buffer",289,7.39049153150185,40.32
2024,"pre_buffer",290,7.44,40.2965407229983
2024,"pre_buffer",291,7.56,40.237986418415
2024,"pre_buffer",292,7.68,40.1775715559487
2024,"pre_buffer",293,7.68305847393319,40.176
2024,"pre_buffer",294,7.8,40.1147125476814
2024,"pre_buffer",295,7.92,40.0499429464766
2024,"pre_buffer",296,7.95248573777802,40.032
2024,"pre_buffer",297,8.04,39.9827883561667
2024,"pre_buffer",298,8.16,39.9128263236024
2024,"pre_buffer",299,8.20106317743878,39.888
2024,"pre_buffer",300,8.28,39.8394772495744
2024,"pre_buffer",301,8.4,39.7621334816658
2024,"pre_buffer",302,8.42692382909487,39.744
2024,"pre_buffer",303,8.52,39.6802888991493
2024,"pre_buffer",304,8.63086949299259,39.6
2024,"pre_buffer",305,8.64,39.5932887234492
2024,"pre_buffer",306,8.76,39.5006190397994
2024,"pre_buffer",307,8.81461706690579,39.456
2024,"pre_buffer",308,8.88,39.4016601503397
2024,"pre_buffer",309,8.98185193705687,39.312
2024,"pre_buffer",310,9,39.2956951548747
2024,"pre_buffer",311,9.12,39.1819890177305
2024,"pre_buffer",312,9.13405212312723,39.168
2024,"pre_buffer",313,9.24,39.0593188356015
2024,"pre_buffer",314,9.27281839078987,39.024
2024,"pre_buffer",315,9.36,38.9267183614242
2024,"pre_buffer",316,9.40012710077908,38.88
2024,"pre_buffer",317,9.48,38.7831308071863
2024,"pre_buffer",318,9.51738589136212,38.736
2024,"pre_buffer",319,9.6,38.6271048483408
2024,"pre_buffer",320,9.62569413222221,38.592
2024,"pre_buffer",321,9.72,38.456872235522
2024,"pre_buffer",322,9.72598676809766,38.448
2024,"pre_buffer",323,9.81879731773673,38.304
2024,"pre_buffer",324,9.84,38.2693760223972
2024,"pre_buffer",325,9.90499330174814,38.16
2024,"pre_buffer",326,9.96,38.0623756334109
2024,"pre_buffer",327,9.98538612189898,38.016
2024,"pre_buffer",328,10.0604085927721,37.872
2024,"pre_buffer",329,10.08,37.8325091476262
2024,"pre_buffer",330,10.1305276596262,37.728
2024,"pre_buffer",331,10.1966931103282,37.584
2024,"pre_buffer",332,10.2,37.5764881652944
2024,"pre_buffer",333,10.258741090371,37.44
2024,"pre_buffer",334,10.3177888615562,37.296
2024,"pre_buffer",335,10.32,37.2903895573856
2024,"pre_buffer",336,10.3734811033934,37.152
2024,"pre_buffer",337,10.4267494421082,37.008
2024,"pre_buffer",338,10.44,36.9707811577864
2024,"pre_buffer",339,10.4773821991346,36.864
2024,"pre_buffer",340,10.5258720215261,36.72
2024,"pre_buffer",341,10.56,36.6146133557583
2024,"pre_buffer",342,10.5723208674142,36.576
2024,"pre_buffer",343,10.6166578112163,36.432
2024,"pre_buffer",344,10.6592058349051,36.288
2024,"pre_buffer",345,10.68,36.2147242006997
2024,"pre_buffer",346,10.6997655904028,36.144
2024,"pre_buffer",347,10.7382860882072,36
2024,"pre_buffer",348,10.7748453369206,35.856
2024,"pre_buffer",349,10.8,35.7514353493788
2024,"pre_buffer",350,10.8092879391612,35.712
2024,"pre_buffer",351,10.8414182122046,35.568
2024,"pre_buffer",352,10.8715072930332,35.424
2024,"pre_buffer",353,10.8996122223198,35.28
2024,"pre_buffer",354,10.92,35.168311462624
2024,"pre_buffer",355,10.9257400039986,35.136
2024,"pre_buffer",356,10.9498074700092,34.992
2024,"pre_buffer",357,10.9722303187474,34.848
2024,"pre_buffer",358,10.9931646223308,34.704
2024,"pre_buffer",359,11.0127775823805,34.56
2024,"pre_buffer",360,11.031227208721,34.416
2024,"pre_buffer",361,11.04,34.3436736573051
2024,"pre_buffer",362,11.0485078448202,34.272
2024,"pre_buffer",363,11.0647332142382,34.128
2024,"pre_buffer",364,11.0801070653196,33.984
2024,"pre_buffer",365,11.0947073953832,33.84
2024,"pre_buffer",366,11.1086099067893,33.696
2024,"pre_buffer",367,11.1218847711232,33.552
2024,"pre_buffer",368,11.1345966164619,33.408
2024,"pre_buffer",369,11.1468054122803,33.264
2024,"pre_buffer",370,11.1585672561459,33.12
2024,"pre_buffer",371,11.16,33.101794274923
2024,"pre_buffer",372,11.1698829919394,32.976
2024,"pre_buffer",373,11.1808684304543,32.832
2024,"pre_buffer",374,11.1915931413749,32.688
2024,"pre_buffer",375,11.2021093345741,32.544
2024,"pre_buffer",376,11.2124576909869,32.4
2024,"pre_buffer",377,11.2226677249959,32.256
2024,"pre_buffer",378,11.2327577729525,32.112
2024,"pre_buffer",379,11.2427344522784,31.968
2024,"pre_buffer",380,11.2525930102827,31.824
2024,"pre_buffer",381,11.2623174974793,31.68
2024,"pre_buffer",382,11.2718809023792,31.536
2024,"pre_buffer",383,11.28,31.4111054486815
2024,"pre_buffer",384,11.2812478433934,31.392
2024,"pre_buffer",385,11.29039125416,31.248
2024,"pre_buffer",386,11.2992645981708,31.104
2024,"pre_buffer",387,11.3078445044739,30.96
2024,"pre_buffer",388,11.3161191379246,30.816
2024,"pre_buffer",389,11.3240874975879,30.672
2024,"pre_buffer",390,11.3317569706336,30.528
2024,"pre_buffer",391,11.3391386150277,30.384
2024,"pre_buffer",392,11.3462503670722,30.24
2024,"pre_buffer",393,11.353117283648,30.096
2024,"pre_buffer",394,11.3597716303436,29.952
2024,"pre_buffer",395,11.3662549925284,29.808
2024,"pre_buffer",396,11.3725825039622,29.664
2024,"pre_buffer",397,11.3786556929182,29.52
2024,"pre_buffer",398,11.384347792499,29.376
2024,"pre_buffer",399,11.3895282072376,29.232
2024,"pre_buffer",400,11.3940621223226,29.088
2024,"pre_buffer",401,11.3978103542607,28.944
2024,"pre_buffer",402,11.4,28.8321113129006
2024,"pre_buffer",403,11.4006305844438,28.8
2024,"pre_buffer",404,11.4023756211717,28.656
2024,"pre_buffer",405,11.4028913018771,28.512
2024,"pre_buffer",406,11.4020257753054,28.368
2024,"pre_buffer",407,11.4,28.246418549547
2024,"pre_buffer",408,11.399626169617,28.224
2024,"pre_buffer",409,11.3956184510944,28.08
2024,"pre_buffer",410,11.3902121422224,27.936
2024,"pre_buffer",411,11.3836884093087,27.792
2024,"pre_buffer",412,11.3763295651546,27.648
2024,"pre_buffer",413,11.3684182831119,27.504
2024,"pre_buffer",414,11.3602370747863,27.36
2024,"pre_buffer",415,11.3520669752769,27.216
2024,"pre_buffer",416,11.3441844947521,27.072
2024,"pre_buffer",417,11.3368650622695,26.928
2024,"pre_buffer",418,11.3303846538815,26.784
2024,"pre_buffer",419,11.3250207222299,26.64
2024,"pre_buffer",420,11.3209444174606,26.496
2024,"pre_buffer",421,11.3178932695098,26.352
2024,"pre_buffer",422,11.3154955606684,26.208
2024,"pre_buffer",423,11.3133776277433,26.064
2024,"pre_buffer",424,11.3111632205096,25.92
2024,"pre_buffer",425,11.3084739032889,25.776
2024,"pre_buffer",426,11.3049285763575,25.632
2024,"pre_buffer",427,11.3001432289211,25.488
2024,"pre_buffer",428,11.2937388675425,25.344
2024,"pre_buffer",429,11.2853471697961,25.2
2024,"pre_buffer",430,11.28,25.1283114612706
2024,"pre_buffer",431,11.2745819243117,25.056
2024,"pre_buffer",432,11.2612204070877,24.912
2024,"pre_buffer",433,11.2456221763963,24.768
2024,"pre_buffer",434,11.228241211895,24.624
2024,"pre_buffer",435,11.2095105549316,24.48
2024,"pre_buffer",436,11.189834436691,24.336
2024,"pre_buffer",437,11.1695836054635,24.192
2024,"pre_buffer",438,11.16,24.1248529330249
2024,"pre_buffer",439,11.1490908568652,24.048
2024,"pre_buffer",440,11.1286830728987,23.904
2024,"pre_buffer",441,11.1086343859287,23.76
2024,"pre_buffer",442,11.0891753873998,23.616
2024,"pre_buffer",443,11.0705106712554,23.472
2024,"pre_buffer",444,11.0527338810457,23.328
2024,"pre_buffer",445,11.04,23.2214310624118
2024,"pre_buffer",446,11.0355244972963,23.184
2024,"pre_buffer",447,11.0184565582087,23.04
2024,"pre_buffer",448,11.0010588973178,22.896
2024,"pre_buffer",449,10.9829033386962,22.752
2024,"pre_buffer",450,10.9635615054827,22.608
2024,"pre_buffer",451,10.942601646372,22.464
2024,"pre_buffer",452,10.92,22.3225475865448
2024,"pre_buffer",453,10.9195878999242,22.32
2024,"pre_buffer",454,10.8940803390066,22.176
2024,"pre_buffer",455,10.8656562972011,22.032
2024,"pre_buffer",456,10.8339297444865,21.888
2024,"pre_buffer",457,10.8,21.7494359117241
2024,"pre_buffer",458,10.798658365024,21.744
2024,"pre_buffer",459,10.7603097039007,21.6
2024,"pre_buffer",460,10.7193086202346,21.456
2024,"pre_buffer",461,10.68,21.3247489865836
2024,"pre_buffer",462,10.6761968813098,21.312
2024,"pre_buffer",463,10.6319537999206,21.168
2024,"pre_buffer",464,10.5867392150385,21.024
2024,"pre_buffer",465,10.56,20.9397983558036
2024,"pre_buffer",466,10.5412147539458,20.88
2024,"pre_buffer",467,10.4958859638781,20.736
2024,"pre_buffer",468,10.4506461911303,20.592
2024,"pre_buffer",469,10.44,20.5578379241054
2024,"pre_buffer",470,10.4059597901779,20.448
2024,"pre_buffer",471,10.3615122395501,20.304
2024,"pre_buffer",472,10.32,20.1698541662415
2024,"pre_buffer",473,10.31692434704,20.16
2024,"pre_buffer",474,10.2712579052532,20.016
2024,"pre_buffer",475,10.2231296913046,19.872
2024,"pre_buffer",476,10.2,19.8068146636729
2024,"pre_buffer",477,10.1710842935279,19.728
2024,"pre_buffer",478,10.1136470264772,19.584
2024,"pre_buffer",479,10.08,19.507102952428
2024,"pre_buffer",480,10.0490832228013,19.44
2024,"pre_buffer",481,9.9755790225438,19.296
2024,"pre_buffer",482,9.96,19.2682098017416
2024,"pre_buffer",483,9.89039535402988,19.152
2024,"pre_buffer",484,9.84,19.075833251449
2024,"pre_buffer",485,9.79165344890397,19.008
2024,"pre_buffer",486,9.72,18.915721390025
2024,"pre_buffer",487,9.67649496046263,18.864
2024,"pre_buffer",488,9.6,18.7790936073402
2024,"pre_buffer",489,9.54217927595252,18.72
2024,"pre_buffer",490,9.48,18.6595403620734
2024,"pre_buffer",491,9.38670408584119,18.576
2024,"pre_buffer",492,9.36,18.552882732549
2024,"pre_buffer",493,9.24,18.4568524625545
2024,"pre_buffer",494,9.2063378108727,18.432
2024,"pre_buffer",495,9.12,18.3693992671817
2024,"pre_buffer",496,9,18.2886653926623
2024,"pre_buffer",497,8.99894439401072,18.288
2024,"pre_buffer",498,8.88,18.2137985331131
2024,"pre_buffer",499,8.7609005825799,18.144
2024,"pre_buffer",500,8.76,18.1434778412433
2024,"pre_buffer",501,8.64,18.0772420391932
2024,"pre_buffer",502,8.52,18.0140872544873
2024,"pre_buffer",503,8.49224819643502,18
2024,"pre_buffer",504,8.4,17.9537821486881
2024,"pre_buffer",505,8.28,17.8955008341967
2024,"pre_buffer",506,8.19674865642778,17.856
2024,"pre_buffer",507,8.16,17.8389183904641
2024,"pre_buffer",508,8.04,17.7837960304308
2024,"pre_buffer",509,7.92,17.7293208521165
2024,"pre_buffer",510,7.88193720745393,17.712
2024,"pre_buffer",511,7.8,17.6758448974524
2024,"pre_buffer",512,7.68,17.623337524336
2024,"pre_buffer",513,7.56,17.5720812331987
2024,"pre_buffer",514,7.55028071586653,17.568
2024,"pre_buffer",515,7.44,17.5233976608304
2024,"pre_buffer",516,7.32,17.4766953396212
2024,"pre_buffer",517,7.2,17.43217531655
2024,"pre_buffer",518,7.1770495277875,17.424
2024,"pre_buffer",519,7.08,17.3906980444067
2024,"pre_buffer",520,6.96,17.3517212119006
2024,"pre_buffer",521,6.84,17.3151618900731
2024,"pre_buffer",522,6.72,17.2810665682861
2024,"pre_buffer",523,6.71600293869787,17.28
2024,"pre_buffer",524,6.6,17.2499486944154
2024,"pre_buffer",525,6.48,17.2212129976423
2024,"pre_buffer",526,6.36,17.194830637762
2024,"pre_buffer",527,6.24,17.1706200164206
2024,"pre_buffer",528,6.12,17.1483456785772
2024,"pre_buffer",529,6.04808835007148,17.136
2024,"pre_buffer",530,6,17.1279106594692
2024,"pre_buffer",531,5.88,17.1091566570597
2024,"pre_buffer",532,5.76,17.0917402357274
2024,"pre_buffer",533,5.64,17.0755045433272
2024,"pre_buffer",534,5.52,17.0603006251301
2024,"pre_buffer",535,5.4,17.0459861647698
2024,"pre_buffer",536,5.28,17.0324243322684
2024,"pre_buffer",537,5.16,17.0194827189124
2024,"pre_buffer",538,5.04,17.0070323410645
2024,"pre_buffer",539,4.92,16.9949602475861
2024,"pre_buffer",540,4.88965222291354,16.992
2024,"pre_buffer",541,4.8,16.9833836454135
2024,"pre_buffer",542,4.68,16.9722167370787
2024,"pre_buffer",543,4.56,16.9614303562059
2024,"pre_buffer",544,4.44,16.9510512512414
2024,"pre_buffer",545,4.32,16.9411144742326
2024,"pre_buffer",546,4.2,16.9316628135847
2024,"pre_buffer",547,4.08,16.92274570689
2024,"pre_buffer",548,3.96,16.9144182480876
2024,"pre_buffer",549,3.84,16.906739984058
2024,"pre_buffer",550,3.72,16.8997734645066
2024,"pre_buffer",551,3.6,16.893582540058
2024,"pre_buffer",552,3.48,16.8882077605078
2024,"pre_buffer",553,3.36,16.8835596407586
2024,"pre_buffer",554,3.24,16.8794983898904
2024,"pre_buffer",555,3.12,16.8758794708434
2024,"pre_buffer",556,3,16.8725559371114
2024,"pre_buffer",557,2.88,16.869379975158
2024,"pre_buffer",558,2.76,16.8662014355139
2024,"pre_buffer",559,2.64,16.862865978436
2024,"pre_buffer",560,2.52,16.8592183662993
2024,"pre_buffer",561,2.4,16.8551016057724
2024,"pre_buffer",562,2.28,16.8503548953522
2024,"pre_buffer",563,2.22905222429738,16.848
2024,"pre_buffer",564,2.16,16.8447833637974
2024,"pre_buffer",565,2.04,16.8382604082568
2024,"pre_buffer",566,1.92,16.8309156468626
2024,"pre_buffer",567,1.8,16.8229310146226
2024,"pre_buffer",568,1.68,16.8144913994895
2024,"pre_buffer",569,1.56,16.8057869075902
2024,"pre_buffer",570,1.44,16.7970144462618
2024,"pre_buffer",571,1.32,16.7883749579904
2024,"pre_buffer",572,1.2,16.7800738977609
2024,"pre_buffer",573,1.08,16.7723251366629
2024,"pre_buffer",574,0.96,16.7653504981908
2024,"pre_buffer",575,0.84,16.7593814286677
2024,"pre_buffer",576,0.72,16.7546632181945
2024,"pre_buffer",577,0.6,16.7513812344917
2024,"pre_buffer",578,0.48,16.7494470795378
2024,"pre_buffer",579,0.36,16.7486933976768
2024,"pre_buffer",580,0.24,16.748947605431
2024,"pre_buffer",581,0.12,16.7500338291799
2024,"pre_buffer",582,0,16.7517745433189
2024,"pre_buffer",583,-0.12,16.7539918861824
2024,"pre_buffer",584,-0.24,16.7565086414091
2024,"pre_buffer",585,-0.36,16.7591488811277
2024,"pre_buffer",586,-0.48,16.7617382734434
2024,"pre_buffer",587,-0.6,16.7641040601542
2024,"pre_buffer",588,-0.72,16.7660747119147
2024,"pre_buffer",589,-0.84,16.7675270367479
2024,"pre_buffer",590,-0.96,16.7685164842348
2024,"pre_buffer",591,-1.08,16.7691383930058
2024,"pre_buffer",592,-1.2,16.7694817983592
2024,"pre_buffer",593,-1.32,16.7696336370012
2024,"pre_buffer",594,-1.44,16.769680864313
2024,"pre_buffer",595,-1.56,16.7697106530227
2024,"pre_buffer",596,-1.68,16.7698112821441
2024,"pre_buffer",597,-1.8,16.7700720710455
2024,"pre_buffer",598,-1.92,16.770582349497
2024,"pre_buffer",599,-2.04,16.7714311082642
2024,"pre_buffer",600,-2.16,16.7727065612282
2024,"pre_buffer",601,-2.28,16.7744679796024
2024,"pre_buffer",602,-2.4,16.7766822498391
2024,"pre_buffer",603,-2.52,16.7792968186184
2024,"pre_buffer",604,-2.64,16.7822587699991
2024,"pre_buffer",605,-2.76,16.7855151095933
2024,"pre_buffer",606,-2.88,16.7890130204286
2024,"pre_buffer",607,-3,16.7926999160806
2024,"pre_buffer",608,-3.12,16.7965222497787
2024,"pre_buffer",609,-3.24,16.8004264828586
2024,"pre_buffer",610,-3.36,16.8043600823593
2024,"pre_buffer",611,-3.48,16.8082716329579
2024,"pre_buffer",612,-3.6,16.8121109502888
2024,"pre_buffer",613,-3.72,16.8158762589109
2024,"pre_buffer",614,-3.84,16.8197031865503
2024,"pre_buffer",615,-3.96,16.8237519120028
2024,"pre_buffer",616,-4.08,16.8281828620809
2024,"pre_buffer",617,-4.2,16.833157565433
2024,"pre_buffer",618,-4.32,16.8388399492241
2024,"pre_buffer",619,-4.44,16.8453980896198
2024,"pre_buffer",620,-4.4810252515562,16.848
2024,"pre_buffer",621,-4.56,16.8530395889568
2024,"pre_buffer",622,-4.68,16.8619298814101
2024,"pre_buffer",623,-4.8,16.8722359659102
2024,"pre_buffer",624,-4.92,16.8841592727775
2024,"pre_buffer",625,-5.04,16.8979260387033
2024,"pre_buffer",626,-5.16,16.9136818856633
2024,"pre_buffer",627,-5.28,16.9313068662743
2024,"pre_buffer",628,-5.4,16.9506345362602
2024,"pre_buffer",629,-5.52,16.971489063743
2024,"pre_buffer",630,-5.63100141882002,16.992
2024,"pre_buffer",631,-5.64,16.9936781950585
2024,"pre_buffer",632,-5.76,17.0169565502186
2024,"pre_buffer",633,-5.88,17.0410800312101
2024,"pre_buffer",634,-6,17.0657727267103
2024,"pre_buffer",635,-6.12,17.0907243332852
2024,"pre_buffer",636,-6.24,17.1155877356396
2024,"pre_buffer",637,-6.34057826886144,17.136
2024,"pre_buffer",638,-6.36,17.1399412554416
2024,"pre_buffer",639,-6.48,17.1631800352824
2024,"pre_buffer",640,-6.6,17.1851984769643
2024,"pre_buffer",641,-6.72,17.2061459895062
2024,"pre_buffer",642,-6.84,17.2262566203727
2024,"pre_buffer",643,-6.96,17.2457887246818
2024,"pre_buffer",644,-7.08,17.2650213895713
2024,"pre_buffer",645,-7.17351608568018,17.28
2024,"pre_buffer",646,-7.2,17.2841826440146
2024,"pre_buffer",647,-7.32,17.3033851814883
2024,"pre_buffer",648,-7.44,17.3232178653898
2024,"pre_buffer",649,-7.56,17.3440546963118
2024,"pre_buffer",650,-7.68,17.366306605628
2024,"pre_buffer",651,-7.8,17.3904292476627
2024,"pre_buffer",652,-7.92,17.4169279694532
2024,"pre_buffer",653,-7.94908457227318,17.424
2024,"pre_buffer",654,-8.04,17.4460388074491
2024,"pre_buffer",655,-8.16,17.4784335799222
2024,"pre_buffer",656,-8.28,17.514716447853
2024,"pre_buffer",657,-8.4,17.555429014053
2024,"pre_buffer",658,-8.43340627909296,17.568
2024,"pre_buffer",659,-8.52,17.6010664543518
2024,"pre_buffer",660,-8.64,17.6524105282311
2024,"pre_buffer",661,-8.76,17.7101980248136
2024,"pre_buffer",662,-8.76340161901217,17.712
2024,"pre_buffer",663,-8.88,17.7755970429286
2024,"pre_buffer",664,-9,17.8492137931504
2024,"pre_buffer",665,-9.01008481002843,17.856
2024,"pre_buffer",666,-9.12,17.9329418910258
2024,"pre_buffer",667,-9.20618323951935,18
2024,"pre_buffer",668,-9.24,18.027556482075
2024,"pre_buffer",669,-9.36,18.1350072456395
2024,"pre_buffer",670,-9.36924599099759,18.144
2024,"pre_buffer",671,-9.48,18.257570845436
2024,"pre_buffer",672,-9.50742510768596,18.288
2024,"pre_buffer",673,-9.6,18.3967183939788
2024,"pre_buffer",674,-9.62805925408357,18.432
2024,"pre_buffer",675,-9.72,18.5546820043031
2024,"pre_buffer",676,-9.73506404356375,18.576
2024,"pre_buffer",677,-9.83105306775287,18.72
2024,"pre_buffer",678,-9.84,18.7342256898136
2024,"pre_buffer",679,-9.91785497523871,18.864
2024,"pre_buffer",680,-9.96,18.9388935870083
2024,"pre_buffer",681,-9.9973499678891,19.008
2024,"pre_buffer",682,-10.0702975481876,19.152
2024,"pre_buffer",683,-10.08,19.1723810781976
2024,"pre_buffer",684,-10.1369513185938,19.296
2024,"pre_buffer",685,-10.198521383261,19.44
2024,"pre_buffer",686,-10.2,19.4436949043352
2024,"pre_buffer",687,-10.2546749196735,19.584
2024,"pre_buffer",688,-10.3064642487563,19.728
2024,"pre_buffer",689,-10.32,19.7685992502638
2024,"pre_buffer",690,-10.3537555687093,19.872
2024,"pre_buffer",691,-10.3970482915934,20.016
2024,"pre_buffer",692,-10.4367110804742,20.16
2024,"pre_buffer",693,-10.44,20.173022916103
2024,"pre_buffer",694,-10.4726318106276,20.304
2024,"pre_buffer",695,-10.5053944435798,20.448
2024,"pre_buffer",696,-10.5354603193291,20.592
2024,"pre_buffer",697,-10.56,20.7193364313085
2024,"pre_buffer",698,-10.5631897419611,20.736
2024,"pre_buffer",699,-10.5887318931314,20.88
2024,"pre_buffer",700,-10.6125532041126,21.024
2024,"pre_buffer",701,-10.6348557377882,21.168
2024,"pre_buffer",702,-10.6558004031259,21.312
2024,"pre_buffer",703,-10.6755128029929,21.456
2024,"pre_buffer",704,-10.68,21.4908606848857
2024,"pre_buffer",705,-10.6939588636993,21.6
2024,"pre_buffer",706,-10.7113138452078,21.744
2024,"pre_buffer",707,-10.7276791458415,21.888
2024,"pre_buffer",708,-10.7430590817624,22.032
2024,"pre_buffer",709,-10.7573388352142,22.176
2024,"pre_buffer",710,-10.7704107223809,22.32
2024,"pre_buffer",711,-10.782199928861,22.464
2024,"pre_buffer",712,-10.792659911801,22.608
2024,"pre_buffer",713,-10.8,22.7238881029801
2025,"buffer_2025",1,-10.32,22.1854814850193
2025,"buffer_2025",2,-10.3339895547091,22.32
2025,"buffer_2025",3,-10.34819752337,22.464
2025,"buffer_2025",4,-10.3614204826157,22.608
2025,"buffer_2025",5,-10.3734698535538,22.752
2025,"buffer_2025",6,-10.3841788588137,22.896
2025,"buffer_2025",7,-10.3933980846198,23.04
2025,"buffer_2025",8,-10.4009901892868,23.184
2025,"buffer_2025",9,-10.4068239226305,23.328
2025,"buffer_2025",10,-10.4107675127273,23.472
2025,"buffer_2025",11,-10.4127580077832,23.616
2025,"buffer_2025",12,-10.4129880631698,23.76
2025,"buffer_2025",13,-10.4116935271572,23.904
2025,"buffer_2025",14,-10.4091022747418,24.048
2025,"buffer_2025",15,-10.4054418767758,24.192
2025,"buffer_2025",16,-10.4009442056924,24.336
2025,"buffer_2025",17,-10.3958493813417,24.48
2025,"buffer_2025",18,-10.3904078535075,24.624
2025,"buffer_2025",19,-10.3848806490223,24.768
2025,"buffer_2025",20,-10.379537765241,24.912
2025,"buffer_2025",21,-10.3746546133487,25.056
2025,"buffer_2025",22,-10.370458273032,25.2
2025,"buffer_2025",23,-10.3669861497061,25.344
2025,"buffer_2025",24,-10.3642204314755,25.488
2025,"buffer_2025",25,-10.3621335133302,25.632
2025,"buffer_2025",26,-10.3606914259328,25.776
2025,"buffer_2025",27,-10.3598561832009,25.92
2025,"buffer_2025",28,-10.3595842601393,26.064
2025,"buffer_2025",29,-10.3598319897587,26.208
2025,"buffer_2025",30,-10.3605594291065,26.352
2025,"buffer_2025",31,-10.3617317913077,26.496
2025,"buffer_2025",32,-10.363320623049,26.64
2025,"buffer_2025",33,-10.3652833740321,26.784
2025,"buffer_2025",34,-10.36749716259,26.928
2025,"buffer_2025",35,-10.3698170246162,27.072
2025,"buffer_2025",36,-10.3720936704494,27.216
2025,"buffer_2025",37,-10.3741713411276,27.36
2025,"buffer_2025",38,-10.3758882494471,27.504
2025,"buffer_2025",39,-10.3770813502493,27.648
2025,"buffer_2025",40,-10.3775838438995,27.792
2025,"buffer_2025",41,-10.3772269429132,27.936
2025,"buffer_2025",42,-10.3758458405774,28.08
2025,"buffer_2025",43,-10.3732906510635,28.224
2025,"buffer_2025",44,-10.3694617554677,28.368
2025,"buffer_2025",45,-10.3644126129108,28.512
2025,"buffer_2025",46,-10.3582402502705,28.656
2025,"buffer_2025",47,-10.3510420427738,28.8
2025,"buffer_2025",48,-10.3429102315614,28.944
2025,"buffer_2025",49,-10.3339274419839,29.088
2025,"buffer_2025",50,-10.3241631571072,29.232
2025,"buffer_2025",51,-10.32,29.2888753154779
2025,"buffer_2025",52,-10.3136575728339,29.376
2025,"buffer_2025",53,-10.3024616456648,29.52
2025,"buffer_2025",54,-10.2906051396911,29.664
2025,"buffer_2025",55,-10.278084609816,29.808
2025,"buffer_2025",56,-10.2648988591259,29.952
2025,"buffer_2025",57,-10.2511457644954,30.096
2025,"buffer_2025",58,-10.2369564804467,30.24
2025,"buffer_2025",59,-10.2224710340523,30.384
2025,"buffer_2025",60,-10.2078374565561,30.528
2025,"buffer_2025",61,-10.2,30.6052724248844
2025,"buffer_2025",62,-10.1932318263974,30.672
2025,"buffer_2025",63,-10.1788305863488,30.816
2025,"buffer_2025",64,-10.1647799154613,30.96
2025,"buffer_2025",65,-10.1512536753002,31.104
2025,"buffer_2025",66,-10.1384383469356,31.248
2025,"buffer_2025",67,-10.1265334634265,31.392
2025,"buffer_2025",68,-10.1156992250772,31.536
2025,"buffer_2025",69,-10.105852989015,31.68
2025,"buffer_2025",70,-10.096837982622,31.824
2025,"buffer_2025",71,-10.0884969989764,31.968
2025,"buffer_2025",72,-10.0806717885219,32.112
2025,"buffer_2025",73,-10.08,32.1250182754425
2025,"buffer_2025",74,-10.0731875280964,32.256
2025,"buffer_2025",75,-10.0658785101612,32.4
2025,"buffer_2025",76,-10.0585661996764,32.544
2025,"buffer_2025",77,-10.0510678593743,32.688
2025,"buffer_2025",78,-10.0432004580006,32.832
2025,"buffer_2025",79,-10.0347820094865,32.976
2025,"buffer_2025",80,-10.0256511584773,33.12
2025,"buffer_2025",81,-10.0157396412108,33.264
2025,"buffer_2025",82,-10.005005079933,33.408
2025,"buffer_2025",83,-9.9933998580557,33.552
2025,"buffer_2025",84,-9.98086972764214,33.696
2025,"buffer_2025",85,-9.96735225926563,33.84
2025,"buffer_2025",86,-9.96,33.9127036227803
2025,"buffer_2025",87,-9.95272481914867,33.984
2025,"buffer_2025",88,-9.93690276129503,34.128
2025,"buffer_2025",89,-9.91986428602121,34.272
2025,"buffer_2025",90,-9.90152404315819,34.416
2025,"buffer_2025",91,-9.88177381628952,34.56
2025,"buffer_2025",92,-9.86050004383709,34.704
2025,"buffer_2025",93,-9.84,34.8336039886365
2025,"buffer_2025",94,-9.83770371036587,34.848
2025,"buffer_2025",95,-9.81342544025716,34.992
2025,"buffer_2025",96,-9.78780877618257,35.136
2025,"buffer_2025",97,-9.76096444906872,35.28
2025,"buffer_2025",98,-9.73303027407676,35.424
2025,"buffer_2025",99,-9.72,35.4892619891747
2025,"buffer_2025",100,-9.70422405813281,35.568
2025,"buffer_2025",101,-9.67473859459534,35.712
2025,"buffer_2025",102,-9.64474507594324,35.856
2025,"buffer_2025",103,-9.61448173240413,36
2025,"buffer_2025",104,-9.6,36.0690512160154
2025,"buffer_2025",105,-9.5842661280135,36.144
2025,"buffer_2025",106,-9.55423006615304,36.288
2025,"buffer_2025",107,-9.52410610601356,36.432
2025,"buffer_2025",108,-9.49353187850454,36.576
2025,"buffer_2025",109,-9.48,36.6382064910854
2025,"buffer_2025",110,-9.46202366779925,36.72
2025,"buffer_2025",111,-9.42903071149611,36.864
2025,"buffer_2025",112,-9.39414933211612,37.008
2025,"buffer_2025",113,-9.36,37.1402018092322
2025,"buffer_2025",114,-9.35687930884712,37.152
2025,"buffer_2025",115,-9.31610979665125,37.296
2025,"buffer_2025",116,-9.27179309294499,37.44
2025,"buffer_2025",117,-9.24,37.5351092934311
2025,"buffer_2025",118,-9.22313972220794,37.584
2025,"buffer_2025",119,-9.16932557318303,37.728
2025,"buffer_2025",120,-9.12,37.8496753566964
2025,"buffer_2025",121,-9.11070790255329,37.872
2025,"buffer_2025",122,-9.04696561065045,38.016
2025,"buffer_2025",123,-9,38.1167455320417
2025,"buffer_2025",124,-8.97950555382317,38.16
2025,"buffer_2025",125,-8.90867036716045,38.304
2025,"buffer_2025",126,-8.88,38.3604899883647
2025,"buffer_2025",127,-8.83519183924462,38.448
2025,"buffer_2025",128,-8.76,38.591509630684
2025,"buffer_2025",129,-8.75974064864771,38.592
2025,"buffer_2025",130,-8.68150231630521,38.736
2025,"buffer_2025",131,-8.64,38.8104528823615
2025,"buffer_2025",132,-8.6006248814309,38.88
2025,"buffer_2025",133,-8.52,39.0175146173997
2025,"buffer_2025",134,-8.51609872875268,39.024
2025,"buffer_2025",135,-8.42518375882807,39.168
2025,"buffer_2025",136,-8.4,39.2056668847014
2025,"buffer_2025",137,-8.32555611222678,39.312
2025,"buffer_2025",138,-8.28,39.3725258518991
2025,"buffer_2025",139,-8.2130545294773,39.456
2025,"buffer_2025",140,-8.16,39.5173040993053
2025,"buffer_2025",141,-8.08245108467847,39.6
2025,"buffer_2025",142,-8.04,39.6421790290191
2025,"buffer_2025",143,-7.9273856346574,39.744
2025,"buffer_2025",144,-7.92,39.7502855634259
2025,"buffer_2025",145,-7.8,39.8430627773487
2025,"buffer_2025",146,-7.73569810422802,39.888
2025,"buffer_2025",147,-7.68,39.9253243020665
2025,"buffer_2025",148,-7.56,39.999113473513
2025,"buffer_2025",149,-7.50223568746769,40.032
2025,"buffer_2025",150,-7.44,40.0666272053006
2025,"buffer_2025",151,-7.32,40.1294083074918
2025,"buffer_2025",152,-7.22642411351991,40.176
2025,"buffer_2025",153,-7.2,40.1890589582215
2025,"buffer_2025",154,-7.08,40.2461006567454
2025,"buffer_2025",155,-6.96,40.3019194041416
2025,"buffer_2025",156,-6.92037642351202,40.32
2025,"buffer_2025",157,-6.84,40.3568197207545
2025,"buffer_2025",158,-6.72,40.4114576835862
2025,"buffer_2025",159,-6.60485736350382,40.464
2025,"buffer_2025",160,-6.6,40.4662280199101
2025,"buffer_2025",161,-6.48,40.5208368581711
2025,"buffer_2025",162,-6.36,40.5755418634478
2025,"buffer_2025",163,-6.28821265803885,40.608
2025,"buffer_2025",164,-6.24,40.6297479819606
2025,"buffer_2025",165,-6.12,40.6828301766962
2025,"buffer_2025",166,-6,40.7346596710472
2025,"buffer_2025",167,-5.95843890300113,40.752
2025,"buffer_2025",168,-5.88,40.78434853256
2025,"buffer_2025",169,-5.76,40.8317468747861
2025,"buffer_2025",170,-5.64,40.8767900121678
2025,"buffer_2025",171,-5.58562133081476,40.896
2025,"buffer_2025",172,-5.52,40.9187687812228
2025,"buffer_2025",173,-5.4,40.9575724727197
2025,"buffer_2025",174,-5.28,40.9933474137728
2025,"buffer_2025",175,-5.16,41.0258995485416
2025,"buffer_2025",176,-5.10194758818421,41.04
2025,"buffer_2025",177,-5.04,41.0548012787845
2025,"buffer_2025",178,-4.92,41.0800516495702
2025,"buffer_2025",179,-4.8,41.1020662922876
2025,"buffer_2025",180,-4.68,41.121134515045
2025,"buffer_2025",181,-4.56,41.1375542506613
2025,"buffer_2025",182,-4.44,41.1516194664595
2025,"buffer_2025",183,-4.32,41.1636107677857
2025,"buffer_2025",184,-4.2,41.1737965443227
2025,"buffer_2025",185,-4.08,41.1824442726837
2025,"buffer_2025",186,-4.0546866545467,41.184
2025,"buffer_2025",187,-3.96,41.1897885440715
2025,"buffer_2025",188,-3.84,41.1961397145375
2025,"buffer_2025",189,-3.72,41.2017694280508
2025,"buffer_2025",190,-3.6,41.2069393482836
2025,"buffer_2025",191,-3.48,41.2118677189436
2025,"buffer_2025",192,-3.36,41.2165354410083
2025,"buffer_2025",193,-3.24,41.2208455108853
2025,"buffer_2025",194,-3.12,41.2247058845854
2025,"buffer_2025",195,-3,41.2280295811689
2025,"buffer_2025",196,-2.88,41.2307346794521
2025,"buffer_2025",197,-2.76,41.2327693215558
2025,"buffer_2025",198,-2.64,41.2341324582689
2025,"buffer_2025",199,-2.52,41.2348294723877
2025,"buffer_2025",200,-2.4,41.2348661377121
2025,"buffer_2025",201,-2.28,41.2342479175505
2025,"buffer_2025",202,-2.16,41.2329792951393
2025,"buffer_2025",203,-2.04,41.2310754809393
2025,"buffer_2025",204,-1.92,41.2286092348133
2025,"buffer_2025",205,-1.8,41.2256681678724
2025,"buffer_2025",206,-1.68,41.2223365211658
2025,"buffer_2025",207,-1.56,41.2186953936982
2025,"buffer_2025",208,-1.44,41.2148233124682
2025,"buffer_2025",209,-1.32,41.210802286344
2025,"buffer_2025",210,-1.2,41.206718197476
2025,"buffer_2025",211,-1.08,41.2026557045368
2025,"buffer_2025",212,-0.96,41.1986987305493
2025,"buffer_2025",213,-0.84,41.1949178772913
2025,"buffer_2025",214,-0.72,41.1913429357174
2025,"buffer_2025",215,-0.6,41.1879943793933
2025,"buffer_2025",216,-0.48,41.1848870159831
2025,"buffer_2025",217,-0.442413814285404,41.184
2025,"buffer_2025",218,-0.36,41.1820453103997
2025,"buffer_2025",219,-0.24,41.1794957335575
2025,"buffer_2025",220,-0.12,41.1772643826102
2025,"buffer_2025",221,0,41.1753826280445
2025,"buffer_2025",222,0.12,41.1738846701771
2025,"buffer_2025",223,0.24,41.1728063205225
2025,"buffer_2025",224,0.36,41.1721835014056
2025,"buffer_2025",225,0.48,41.1720504673322
2025,"buffer_2025",226,0.6,41.172437788211
2025,"buffer_2025",227,0.72,41.1733701773122
2025,"buffer_2025",228,0.84,41.1748119206482
2025,"buffer_2025",229,0.96,41.1765254698071
2025,"buffer_2025",230,1.08,41.1782416213875
2025,"buffer_2025",231,1.2,41.1797544782464
2025,"buffer_2025",232,1.32,41.1808859501262
2025,"buffer_2025",233,1.44,41.1814683301759
2025,"buffer_2025",234,1.56,41.1813432045227
2025,"buffer_2025",235,1.68,41.1803581448778
2025,"buffer_2025",236,1.8,41.1783635126485
2025,"buffer_2025",237,1.92,41.1752094233125
2025,"buffer_2025",238,2.04,41.1707408120142
2025,"buffer_2025",239,2.16,41.1647915599449
2025,"buffer_2025",240,2.28,41.1572750083708
2025,"buffer_2025",241,2.4,41.1484057449977
2025,"buffer_2025",242,2.52,41.1384541892876
2025,"buffer_2025",243,2.64,41.1276883596859
2025,"buffer_2025",244,2.76,41.1163797164092
2025,"buffer_2025",245,2.88,41.1048078941574
2025,"buffer_2025",246,3,41.0932530599763
2025,"buffer_2025",247,3.12,41.0819057211049
2025,"buffer_2025",248,3.24,41.0709143866577
2025,"buffer_2025",249,3.36,41.0604402054627
2025,"buffer_2025",250,3.48,41.0506569159777
2025,"buffer_2025",251,3.6,41.0417494041296
2025,"buffer_2025",252,3.62655823671679,41.04
2025,"buffer_2025",253,3.72,41.033740191003
2025,"buffer_2025",254,3.84,41.026588742267
2025,"buffer_2025",255,3.96,41.0201362977492
2025,"buffer_2025",256,4.08,41.0141891129541
2025,"buffer_2025",257,4.2,41.0085473328259
2025,"buffer_2025",258,4.32,41.003006661332
2025,"buffer_2025",259,4.44,40.997359379712
2025,"buffer_2025",260,4.56,40.991394909863
2025,"buffer_2025",261,4.68,40.9849043939725
2025,"buffer_2025",262,4.8,40.9776795628947
2025,"buffer_2025",263,4.92,40.9695099520255
2025,"buffer_2025",264,5.04,40.9602466213414
2025,"buffer_2025",265,5.16,40.9497689602533
2025,"buffer_2025",266,5.28,40.9378960042354
2025,"buffer_2025",267,5.4,40.9244341144757
2025,"buffer_2025",268,5.52,40.9091859740687
2025,"buffer_2025",269,5.61189957019744,40.896
2025,"buffer_2025",270,5.64,40.8919552504744
2025,"buffer_2025",271,5.76,40.8725070718605
2025,"buffer_2025",272,5.88,40.8505752717034
2025,"buffer_2025",273,6,40.825927044578
2025,"buffer_2025",274,6.12,40.7983318112537
2025,"buffer_2025",275,6.24,40.7675653288334
2025,"buffer_2025",276,6.29492003102901,40.752
2025,"buffer_2025",277,6.36,40.7331920947007
2025,"buffer_2025",278,6.48,40.6948817094653
2025,"buffer_2025",279,6.6,40.652691534494
2025,"buffer_2025",280,6.71684550723088,40.608
2025,"buffer_2025",281,6.72,40.6067628910718
2025,"buffer_2025",282,6.84,40.5564403419873
2025,"buffer_2025",283,6.96,40.5025417845138
2025,"buffer_2025",284,7.04095058513379,40.464
2025,"buffer_2025",285,7.08,40.4448899510676
2025,"buffer_2025",286,7.2,40.38312460957
2025,"buffer_2025",287,7.31637474086806,40.32
2025,"buffer_2025",288,7.32,40.317980811695
2025,"buffer_2025",289,7.44,40.248530427917
2025,"buffer_2025",290,7.55966530629871,40.176
2025,"buffer_2025",291,7.56,40.1757922093451
2025,"buffer_2025",292,7.68,40.0988872204604
2025,"buffer_2025",293,7.780219523407,40.032
2025,"buffer_2025",294,7.8,40.0185186359098
2025,"buffer_2025",295,7.92,39.9341603352479
2025,"buffer_2025",296,7.983295533679,39.888
2025,"buffer_2025",297,8.04,39.8458734231266
2025,"buffer_2025",298,8.16,39.7528979363375
2025,"buffer_2025",299,8.17105062264362,39.744
2025,"buffer_2025",300,8.28,39.6547772585857
2025,"buffer_2025",301,8.34365799307248,39.6
2025,"buffer_2025",302,8.4,39.5508191231439
2025,"buffer_2025",303,8.50315340259593,39.456
2025,"buffer_2025",304,8.52,39.4403166951497
2025,"buffer_2025",305,8.64,39.3227714524135
2025,"buffer_2025",306,8.65047155544732,39.312
2025,"buffer_2025",307,8.76,39.1972985020646
2025,"buffer_2025",308,8.7865698721594,39.168
2025,"buffer_2025",309,8.88,39.0621311300363
2025,"buffer_2025",310,8.91203339789887,39.024
2025,"buffer_2025",311,9,38.9154333306097
2025,"buffer_2025",312,9.02744368858811,38.88
2025,"buffer_2025",313,9.12,38.7551961726952
2025,"buffer_2025",314,9.13368697192754,38.736
2025,"buffer_2025",315,9.23168787892537,38.592
2025,"buffer_2025",316,9.24,38.5791615934409
2025,"buffer_2025",317,9.32247413529386,38.448
2025,"buffer_2025",318,9.36,38.384878852431
2025,"buffer_2025",319,9.40700099695397,38.304
2025,"buffer_2025",320,9.48,38.1709889773221
2025,"buffer_2025",321,9.48591225721516,38.16
2025,"buffer_2025",322,9.5597377466373,38.016
2025,"buffer_2025",323,9.6,37.9327688283126
2025,"buffer_2025",324,9.6289441163166,37.872
2025,"buffer_2025",325,9.69400522890529,37.728
2025,"buffer_2025",326,9.72,37.6673568970455
2025,"buffer_2025",327,9.75529114590379,37.584
2025,"buffer_2025",328,9.81326739194358,37.44
2025,"buffer_2025",329,9.84,37.3703414880846
2025,"buffer_2025",330,9.86822328927124,37.296
2025,"buffer_2025",331,9.92049091408763,37.152
2025,"buffer_2025",332,9.96,37.0380590159017
2025,"buffer_2025",333,9.97031881433586,37.008
2025,"buffer_2025",334,10.0178856081125,36.864
2025,"buffer_2025",335,10.0634770854277,36.72
2025,"buffer_2025",336,10.08,36.6658471670438
2025,"buffer_2025",337,10.1071724256213,36.576
2025,"buffer_2025",338,10.1491778939098,36.432
2025,"buffer_2025",339,10.1896575802891,36.288
2025,"buffer_2025",340,10.2,36.2500185710284
2025,"buffer_2025",341,10.2286042988771,36.144
2025,"buffer_2025",342,10.2661639904165,36
2025,"buffer_2025",343,10.3023644209271,35.856
2025,"buffer_2025",344,10.32,35.7832680831453
2025,"buffer_2025",345,10.337064651869,35.712
2025,"buffer_2025",346,10.370213296645,35.568
2025,"buffer_2025",347,10.4018902788794,35.424
2025,"buffer_2025",348,10.4320721704554,35.28
2025,"buffer_2025",349,10.44,35.2403933466902
2025,"buffer_2025",350,10.4604842337725,35.136
2025,"buffer_2025",351,10.4872514912628,34.992
2025,"buffer_2025",352,10.5124706977742,34.848
2025,"buffer_2025",353,10.5361557978544,34.704
2025,"buffer_2025",354,10.5583276044305,34.56
2025,"buffer_2025",355,10.56,34.548445091251
2025,"buffer_2025",356,10.5786637860702,34.416
2025,"buffer_2025",357,10.5975394113251,34.272
2025,"buffer_2025",358,10.6150334978083,34.128
2025,"buffer_2025",359,10.6311952355998,33.984
2025,"buffer_2025",360,10.6460741899578,33.84
2025,"buffer_2025",361,10.6597228128825,33.696
2025,"buffer_2025",362,10.6721920914301,33.552
2025,"buffer_2025",363,10.68,33.4529500484232
2025,"buffer_2025",364,10.6834689558247,33.408
2025,"buffer_2025",365,10.6935577106981,33.264
2025,"buffer_2025",366,10.7026412448094,33.12
2025,"buffer_2025",367,10.7107546140216,32.976
2025,"buffer_2025",368,10.7179608314355,32.832
2025,"buffer_2025",369,10.7244184667931,32.688
2025,"buffer_2025",370,10.7302970110155,32.544
2025,"buffer_2025",371,10.7357591725548,32.4
2025,"buffer_2025",372,10.7409629615215,32.256
2025,"buffer_2025",373,10.7460628368976,32.112
2025,"buffer_2025",374,10.7512096343376,31.968
2025,"buffer_2025",375,10.7565505649086,31.824
2025,"buffer_2025",376,10.7622282865439,31.68
2025,"buffer_2025",377,10.7683790229035,31.536
2025,"buffer_2025",378,10.7751299819386,31.392
2025,"buffer_2025",379,10.7825419263076,31.248
2025,"buffer_2025",380,10.7904876020554,31.104
2025,"buffer_2025",381,10.7988080571879,30.96
2025,"buffer_2025",382,10.8,30.9400102484728
2025,"buffer_2025",383,10.8073729958584,30.816
2025,"buffer_2025",384,10.8160422564764,30.672
2025,"buffer_2025",385,10.8246858671785,30.528
2025,"buffer_2025",386,10.8331844133039,30.384
2025,"buffer_2025",387,10.8414298644729,30.24
2025,"buffer_2025",388,10.8493253633868,30.096
2025,"buffer_2025",389,10.8567834854792,29.952
2025,"buffer_2025",390,10.8637238357742,29.808
2025,"buffer_2025",391,10.870079635282,29.664
2025,"buffer_2025",392,10.8758124202618,29.52
2025,"buffer_2025",393,10.8808808574288,29.376
2025,"buffer_2025",394,10.8852340966322,29.232
2025,"buffer_2025",395,10.8888128707566,29.088
2025,"buffer_2025",396,10.8915507711337,28.944
2025,"buffer_2025",397,10.8933757858066,28.8
2025,"buffer_2025",398,10.8942121749181,28.656
2025,"buffer_2025",399,10.8939827392206,28.512
2025,"buffer_2025",400,10.8926115119221,28.368
2025,"buffer_2025",401,10.8900268696036,28.224
2025,"buffer_2025",402,10.8862141267977,28.08
2025,"buffer_2025",403,10.8813515399768,27.936
2025,"buffer_2025",404,10.8756611523707,27.792
2025,"buffer_2025",405,10.8693566372936,27.648
2025,"buffer_2025",406,10.8626456474894,27.504
2025,"buffer_2025",407,10.8557292950335,27.36
2025,"buffer_2025",408,10.8488003131709,27.216
2025,"buffer_2025",409,10.8420402458454,27.072
2025,"buffer_2025",410,10.8356232897361,26.928
2025,"buffer_2025",411,10.8297188820837,26.784
2025,"buffer_2025",412,10.8244940793654,26.64
2025,"buffer_2025",413,10.8200461671819,26.496
2025,"buffer_2025",414,10.8161950434429,26.352
2025,"buffer_2025",415,10.8126954695176,26.208
2025,"buffer_2025",416,10.8093044526558,26.064
2025,"buffer_2025",417,10.805779193403,25.92
2025,"buffer_2025",418,10.8018767735253,25.776
2025,"buffer_2025",419,10.8,25.7160343449976
2025,"buffer_2025",420,10.7973523148763,25.632
2025,"buffer_2025",421,10.7919695957058,25.488
2025,"buffer_2025",422,10.7855118144033,25.344
2025,"buffer_2025",423,10.777778612644,25.2
2025,"buffer_2025",424,10.7685973796966,25.056
2025,"buffer_2025",425,10.757890162885,24.912
2025,"buffer_2025",426,10.7458492296258,24.768
2025,"buffer_2025",427,10.7327226595637,24.624
2025,"buffer_2025",428,10.7187342945191,24.48
2025,"buffer_2025",429,10.7040759780237,24.336
2025,"buffer_2025",430,10.6889030598205,24.192
2025,"buffer_2025",431,10.68,24.1100297743818
2025,"buffer_2025",432,10.6733425949042,24.048
2025,"buffer_2025",433,10.6574911067125,23.904
2025,"buffer_2025",434,10.6413806925578,23.76
2025,"buffer_2025",435,10.6250114961616,23.616
2025,"buffer_2025",436,10.6083465347368,23.472
2025,"buffer_2025",437,10.5912836984844,23.328
2025,"buffer_2025",438,10.5735646719463,23.184
2025,"buffer_2025",439,10.56,23.0791682875009
2025,"buffer_2025",440,10.5549187848212,23.04
2025,"buffer_2025",441,10.5350965620833,22.896
2025,"buffer_2025",442,10.5138139772177,22.752
2025,"buffer_2025",443,10.490844738295,22.608
2025,"buffer_2025",444,10.4659917177415,22.464
2025,"buffer_2025",445,10.44,22.3247899634864
2025,"buffer_2025",446,10.4390982007967,22.32
2025,"buffer_2025",447,10.4101170805964,22.176
2025,"buffer_2025",448,10.3789873699012,22.032
2025,"buffer_2025",449,10.3457754412551,21.888
2025,"buffer_2025",450,10.32,21.7821598766139
2025,"buffer_2025",451,10.3107152366402,21.744
2025,"buffer_2025",452,10.2743111801959,21.6
2025,"buffer_2025",453,10.2368668187692,21.456
2025,"buffer_2025",454,10.2,21.3169400770194
2025,"buffer_2025",455,10.1987007232261,21.312
2025,"buffer_2025",456,10.1602515106836,21.168
2025,"buffer_2025",457,10.1214512370853,21.024
2025,"buffer_2025",458,10.082312508643,20.88
2025,"buffer_2025",459,10.08,20.871586964091
2025,"buffer_2025",460,10.0428404131835,20.736
2025,"buffer_2025",461,10.0026849952888,20.592
2025,"buffer_2025",462,9.96148950402697,20.448
2025,"buffer_2025",463,9.96,20.4429314642467
2025,"buffer_2025",464,9.91855363231947,20.304
2025,"buffer_2025",465,9.87322407281831,20.16
2025,"buffer_2025",466,9.84,20.061061805737
2025,"buffer_2025",467,9.82433492442195,20.016
2025,"buffer_2025",468,9.77041771478277,19.872
2025,"buffer_2025",469,9.72,19.7496729239251
2025,"buffer_2025",470,9.71057500337218,19.728
2025,"buffer_2025",471,9.64245399153204,19.584
2025,"buffer_2025",472,9.6,19.5026622160241
2025,"buffer_2025",473,9.56491665838402,19.44
2025,"buffer_2025",474,9.48,19.3019536340333
2025,"buffer_2025",475,9.47603030349191,19.296
2025,"buffer_2025",476,9.37244656491239,19.152
2025,"buffer_2025",477,9.36,19.1358786075384
2025,"buffer_2025",478,9.2520900432025,19.008
2025,"buffer_2025",479,9.24,18.9944428986886
2025,"buffer_2025",480,9.12,18.8711414542387
2025,"buffer_2025",481,9.11243013460421,18.864
2025,"buffer_2025",482,9,18.7610484779201
2025,"buffer_2025",483,8.95128364052992,18.72
2025,"buffer_2025",484,8.88,18.6606988597733
2025,"buffer_2025",485,8.7702617380377,18.576
2025,"buffer_2025",486,8.76,18.5681191034959
2025,"buffer_2025",487,8.64,18.4811572643848
2025,"buffer_2025",488,8.56796746948607,18.432
2025,"buffer_2025",489,8.52,18.3992684074601
2025,"buffer_2025",490,8.4,18.321089991292
2025,"buffer_2025",491,8.34715731948263,18.288
2025,"buffer_2025",492,8.28,18.2460050045803
2025,"buffer_2025",493,8.16,18.1732994766618
2025,"buffer_2025",494,8.11054918896071,18.144
2025,"buffer_2025",495,8.04,18.1025183364303
2025,"buffer_2025",496,7.92,18.0331660416348
2025,"buffer_2025",497,7.86201983958202,18
2025,"buffer_2025",498,7.8,17.9651254746779
2025,"buffer_2025",499,7.68,17.8987634444056
2025,"buffer_2025",500,7.60040630477794,17.856
2025,"buffer_2025",501,7.56,17.8348576673273
2025,"buffer_2025",502,7.44,17.7740584833596
2025,"buffer_2025",503,7.32,17.7164098512996
2025,"buffer_2025",504,7.3104060120662,17.712
2025,"buffer_2025",505,7.2,17.6628626350411
2025,"buffer_2025",506,7.08,17.61293130204
2025,"buffer_2025",507,6.96347097284179,17.568
2025,"buffer_2025",508,6.96,17.5667059340485
2025,"buffer_2025",509,6.84,17.5248162755061
2025,"buffer_2025",510,6.72,17.4865509365458
2025,"buffer_2025",511,6.6,17.4518701134108
2025,"buffer_2025",512,6.49289160020691,17.424
2025,"buffer_2025",513,6.48,17.4207352824031
2025,"buffer_2025",514,6.36,17.3932969100332
2025,"buffer_2025",515,6.24,17.3688380409567
2025,"buffer_2025",516,6.12,17.3470060758339
2025,"buffer_2025",517,6,17.3274850777427
2025,"buffer_2025",518,5.88,17.3099893879058
2025,"buffer_2025",519,5.76,17.2942580397105
2025,"buffer_2025",520,5.64,17.2800501540345
2025,"buffer_2025",521,5.63953514122644,17.28
2025,"buffer_2025",522,5.52,17.2673125311824
2025,"buffer_2025",523,5.4,17.2556502048938
2025,"buffer_2025",524,5.28,17.244863418284
2025,"buffer_2025",525,5.16,17.2347600428824
2025,"buffer_2025",526,5.04,17.2251533371543
2025,"buffer_2025",527,4.92,17.2158705404502
2025,"buffer_2025",528,4.8,17.2068077432558
2025,"buffer_2025",529,4.68,17.1979349062164
2025,"buffer_2025",530,4.56,17.1892782840244
2025,"buffer_2025",531,4.44,17.1808730101866
2025,"buffer_2025",532,4.32,17.1727599834009
2025,"buffer_2025",533,4.2,17.1649853100771
2025,"buffer_2025",534,4.08,17.157599432974
2025,"buffer_2025",535,3.96,17.1506561772654
2025,"buffer_2025",536,3.84,17.1442115959014
2025,"buffer_2025",537,3.72,17.1383226129944
2025,"buffer_2025",538,3.66735233357164,17.136
2025,"buffer_2025",539,3.6,17.1330620478256
2025,"buffer_2025",540,3.48,17.1284536326432
2025,"buffer_2025",541,3.36,17.1244672564177
2025,"buffer_2025",542,3.24,17.1210634497066
2025,"buffer_2025",543,3.12,17.118196646931
2025,"buffer_2025",544,3,17.1158173480817
2025,"buffer_2025",545,2.88,17.1138735724321
2025,"buffer_2025",546,2.76,17.112275871693
2025,"buffer_2025",547,2.64,17.1108679308775
2025,"buffer_2025",548,2.52,17.1094892393871
2025,"buffer_2025",549,2.4,17.107981634549
2025,"buffer_2025",550,2.28,17.1061874019608
2025,"buffer_2025",551,2.16,17.1039465637203
2025,"buffer_2025",552,2.04,17.1011228572725
2025,"buffer_2025",553,1.92,17.0977167532145
2025,"buffer_2025",554,1.8,17.0937694583749
2025,"buffer_2025",555,1.68,17.0893219798033
2025,"buffer_2025",556,1.56,17.0844171819643
2025,"buffer_2025",557,1.44,17.0791015495001
2025,"buffer_2025",558,1.32,17.0734235329099
2025,"buffer_2025",559,1.2,17.0674349808554
2025,"buffer_2025",560,1.08,17.0611958512896
2025,"buffer_2025",561,0.96,17.0547755138202
2025,"buffer_2025",562,0.84,17.0482894978411
2025,"buffer_2025",563,0.72,17.0419760863206
2025,"buffer_2025",564,0.6,17.0360598135927
2025,"buffer_2025",565,0.48,17.0305660151446
2025,"buffer_2025",566,0.36,17.0254599762203
2025,"buffer_2025",567,0.24,17.0207007777811
2025,"buffer_2025",568,0.12,17.016242220915
2025,"buffer_2025",569,0,17.0120337031333
2025,"buffer_2025",570,-0.12,17.0080210044786
2025,"buffer_2025",571,-0.24,17.0041469496488
2025,"buffer_2025",572,-0.36,17.0003519207313
2025,"buffer_2025",573,-0.48,16.9965742023281
2025,"buffer_2025",574,-0.6,16.9927501462594
2025,"buffer_2025",575,-0.622849197565429,16.992
2025,"buffer_2025",576,-0.72,16.9888234403521
2025,"buffer_2025",577,-0.84,16.9847561513617
2025,"buffer_2025",578,-0.96,16.9806703503722
2025,"buffer_2025",579,-1.08,16.9767111358405
2025,"buffer_2025",580,-1.2,16.9729408886045
2025,"buffer_2025",581,-1.32,16.9693956858492
2025,"buffer_2025",582,-1.44,16.9661124726252
2025,"buffer_2025",583,-1.56,16.963129014487
2025,"buffer_2025",584,-1.68,16.9604843255798
2025,"buffer_2025",585,-1.8,16.9582185286617
2025,"buffer_2025",586,-1.92,16.9563721103297
2025,"buffer_2025",587,-2.04,16.9549856437572
2025,"buffer_2025",588,-2.16,16.9540994886395
2025,"buffer_2025",589,-2.28,16.953729098067
2025,"buffer_2025",590,-2.4,16.953808934313
2025,"buffer_2025",591,-2.52,16.9542564284553
2025,"buffer_2025",592,-2.64,16.9549887835929
2025,"buffer_2025",593,-2.76,16.955923244621
2025,"buffer_2025",594,-2.88,16.9569773309536
2025,"buffer_2025",595,-3,16.9580733598895
2025,"buffer_2025",596,-3.12,16.9591737447378
2025,"buffer_2025",597,-3.24,16.9602623566471
2025,"buffer_2025",598,-3.36,16.9613234244365
2025,"buffer_2025",599,-3.48,16.9623413532728
2025,"buffer_2025",600,-3.6,16.9633007931292
2025,"buffer_2025",601,-3.72,16.9642380766778
2025,"buffer_2025",602,-3.84,16.9653381469577
2025,"buffer_2025",603,-3.96,16.9668112999756
2025,"buffer_2025",604,-4.08,16.9688667738598
2025,"buffer_2025",605,-4.2,16.9717138835388
2025,"buffer_2025",606,-4.32,16.975563718292
2025,"buffer_2025",607,-4.44,16.9806314118284
2025,"buffer_2025",608,-4.56,16.9871388073156
2025,"buffer_2025",609,-4.6313940343902,16.992
2025,"buffer_2025",610,-4.68,16.9953287645047
2025,"buffer_2025",611,-4.8,17.0054500227252
2025,"buffer_2025",612,-4.92,17.0177320385625
2025,"buffer_2025",613,-5.04,17.0324358791989
2025,"buffer_2025",614,-5.16,17.0497157744236
2025,"buffer_2025",615,-5.28,17.069430011065
2025,"buffer_2025",616,-5.4,17.0913852420971
2025,"buffer_2025",617,-5.52,17.1153770552811
2025,"buffer_2025",618,-5.61608996241158,17.136
2025,"buffer_2025",619,-5.64,17.1411754009147
2025,"buffer_2025",620,-5.76,17.1684792638024
2025,"buffer_2025",621,-5.88,17.1970098113398
2025,"buffer_2025",622,-6,17.2264381560061
2025,"buffer_2025",623,-6.12,17.2563936244359
2025,"buffer_2025",624,-6.21438849235371,17.28
2025,"buffer_2025",625,-6.24,17.2864210696268
2025,"buffer_2025",626,-6.36,17.3159081404967
2025,"buffer_2025",627,-6.48,17.3444704981492
2025,"buffer_2025",628,-6.6,17.3717833662408
2025,"buffer_2025",629,-6.72,17.3979954983697
2025,"buffer_2025",630,-6.84,17.4233551908962
2025,"buffer_2025",631,-6.84312411560202,17.424
2025,"buffer_2025",632,-6.96,17.4478842783773
2025,"buffer_2025",633,-7.08,17.472172161027
2025,"buffer_2025",634,-7.2,17.4966161952675
2025,"buffer_2025",635,-7.32,17.5216358748844
2025,"buffer_2025",636,-7.44,17.5476817701212
2025,"buffer_2025",637,-7.52853248846376,17.568
2025,"buffer_2025",638,-7.56,17.5751748462955
2025,"buffer_2025",639,-7.68,17.6045280108188
2025,"buffer_2025",640,-7.8,17.6365386796966
2025,"buffer_2025",641,-7.92,17.6718902551911
2025,"buffer_2025",642,-8.04,17.7112727578755
2025,"buffer_2025",643,-8.04200725052657,17.712
2025,"buffer_2025",644,-8.16,17.7552567289182
2025,"buffer_2025",645,-8.28,17.8045698509735
2025,"buffer_2025",646,-8.39167115091845,17.856
2025,"buffer_2025",647,-8.4,17.8599293006237
2025,"buffer_2025",648,-8.52,17.9225388971778
2025,"buffer_2025",649,-8.64,17.9929323870533
2025,"buffer_2025",650,-8.6509508394647,18
2025,"buffer_2025",651,-8.76,18.0731153513313
2025,"buffer_2025",652,-8.8547744744905,18.144
2025,"buffer_2025",653,-8.88,18.1637524991259
2025,"buffer_2025",654,-9,18.2671272929033
2025,"buffer_2025",655,-9.02213894276252,18.288
2025,"buffer_2025",656,-9.12,18.3853746585127
2025,"buffer_2025",657,-9.16296302861358,18.432
2025,"buffer_2025",658,-9.24,18.5206748869743
2025,"buffer_2025",659,-9.28444924445533,18.576
2025,"buffer_2025",660,-9.36,18.6760931336592
2025,"buffer_2025",661,-9.39092548735356,18.72
2025,"buffer_2025",662,-9.48,18.8548752766261
2025,"buffer_2025",663,-9.48567652172521,18.864
2025,"buffer_2025",664,-9.57011593836386,19.008
2025,"buffer_2025",665,-9.6,19.0625269150832
2025,"buffer_2025",666,-9.64668755429688,19.152
2025,"buffer_2025",667,-9.71668049037426,19.296
2025,"buffer_2025",668,-9.72,19.3032960946559
2025,"buffer_2025",669,-9.77972588791834,19.44
2025,"buffer_2025",670,-9.83784861167996,19.584
2025,"buffer_2025",671,-9.84,19.5897354016275
2025,"buffer_2025",672,-9.89017215850209,19.728
2025,"buffer_2025",673,-9.93814566525963,19.872
2025,"buffer_2025",674,-9.96,19.9435971728725
2025,"buffer_2025",675,-9.98152501037769,20.016
2025,"buffer_2025",676,-10.0205376513568,20.16
2025,"buffer_2025",677,-10.0557012630708,20.304
2025,"buffer_2025",678,-10.08,20.4151091146113
2025,"buffer_2025",679,-10.0870699967985,20.448
2025,"buffer_2025",680,-10.1149243828535,20.592
2025,"buffer_2025",681,-10.1401195465751,20.736
2025,"buffer_2025",682,-10.1630642994573,20.88
2025,"buffer_2025",683,-10.1841221730124,21.024
2025,"buffer_2025",684,-10.2,21.1413056893738
2025,"buffer_2025",685,-10.2035893429798,21.168
2025,"buffer_2025",686,-10.2216876650951,21.312
2025,"buffer_2025",687,-10.2388711691821,21.456
2025,"buffer_2025",688,-10.2554030295724,21.6
2025,"buffer_2025",689,-10.271531166038,21.744
2025,"buffer_2025",690,-10.2874869668124,21.888
2025,"buffer_2025",691,-10.3033838725966,22.032
2025,"buffer_2025",692,-10.3190035777062,22.176
2025,"buffer_2025",693,-10.32,22.1854814850193
2026,"abs_2026",1,-10.08,22.5501411554424
2026,"abs_2026",2,-10.0884677112838,22.608
2026,"abs_2026",3,-10.1081416018262,22.752
2026,"abs_2026",4,-10.1260490900505,22.896
2026,"abs_2026",5,-10.1419125605911,23.04
2026,"abs_2026",6,-10.1554683510965,23.184
2026,"abs_2026",7,-10.1664585668584,23.328
2026,"abs_2026",8,-10.174621760501,23.472
2026,"abs_2026",9,-10.1797816128506,23.616
2026,"abs_2026",10,-10.1820980174361,23.76
2026,"abs_2026",11,-10.1818780105926,23.904
2026,"abs_2026",12,-10.1794645498697,24.048
2026,"abs_2026",13,-10.1751979754688,24.192
2026,"abs_2026",14,-10.1694235171993,24.336
2026,"abs_2026",15,-10.1624991364962,24.48
2026,"abs_2026",16,-10.1548004147197,24.624
2026,"abs_2026",17,-10.1467226515521,24.768
2026,"abs_2026",18,-10.1386801640053,24.912
2026,"abs_2026",19,-10.1311024935201,25.056
2026,"abs_2026",20,-10.1243489911038,25.2
2026,"abs_2026",21,-10.1184789855362,25.344
2026,"abs_2026",22,-10.113466737995,25.488
2026,"abs_2026",23,-10.1092728024665,25.632
2026,"abs_2026",24,-10.1058476302819,25.776
2026,"abs_2026",25,-10.1031273080772,25.92
2026,"abs_2026",26,-10.1009940950861,26.064
2026,"abs_2026",27,-10.0993095240749,26.208
2026,"abs_2026",28,-10.0979364555235,26.352
2026,"abs_2026",29,-10.0967395257948,26.496
2026,"abs_2026",30,-10.0955845059062,26.64
2026,"abs_2026",31,-10.0943519842084,26.784
2026,"abs_2026",32,-10.0929825667199,26.928
2026,"abs_2026",33,-10.0914323924743,27.072
2026,"abs_2026",34,-10.0896581829485,27.216
2026,"abs_2026",35,-10.0876176678326,27.36
2026,"abs_2026",36,-10.0852718348822,27.504
2026,"abs_2026",37,-10.0825906453529,27.648
2026,"abs_2026",38,-10.08,27.7707770358358
2026,"abs_2026",39,-10.0795509825225,27.792
2026,"abs_2026",40,-10.076139623974,27.936
2026,"abs_2026",41,-10.072348698753,28.08
2026,"abs_2026",42,-10.068207835876,28.224
2026,"abs_2026",43,-10.0637566517485,28.368
2026,"abs_2026",44,-10.0590054956605,28.512
2026,"abs_2026",45,-10.0539530680113,28.656
2026,"abs_2026",46,-10.0485937465666,28.8
2026,"abs_2026",47,-10.0429166729728,28.944
2026,"abs_2026",48,-10.0369049245545,29.088
2026,"abs_2026",49,-10.0305347132211,29.232
2026,"abs_2026",50,-10.0237745395057,29.376
2026,"abs_2026",51,-10.0165842187203,29.52
2026,"abs_2026",52,-10.0089136845551,29.664
2026,"abs_2026",53,-10.0007014595259,29.808
2026,"abs_2026",54,-9.99191665725106,29.952
2026,"abs_2026",55,-9.98271497909266,30.096
2026,"abs_2026",56,-9.97328279045569,30.24
2026,"abs_2026",57,-9.9637291678497,30.384
2026,"abs_2026",58,-9.96,30.4400387091462
2026,"abs_2026",59,-9.954145493353,30.528
2026,"abs_2026",60,-9.9446305484471,30.672
2026,"abs_2026",61,-9.93528486245978,30.816
2026,"abs_2026",62,-9.92620504524003,30.96
2026,"abs_2026",63,-9.91749125576111,31.104
2026,"abs_2026",64,-9.90925000024382,31.248
2026,"abs_2026",65,-9.9015946872596,31.392
2026,"abs_2026",66,-9.89459603186725,31.536
2026,"abs_2026",67,-9.88808948229662,31.68
2026,"abs_2026",68,-9.88183864797262,31.824
2026,"abs_2026",69,-9.87560557477712,31.968
2026,"abs_2026",70,-9.86915001723975,32.112
2026,"abs_2026",71,-9.86222941226431,32.256
2026,"abs_2026",72,-9.85463587700666,32.4
2026,"abs_2026",73,-9.84626923517477,32.544
2026,"abs_2026",74,-9.84,32.642115013178
2026,"abs_2026",75,-9.83703414834631,32.688
2026,"abs_2026",76,-9.82682749135588,32.832
2026,"abs_2026",77,-9.81562651337625,32.976
2026,"abs_2026",78,-9.80339096597946,33.12
2026,"abs_2026",79,-9.79013148075552,33.264
2026,"abs_2026",80,-9.77587085991126,33.408
2026,"abs_2026",81,-9.76062705936457,33.552
2026,"abs_2026",82,-9.74441122735211,33.696
2026,"abs_2026",83,-9.72722585514634,33.84
2026,"abs_2026",84,-9.72,33.8972667236795
2026,"abs_2026",85,-9.70900501457266,33.984
2026,"abs_2026",86,-9.68975951981367,34.128
2026,"abs_2026",87,-9.66951941940134,34.272
2026,"abs_2026",88,-9.6482623126964,34.416
2026,"abs_2026",89,-9.62591604561721,34.56
2026,"abs_2026",90,-9.602351005687,34.704
2026,"abs_2026",91,-9.6,34.7177019819031
2026,"abs_2026",92,-9.5776070045839,34.848
2026,"abs_2026",93,-9.55182754822417,34.992
2026,"abs_2026",94,-9.52513209429719,35.136
2026,"abs_2026",95,-9.49764631169532,35.28
2026,"abs_2026",96,-9.48,35.3703893355553
2026,"abs_2026",97,-9.46955021689249,35.424
2026,"abs_2026",98,-9.44102480504457,35.568
2026,"abs_2026",99,-9.41212952253771,35.712
2026,"abs_2026",100,-9.38299820166482,35.856
2026,"abs_2026",101,-9.36,35.9694071434623
2026,"abs_2026",102,-9.35379384309165,36
2026,"abs_2026",103,-9.32466185100296,36.144
2026,"abs_2026",104,-9.29552009221203,36.288
2026,"abs_2026",105,-9.26604230880212,36.432
2026,"abs_2026",106,-9.24,36.5560441303885
2026,"abs_2026",107,-9.23573965696571,36.576
2026,"abs_2026",108,-9.20385195628454,36.72
2026,"abs_2026",109,-9.17000985271808,36.864
2026,"abs_2026",110,-9.13374253322896,37.008
2026,"abs_2026",111,-9.12,37.0590125205239
2026,"abs_2026",112,-9.09403140228348,37.152
2026,"abs_2026",113,-9.05046866782231,37.296
2026,"abs_2026",114,-9.00298827073108,37.44
2026,"abs_2026",115,-9,37.4484321390738
2026,"abs_2026",116,-8.94992776947355,37.584
2026,"abs_2026",117,-8.89235731639502,37.728
2026,"abs_2026",118,-8.88,37.7569756118227
2026,"abs_2026",119,-8.82910508813513,37.872
2026,"abs_2026",120,-8.76187862666939,38.016
2026,"abs_2026",121,-8.76,38.0198506403724
2026,"abs_2026",122,-8.6895671706341,38.16
2026,"abs_2026",123,-8.64,38.2553688771363
2026,"abs_2026",124,-8.61401699293589,38.304
2026,"abs_2026",125,-8.5347560419563,38.448
2026,"abs_2026",126,-8.52,38.4739769764244
2026,"abs_2026",127,-8.45106495450284,38.592
2026,"abs_2026",128,-8.4,38.6766141821025
2026,"abs_2026",129,-8.36290706693516,38.736
2026,"abs_2026",130,-8.28,38.8634042885606
2026,"abs_2026",131,-8.26870002171219,38.88
2026,"abs_2026",132,-8.16538919581572,39.024
2026,"abs_2026",133,-8.16,39.0310812599917
2026,"abs_2026",134,-8.04873348336871,39.168
2026,"abs_2026",135,-8.04,39.1780168370028
2026,"abs_2026",136,-7.92,39.3045035846306
2026,"abs_2026",137,-7.91213462409457,39.312
2026,"abs_2026",138,-7.8,39.4108302657664
2026,"abs_2026",139,-7.74271738384863,39.456
2026,"abs_2026",140,-7.68,39.5022076713601
2026,"abs_2026",141,-7.56,39.5815425736123
2026,"abs_2026",142,-7.52896608986976,39.6
2026,"abs_2026",143,-7.44,39.6504352194894
2026,"abs_2026",144,-7.32,39.7121859093276
2026,"abs_2026",145,-7.25222558869174,39.744
2026,"abs_2026",146,-7.2,39.7678254048895
2026,"abs_2026",147,-7.08,39.8183523051438
2026,"abs_2026",148,-6.96,39.8655125938162
2026,"abs_2026",149,-6.89894824429212,39.888
2026,"abs_2026",150,-6.84,39.9094948378244
2026,"abs_2026",151,-6.72,39.9510267568184
2026,"abs_2026",152,-6.6,39.9910102397782
2026,"abs_2026",153,-6.48,40.0298633007225
2026,"abs_2026",154,-6.47322355213047,40.032
2026,"abs_2026",155,-6.36,40.0676415075414
2026,"abs_2026",156,-6.24,40.1046176766606
2026,"abs_2026",157,-6.12,40.1404971038231
2026,"abs_2026",158,-6,40.1749913335523
2026,"abs_2026",159,-5.99631655963049,40.176
2026,"abs_2026",160,-5.88,40.2077216236962
2026,"abs_2026",161,-5.76,40.238679185189
2026,"abs_2026",162,-5.64,40.2676746082198
2026,"abs_2026",163,-5.52,40.2945488192583
2026,"abs_2026",164,-5.4,40.3191776213152
2026,"abs_2026",165,-5.3955988518776,40.32
2026,"abs_2026",166,-5.28,40.3414358688397
2026,"abs_2026",167,-5.16,40.3613587915812
2026,"abs_2026",168,-5.04,40.378906859723
2026,"abs_2026",169,-4.92,40.3941055347398
2026,"abs_2026",170,-4.8,40.4072811107127
2026,"abs_2026",171,-4.68,40.4188043055408
2026,"abs_2026",172,-4.56,40.4289620440069
2026,"abs_2026",173,-4.44,40.4380358337337
2026,"abs_2026",174,-4.32,40.4462973544332
2026,"abs_2026",175,-4.2,40.4540074703631
2026,"abs_2026",176,-4.08,40.4614232220534
2026,"abs_2026",177,-4.0382304048169,40.464
2026,"abs_2026",178,-3.96,40.46885235993
2026,"abs_2026",179,-3.84,40.4765354325486
2026,"abs_2026",180,-3.72,40.4846979483547
2026,"abs_2026",181,-3.6,40.4935944113266
2026,"abs_2026",182,-3.48,40.5034483186667
2026,"abs_2026",183,-3.36,40.5142849137586
2026,"abs_2026",184,-3.24,40.5260612462507
2026,"abs_2026",185,-3.12,40.5387347125636
2026,"abs_2026",186,-3,40.5522618268252
2026,"abs_2026",187,-2.88,40.5665966482319
2026,"abs_2026",188,-2.76,40.5816528394816
2026,"abs_2026",189,-2.64,40.597267480509
2026,"abs_2026",190,-2.55936015331875,40.608
2026,"abs_2026",191,-2.52,40.6132666833853
2026,"abs_2026",192,-2.4,40.6294242607287
2026,"abs_2026",193,-2.28,40.6454942301184
2026,"abs_2026",194,-2.16,40.6612586852274
2026,"abs_2026",195,-2.04,40.6764984279019
2026,"abs_2026",196,-1.92,40.6910242185202
2026,"abs_2026",197,-1.8,40.704660108249
2026,"abs_2026",198,-1.68,40.7172344142862
2026,"abs_2026",199,-1.56,40.7285797291064
2026,"abs_2026",200,-1.44,40.7385329048478
2026,"abs_2026",201,-1.32,40.7469383875341
2026,"abs_2026",202,-1.22948087697666,40.752
2026,"abs_2026",203,-1.2,40.7536266359601
2026,"abs_2026",204,-1.08,40.7584358412694
2026,"abs_2026",205,-0.96,40.7612916868002
2026,"abs_2026",206,-0.84,40.7621147684873
2026,"abs_2026",207,-0.72,40.7610211721707
2026,"abs_2026",208,-0.6,40.7581799538107
2026,"abs_2026",209,-0.48,40.7538436207787
2026,"abs_2026",210,-0.44008539428059,40.752
2026,"abs_2026",211,-0.36,40.7482834174849
2026,"abs_2026",212,-0.24,40.7418082166501
2026,"abs_2026",213,-0.12,40.7347202842571
2026,"abs_2026",214,0,40.7273185745884
2026,"abs_2026",215,0.12,40.7199061217114
2026,"abs_2026",216,0.24,40.7127895764883
2026,"abs_2026",217,0.36,40.7062780806646
2026,"abs_2026",218,0.48,40.7006814756149
2026,"abs_2026",219,0.6,40.696307858461
2026,"abs_2026",220,0.72,40.6934605177761
2026,"abs_2026",221,0.84,40.6923423421572
2026,"abs_2026",222,0.96,40.692802644425
2026,"abs_2026",223,1.08,40.6945785866089
2026,"abs_2026",224,1.2,40.697263891706
2026,"abs_2026",225,1.32,40.7004129859417
2026,"abs_2026",226,1.44,40.7035906531051
2026,"abs_2026",227,1.56,40.7063722732737
2026,"abs_2026",228,1.68,40.7083422154217
2026,"abs_2026",229,1.8,40.7090909700111
2026,"abs_2026",230,1.92,40.708211131269
2026,"abs_2026",231,2.04,40.7052917861443
2026,"abs_2026",232,2.16,40.6999114823946
2026,"abs_2026",233,2.28,40.6917721080297
2026,"abs_2026",234,2.4,40.6810242875058
2026,"abs_2026",235,2.52,40.66790759133
2026,"abs_2026",236,2.64,40.6526635974415
2026,"abs_2026",237,2.76,40.6355433187843
2026,"abs_2026",238,2.88,40.6168136062581
2026,"abs_2026",239,2.93287401421574,40.608
2026,"abs_2026",240,3,40.5966547974081
2026,"abs_2026",241,3.12,40.5754592489809
2026,"abs_2026",242,3.24,40.5537872117901
2026,"abs_2026",243,3.36,40.5321463969595
2026,"abs_2026",244,3.48,40.511072222999
2026,"abs_2026",245,3.6,40.4911202136177
2026,"abs_2026",246,3.72,40.4727088082452
2026,"abs_2026",247,3.78172438942794,40.464
2026,"abs_2026",248,3.84,40.4557695196935
2026,"abs_2026",249,3.96,40.4401851246328
2026,"abs_2026",250,4.08,40.4258523383606
2026,"abs_2026",251,4.2,40.4125920450598
2026,"abs_2026",252,4.32,40.4002087653863
2026,"abs_2026",253,4.44,40.3884951787615
2026,"abs_2026",254,4.56,40.3772354160823
2026,"abs_2026",255,4.68,40.366210097116
2026,"abs_2026",256,4.8,40.355196338007
2026,"abs_2026",257,4.92,40.3439589391062
2026,"abs_2026",258,5.04,40.3321782508902
2026,"abs_2026",259,5.15530933494097,40.32
2026,"abs_2026",260,5.16,40.3195020574737
2026,"abs_2026",261,5.28,40.305600014529
2026,"abs_2026",262,5.4,40.2903280384709
2026,"abs_2026",263,5.52,40.2734629979903
2026,"abs_2026",264,5.64,40.2547807197452
2026,"abs_2026",265,5.76,40.2340569321483
2026,"abs_2026",266,5.88,40.211069135433
2026,"abs_2026",267,6,40.1855994578909
2026,"abs_2026",268,6.04106480949393,40.176
2026,"abs_2026",269,6.12,40.1572527826668
2026,"abs_2026",270,6.24,40.1258928248548
2026,"abs_2026",271,6.36,40.0914361304221
2026,"abs_2026",272,6.48,40.053728480673
2026,"abs_2026",273,6.54368807356185,40.032
2026,"abs_2026",274,6.6,40.0125329651948
2026,"abs_2026",275,6.72,39.9678654821654
2026,"abs_2026",276,6.84,39.9199707075323
2026,"abs_2026",277,6.91528171044683,39.888
2026,"abs_2026",278,6.96,39.8688552497764
2026,"abs_2026",279,7.08,39.8146076276518
2026,"abs_2026",280,7.2,39.7574906359861
2026,"abs_2026",281,7.22709338026601,39.744
2026,"abs_2026",282,7.32,39.6976018170826
2026,"abs_2026",283,7.44,39.6350030313614
2026,"abs_2026",284,7.50442423285415,39.6
2026,"abs_2026",285,7.56,39.5698310910496
2026,"abs_2026",286,7.68,39.5020394272462
2026,"abs_2026",287,7.75823725822447,39.456
2026,"abs_2026",288,7.8,39.4314953497614
2026,"abs_2026",289,7.92,39.3581065545643
2026,"abs_2026",290,7.99203948855518,39.312
2026,"abs_2026",291,8.04,39.281287686176
2026,"abs_2026",292,8.16,39.2004921248451
2026,"abs_2026",293,8.20579975868498,39.168
2026,"abs_2026",294,8.28,39.114710881606
2026,"abs_2026",295,8.39880417027532,39.024
2026,"abs_2026",296,8.4,39.0230665389861
2026,"abs_2026",297,8.52,38.9241591840718
2026,"abs_2026",298,8.570376838776,38.88
2026,"abs_2026",299,8.64,38.8168470995807
2026,"abs_2026",300,8.72392729450271,38.736
2026,"abs_2026",301,8.76,38.699735364153
2026,"abs_2026",302,8.86130611842937,38.592
2026,"abs_2026",303,8.88,38.5711008250113
2026,"abs_2026",304,8.98472721472729,38.448
2026,"abs_2026",305,9,38.4290150611832
2026,"abs_2026",306,9.09634379713814,38.304
2026,"abs_2026",307,9.12,38.2713849188586
2026,"abs_2026",308,9.19800098405537,38.16
2026,"abs_2026",309,9.24,38.0960553472509
2026,"abs_2026",310,9.29117586629808,38.016
2026,"abs_2026",311,9.36,37.9009391303854
2026,"abs_2026",312,9.37694927825288,37.872
2026,"abs_2026",313,9.45606441181049,37.728
2026,"abs_2026",314,9.48,37.6813601072997
2026,"abs_2026",315,9.52914585112623,37.584
2026,"abs_2026",316,9.59688906364201,37.44
2026,"abs_2026",317,9.6,37.4329393254059
2026,"abs_2026",318,9.6594796939358,37.296
2026,"abs_2026",319,9.71757070985807,37.152
2026,"abs_2026",320,9.72,37.145548472723
2026,"abs_2026",321,9.7711229653207,37.008
2026,"abs_2026",322,9.82066906338074,36.864
2026,"abs_2026",323,9.84,36.8033074722018
2026,"abs_2026",324,9.86622013030841,36.72
2026,"abs_2026",325,9.90800864927847,36.576
2026,"abs_2026",326,9.94627390237894,36.432
2026,"abs_2026",327,9.96,36.3757170293627
2026,"abs_2026",328,9.98118688373796,36.288
2026,"abs_2026",329,10.0131919489047,36.144
2026,"abs_2026",330,10.0426850647959,36
2026,"abs_2026",331,10.0699248134863,35.856
2026,"abs_2026",332,10.08,35.7985967860921
2026,"abs_2026",333,10.0950870187172,35.712
2026,"abs_2026",334,10.1184356520937,35.568
2026,"abs_2026",335,10.1402226998772,35.424
2026,"abs_2026",336,10.1606487615992,35.28
2026,"abs_2026",337,10.1799079786258,35.136
2026,"abs_2026",338,10.1981885080585,34.992
2026,"abs_2026",339,10.2,34.97713426115
2026,"abs_2026",340,10.2155974358169,34.848
2026,"abs_2026",341,10.2323822277111,34.704
2026,"abs_2026",342,10.2487236211726,34.56
2026,"abs_2026",343,10.264785288037,34.416
2026,"abs_2026",344,10.2806935066021,34.272
2026,"abs_2026",345,10.2963988543724,34.128
2026,"abs_2026",346,10.3117820687889,33.984
2026,"abs_2026",347,10.32,33.9050549948854
2026,"abs_2026",348,10.3266961305645,33.84
2026,"abs_2026",349,10.3410480076438,33.696
2026,"abs_2026",350,10.3548011275598,33.552
2026,"abs_2026",351,10.3678763457204,33.408
2026,"abs_2026",352,10.3801998900969,33.264
2026,"abs_2026",353,10.3917022300466,33.12
2026,"abs_2026",354,10.4023168768289,32.976
2026,"abs_2026",355,10.4120285519644,32.832
2026,"abs_2026",356,10.4209733951559,32.688
2026,"abs_2026",357,10.4293085200159,32.544
2026,"abs_2026",358,10.4371828493505,32.4
2026,"abs_2026",359,10.44,32.3463392653598
2026,"abs_2026",360,10.4447458558019,32.256
2026,"abs_2026",361,10.4521520600625,32.112
2026,"abs_2026",362,10.4595857711769,31.968
2026,"abs_2026",363,10.4672423067892,31.824
2026,"abs_2026",364,10.4753094864217,31.68
2026,"abs_2026",365,10.4839657661394,31.536
2026,"abs_2026",366,10.4933777118498,31.392
2026,"abs_2026",367,10.5036190320938,31.248
2026,"abs_2026",368,10.5144971988939,31.104
2026,"abs_2026",369,10.525777210994,30.96
2026,"abs_2026",370,10.5372406123395,30.816
2026,"abs_2026",371,10.5486871397435,30.672
2026,"abs_2026",372,10.5599340221729,30.528
2026,"abs_2026",373,10.56,30.5271323679306
2026,"abs_2026",374,10.5708914396109,30.384
2026,"abs_2026",375,10.5813220005872,30.24
2026,"abs_2026",376,10.5910814618593,30.096
2026,"abs_2026",377,10.6000343924747,29.952
2026,"abs_2026",378,10.6080422974472,29.808
2026,"abs_2026",379,10.6150000840204,29.664
2026,"abs_2026",380,10.6209123971721,29.52
2026,"abs_2026",381,10.6257946640772,29.376
2026,"abs_2026",382,10.6296492544286,29.232
2026,"abs_2026",383,10.6324683752124,29.088
2026,"abs_2026",384,10.6342368858409,28.944
2026,"abs_2026",385,10.6349351631204,28.8
2026,"abs_2026",386,10.634542102062,28.656
2026,"abs_2026",387,10.6330382932139,28.512
2026,"abs_2026",388,10.6304093671928,28.368
2026,"abs_2026",389,10.6266494419913,28.224
2026,"abs_2026",390,10.6217843396958,28.08
2026,"abs_2026",391,10.615924170971,27.936
2026,"abs_2026",392,10.6092112962143,27.792
2026,"abs_2026",393,10.6018291176973,27.648
2026,"abs_2026",394,10.5939616166626,27.504
2026,"abs_2026",395,10.5857818686206,27.36
2026,"abs_2026",396,10.5774500237019,27.216
2026,"abs_2026",397,10.5691107058267,27.072
2026,"abs_2026",398,10.560896201114,26.928
2026,"abs_2026",399,10.56,26.9118118116228
2026,"abs_2026",400,10.5529792710968,26.784
2026,"abs_2026",401,10.5454299414413,26.64
2026,"abs_2026",402,10.5383145155722,26.496
2026,"abs_2026",403,10.531588611814,26.352
2026,"abs_2026",404,10.525191462154,26.208
2026,"abs_2026",405,10.5190753481833,26.064
2026,"abs_2026",406,10.5132040885984,25.92
2026,"abs_2026",407,10.5075519041961,25.776
2026,"abs_2026",408,10.5020740362818,25.632
2026,"abs_2026",409,10.4966632957298,25.488
2026,"abs_2026",410,10.4912091048347,25.344
2026,"abs_2026",411,10.485609603694,25.2
2026,"abs_2026",412,10.4797740124558,25.056
2026,"abs_2026",413,10.4736320128119,24.912
2026,"abs_2026",414,10.4671490082024,24.768
2026,"abs_2026",415,10.4602909017498,24.624
2026,"abs_2026",416,10.4530134867234,24.48
2026,"abs_2026",417,10.4452612666554,24.336
2026,"abs_2026",418,10.44,24.2450044266065
2026,"abs_2026",419,10.4369691757991,24.192
2026,"abs_2026",420,10.4280516729389,24.048
2026,"abs_2026",421,10.4184000516741,23.904
2026,"abs_2026",422,10.4078949212361,23.76
2026,"abs_2026",423,10.3963909840632,23.616
2026,"abs_2026",424,10.3837219674056,23.472
2026,"abs_2026",425,10.3697097609681,23.328
2026,"abs_2026",426,10.3541729604319,23.184
2026,"abs_2026",427,10.3369355601016,23.04
2026,"abs_2026",428,10.32,22.9122488661148
2026,"abs_2026",429,10.31781948502,22.896
2026,"abs_2026",430,10.2965906075736,22.752
2026,"abs_2026",431,10.273171890818,22.608
2026,"abs_2026",432,10.2474623210518,22.464
2026,"abs_2026",433,10.219408431133,22.32
2026,"abs_2026",434,10.2,22.2277061275064
2026,"abs_2026",435,10.1889645698476,22.176
2026,"abs_2026",436,10.1561715911118,22.032
2026,"abs_2026",437,10.1213231453547,21.888
2026,"abs_2026",438,10.0847129582799,21.744
2026,"abs_2026",439,10.08,21.7261549426107
2026,"abs_2026",440,10.0464986751633,21.6
2026,"abs_2026",441,10.0070537450523,21.456
2026,"abs_2026",442,9.9665560042805,21.312
2026,"abs_2026",443,9.96,21.2892972459807
2026,"abs_2026",444,9.92483972199629,21.168
2026,"abs_2026",445,9.88196813619048,21.024
2026,"abs_2026",446,9.84,20.887207535263
2026,"abs_2026",447,9.83776728125999,20.88
2026,"abs_2026",448,9.79143723035903,20.736
2026,"abs_2026",449,9.74287673275417,20.592
2026,"abs_2026",450,9.72,20.5276794380045
2026,"abs_2026",451,9.69090034163727,20.448
2026,"abs_2026",452,9.63451039113777,20.304
2026,"abs_2026",453,9.6,20.2226417206365
2026,"abs_2026",454,9.57218724690845,20.16
2026,"abs_2026",455,9.50214800725291,20.016
2026,"abs_2026",456,9.48,19.9743360572968
2026,"abs_2026",457,9.42191053713672,19.872
2026,"abs_2026",458,9.36,19.7730821730998
2026,"abs_2026",459,9.32948042607429,19.728
2026,"abs_2026",460,9.24,19.6073110376266
2026,"abs_2026",461,9.22115229402576,19.584
2026,"abs_2026",462,9.12,19.4686047484129
2026,"abs_2026",463,9.09254726681914,19.44
2026,"abs_2026",464,9,19.349982761784
2026,"abs_2026",465,8.93915942443538,19.296
2026,"abs_2026",466,8.88,19.2463342020792
2026,"abs_2026",467,8.76,19.1541888929129
2026,"abs_2026",468,8.75693320343039,19.152
2026,"abs_2026",469,8.64,19.071474270768
2026,"abs_2026",470,8.54028002494045,19.008
2026,"abs_2026",471,8.52,18.9953670535122
2026,"abs_2026",472,8.4,18.9244446582642
2026,"abs_2026",473,8.29200458074079,18.864
2026,"abs_2026",474,8.28,18.8573089066754
2026,"abs_2026",475,8.16,18.7923530527308
2026,"abs_2026",476,8.04,18.7291985467921
2026,"abs_2026",477,8.02236780095728,18.72
2026,"abs_2026",478,7.92,18.6660414069617
2026,"abs_2026",479,7.8,18.6030046410122
2026,"abs_2026",480,7.7485353402278,18.576
2026,"abs_2026",481,7.68,18.5397388084962
2026,"abs_2026",482,7.56,18.4768234807409
2026,"abs_2026",483,7.47303852457011,18.432
2026,"abs_2026",484,7.44,18.4149673271525
2026,"abs_2026",485,7.32,18.3544920272099
2026,"abs_2026",486,7.2,18.2962058719703
2026,"abs_2026",487,7.18244404418411,18.288
2026,"abs_2026",488,7.08,18.2405664576713
2026,"abs_2026",489,6.96,18.1879933312617
2026,"abs_2026",490,6.85279858648695,18.144
2026,"abs_2026",491,6.84,18.1388298751926
2026,"abs_2026",492,6.72,18.0936256185072
2026,"abs_2026",493,6.6,18.0523001472231
2026,"abs_2026",494,6.48,18.0150054455901
2026,"abs_2026",495,6.42590526533864,18
2026,"abs_2026",496,6.36,17.9820302716361
2026,"abs_2026",497,6.24,17.9530518343782
2026,"abs_2026",498,6.12,17.9275498026665
2026,"abs_2026",499,6,17.9052106568426
2026,"abs_2026",500,5.88,17.8857541233696
2026,"abs_2026",501,5.76,17.868926506061
2026,"abs_2026",502,5.65252504161771,17.856
2026,"abs_2026",503,5.64,17.8545123877536
2026,"abs_2026",504,5.52,17.8423941207868
2026,"abs_2026",505,5.4,17.8322162146628
2026,"abs_2026",506,5.28,17.8237868333065
2026,"abs_2026",507,5.16,17.8169205818664
2026,"abs_2026",508,5.04,17.8114362273183
2026,"abs_2026",509,4.92,17.8071602820715
2026,"abs_2026",510,4.8,17.8039537577573
2026,"abs_2026",511,4.68,17.8016656733894
2026,"abs_2026",512,4.56,17.800114618806
2026,"abs_2026",513,4.44,17.7991167001812
2026,"abs_2026",514,4.32,17.7984880804475
2026,"abs_2026",515,4.2,17.798045819445
2026,"abs_2026",516,4.08,17.7976086803049
2026,"abs_2026",517,3.96,17.7969985481177
2026,"abs_2026",518,3.84,17.796042097047
2026,"abs_2026",519,3.72,17.7945726378955
2026,"abs_2026",520,3.6,17.7924320831566
2026,"abs_2026",521,3.48,17.7895022285652
2026,"abs_2026",522,3.36,17.7858351737241
2026,"abs_2026",523,3.24,17.7815358039722
2026,"abs_2026",524,3.12,17.7767010172236
2026,"abs_2026",525,3,17.771417640063
2026,"abs_2026",526,2.88,17.7657616362988
2026,"abs_2026",527,2.76,17.7598420151964
2026,"abs_2026",528,2.64,17.7538377160362
2026,"abs_2026",529,2.52,17.7479222622803
2026,"abs_2026",530,2.4,17.7422572459797
2026,"abs_2026",531,2.28,17.7369958573902
2026,"abs_2026",532,2.16,17.7322870820356
2026,"abs_2026",533,2.04,17.7282509291489
2026,"abs_2026",534,1.92,17.7248706402276
2026,"abs_2026",535,1.8,17.7220984683653
2026,"abs_2026",536,1.68,17.7198977245432
2026,"abs_2026",537,1.56,17.7182403025342
2026,"abs_2026",538,1.44,17.7171044289508
2026,"abs_2026",539,1.32,17.7164700106691
2026,"abs_2026",540,1.2,17.7163166324233
2026,"abs_2026",541,1.08,17.7166243614157
2026,"abs_2026",542,0.96,17.7173720522309
2026,"abs_2026",543,0.84,17.7185136616224
2026,"abs_2026",544,0.72,17.7199291991034
2026,"abs_2026",545,0.6,17.721492697869
2026,"abs_2026",546,0.48,17.7231434803489
2026,"abs_2026",547,0.36,17.7248383210304
2026,"abs_2026",548,0.24,17.7265334550815
2026,"abs_2026",549,0.12,17.7281851957448
2026,"abs_2026",550,0,17.7297504301739
2026,"abs_2026",551,-0.12,17.73118697808
2026,"abs_2026",552,-0.24,17.7324538053975
2026,"abs_2026",553,-0.36,17.7335110914937
2026,"abs_2026",554,-0.48,17.7343201530177
2026,"abs_2026",555,-0.6,17.7348432300855
2026,"abs_2026",556,-0.72,17.7350431411582
2026,"abs_2026",557,-0.84,17.7348879453922
2026,"abs_2026",558,-0.96,17.7343646907111
2026,"abs_2026",559,-1.08,17.733473245531
2026,"abs_2026",560,-1.2,17.7322575960951
2026,"abs_2026",561,-1.32,17.7307763782745
2026,"abs_2026",562,-1.44,17.7290886525117
2026,"abs_2026",563,-1.56,17.7272538759577
2026,"abs_2026",564,-1.68,17.7253309988132
2026,"abs_2026",565,-1.8,17.7233784445672
2026,"abs_2026",566,-1.92,17.7214549488193
2026,"abs_2026",567,-2.04,17.7196194970031
2026,"abs_2026",568,-2.16,17.717931181345
2026,"abs_2026",569,-2.28,17.7164328784685
2026,"abs_2026",570,-2.4,17.7151140488428
2026,"abs_2026",571,-2.52,17.713952987819
2026,"abs_2026",572,-2.64,17.7129278186987
2026,"abs_2026",573,-2.76,17.7120165529666
2026,"abs_2026",574,-2.76241928964003,17.712
2026,"abs_2026",575,-2.88,17.711196629549
2026,"abs_2026",576,-3,17.7104433430904
2026,"abs_2026",577,-3.12,17.7097002880425
2026,"abs_2026",578,-3.24,17.7088948756687
2026,"abs_2026",579,-3.36,17.7079552415833
2026,"abs_2026",580,-3.48,17.7068105899591
2026,"abs_2026",581,-3.6,17.7053914090931
2026,"abs_2026",582,-3.72,17.7037028610173
2026,"abs_2026",583,-3.84,17.7019616067857
2026,"abs_2026",584,-3.96,17.7004179631524
2026,"abs_2026",585,-4.08,17.699317465303
2026,"abs_2026",586,-4.2,17.6989017518794
2026,"abs_2026",587,-4.32,17.6994101019896
2026,"abs_2026",588,-4.44,17.7010816024284
2026,"abs_2026",589,-4.56,17.7041577657705
2026,"abs_2026",590,-4.68,17.7088820652049
2026,"abs_2026",591,-4.73650930587244,17.712
2026,"abs_2026",592,-4.8,17.7155270135083
2026,"abs_2026",593,-4.92,17.7243724179234
2026,"abs_2026",594,-5.04,17.7357219351693
2026,"abs_2026",595,-5.16,17.7497796753701
2026,"abs_2026",596,-5.28,17.7663219307605
2026,"abs_2026",597,-5.4,17.7850539906119
2026,"abs_2026",598,-5.52,17.8056720835631
2026,"abs_2026",599,-5.64,17.8278571757313
2026,"abs_2026",600,-5.76,17.8512695828479
2026,"abs_2026",601,-5.78351884921384,17.856
2026,"abs_2026",602,-5.88,17.8755964084609
2026,"abs_2026",603,-6,17.9003675227046
2026,"abs_2026",604,-6.12,17.9251447340611
2026,"abs_2026",605,-6.24,17.949480952986
2026,"abs_2026",606,-6.36,17.9729044835719
2026,"abs_2026",607,-6.48,17.9949228732944
2026,"abs_2026",608,-6.50999115746481,18
2026,"abs_2026",609,-6.6,18.0152886553114
2026,"abs_2026",610,-6.72,18.0343782297881
2026,"abs_2026",611,-6.84,18.0526739613253
2026,"abs_2026",612,-6.96,18.0706791295241
2026,"abs_2026",613,-7.08,18.0889226119341
2026,"abs_2026",614,-7.2,18.107956069839
2026,"abs_2026",615,-7.32,18.128356341724
2026,"abs_2026",616,-7.40402320580682,18.144
2026,"abs_2026",617,-7.44,18.1507878661301
2026,"abs_2026",618,-7.56,18.1760448165467
2026,"abs_2026",619,-7.68,18.204739429983
2026,"abs_2026",620,-7.8,18.2376630845366
2026,"abs_2026",621,-7.92,18.275691178627
2026,"abs_2026",622,-7.95393487498504,18.288
2026,"abs_2026",623,-8.04,18.3202719667945
2026,"abs_2026",624,-8.16,18.3718024470394
2026,"abs_2026",625,-8.28,18.4306328216706
2026,"abs_2026",626,-8.28250264282945,18.432
2026,"abs_2026",627,-8.4,18.4992159147106
2026,"abs_2026",628,-8.51882862729511,18.576
2026,"abs_2026",629,-8.52,18.5767982478685
2026,"abs_2026",630,-8.64,18.6669471704903
2026,"abs_2026",631,-8.70373296643472,18.72
2026,"abs_2026",632,-8.76,18.7696659799693
2026,"abs_2026",633,-8.85748584113399,18.864
2026,"abs_2026",634,-8.88,18.887122440983
2026,"abs_2026",635,-8.98842570070141,19.008
2026,"abs_2026",636,-9,19.0217084940771
2026,"abs_2026",637,-9.10217485591836,19.152
2026,"abs_2026",638,-9.12,19.1761987008582
2026,"abs_2026",639,-9.20251558595557,19.296
2026,"abs_2026",640,-9.24,19.3541392808325
2026,"abs_2026",641,-9.29205055652331,19.44
2026,"abs_2026",642,-9.36,19.5603707459853
2026,"abs_2026",643,-9.3726129135503,19.584
2026,"abs_2026",644,-9.44427526307847,19.728
2026,"abs_2026",645,-9.48,19.8058964033421
2026,"abs_2026",646,-9.50890004745969,19.872
2026,"abs_2026",647,-9.56674552643507,20.016
2026,"abs_2026",648,-9.6,20.1070054297369
2026,"abs_2026",649,-9.61861265984092,20.16
2026,"abs_2026",650,-9.66448730041242,20.304
2026,"abs_2026",651,-9.70551292652967,20.448
2026,"abs_2026",652,-9.72,20.5044048658565
2026,"abs_2026",653,-9.74187095942831,20.592
2026,"abs_2026",654,-9.774531238964,20.736
2026,"abs_2026",655,-9.80436266981431,20.88
2026,"abs_2026",656,-9.83189567257362,21.024
2026,"abs_2026",657,-9.84,21.0691751790522
2026,"abs_2026",658,-9.85747006874211,21.168
2026,"abs_2026",659,-9.88174517506726,21.312
2026,"abs_2026",660,-9.90524652806127,21.456
2026,"abs_2026",661,-9.92838294607297,21.6
2026,"abs_2026",662,-9.9514717566861,21.744
2026,"abs_2026",663,-9.96,21.796591471063
2026,"abs_2026",664,-9.97473162437703,21.888
2026,"abs_2026",665,-9.99830091643469,22.032
2026,"abs_2026",666,-10.021855299474,22.176
2026,"abs_2026",667,-10.0449839741866,22.32
2026,"abs_2026",668,-10.0673078735936,22.464
2026,"abs_2026",669,-10.08,22.5501411554424
