"season","regime","ray","angle_deg","r_contour","r_point","r_median","r_lo95","r_hi95","n_draws","n_complete"
2024,"pre_buffer",1,0,11.3968732962762,11.3969512253689,11.3970261249088,11.3077010012965,11.4738028781805,1000,1000
2024,"pre_buffer",2,3,11.3918974152179,11.3918983520207,11.392692515129,11.2919528587608,11.4785342495292,1000,1000
2024,"pre_buffer",3,6,11.4119672832365,11.4119319205959,11.4129859612794,11.3158141023456,11.5002064402925,1000,1000
2024,"pre_buffer",4,9,11.4596031893509,11.4595902251568,11.4600645550835,11.3657656109179,11.5453537480742,1000,1000
2024,"pre_buffer",5,12,11.5341805276204,11.534189720368,11.53357811065,11.4274483757796,11.6231062175959,1000,1000
2024,"pre_buffer",6,15,11.6376112042164,11.6376244775765,11.637654157356,11.5375007717947,11.7260802125021,1000,1000
2024,"pre_buffer",7,18,11.7729102787628,11.77297420045,11.7708548607229,11.6755566592941,11.8641014460772,1000,1000
2024,"pre_buffer",8,21,11.9402810374914,11.9403315314826,11.9386088843465,11.8422602275743,12.0283562669539,1000,1000
2024,"pre_buffer",9,24,12.1362075700408,12.1364664896458,12.1365329179731,12.0330550234068,12.2253748679043,1000,1000
2024,"pre_buffer",10,27,12.3554565048393,12.3557363040724,12.3546925988347,12.2408069694906,12.4606122764959,1000,1000
2024,"pre_buffer",11,30,12.5871430944274,12.5872956287884,12.5882000146823,12.4729293430425,12.6941605859804,1000,1000
2024,"pre_buffer",12,33,12.8160159717446,12.8163569008913,12.8176424805603,12.6910745223679,12.9431662650616,1000,1000
2024,"pre_buffer",13,36,13.0406693080061,13.0409077527188,13.0416690243949,12.9106238121685,13.1663066074597,1000,1000
2024,"pre_buffer",14,39,13.2609936435173,13.2612897402719,13.260811094629,13.1475580200306,13.3901950982686,1000,1000
2024,"pre_buffer",15,42,13.4581928356467,13.4587069994197,13.4599195769727,13.3298113076643,13.5814089305743,1000,1000
2024,"pre_buffer",16,45,13.604602782914,13.604778519649,13.6066616433338,13.4695323515916,13.7405821771242,1000,1000
2024,"pre_buffer",17,48,13.6811312457789,13.6816386895218,13.6795275955247,13.5345691334798,13.840934004917,1000,1000
2024,"pre_buffer",18,51,13.6835737594558,13.683901235004,13.6843842248224,13.5406819670369,13.8221662780279,1000,1000
2024,"pre_buffer",19,54,13.622896936202,13.6231024135113,13.6237213791039,13.4736478106219,13.7700927837345,1000,1000
2024,"pre_buffer",20,57,13.5325456867747,13.5327527132932,13.5321586181345,13.3928800086178,13.6713132103375,1000,1000
2024,"pre_buffer",21,60,13.4187854542129,13.4189159943222,13.4162655744096,13.2777724692286,13.5587261385474,1000,1000
2024,"pre_buffer",22,63,13.2589409664324,13.2591425873085,13.2598753901125,13.1186755965585,13.4057052408611,1000,1000
2024,"pre_buffer",23,66,13.0636403105033,13.0636804503443,13.0647868529409,12.9102932230897,13.2178662466782,1000,1000
2024,"pre_buffer",24,69,12.8761772685183,12.8761366927628,12.8778404329744,12.7289097728009,13.0182186766258,1000,1000
2024,"pre_buffer",25,72,12.7261514884676,12.7262855572766,12.7273304209879,12.5792220278405,12.8678292974418,1000,1000
2024,"pre_buffer",26,75,12.6245488647694,12.6246359431425,12.6241067048104,12.5004332226229,12.7646996139977,1000,1000
2024,"pre_buffer",27,78,12.5514746716856,12.5518127705258,12.5502823394394,12.4298633451318,12.6792843207296,1000,1000
2024,"pre_buffer",28,81,12.4735491598705,12.4737632528432,12.4732626625974,12.3320525861047,12.6038873747022,1000,1000
2024,"pre_buffer",29,84,12.3798884513075,12.3798962654742,12.3768540155913,12.2309004701316,12.5089329294575,1000,1000
2024,"pre_buffer",30,87,12.2958642860754,12.2956615555671,12.2943920512018,12.1296283292898,12.4359679872088,1000,1000
2024,"pre_buffer",31,90,12.2512365908824,12.2511462828314,12.2507524252546,12.1048010571065,12.3794844632642,1000,1000
2024,"pre_buffer",32,93,12.2518156973853,12.2517950849507,12.2525675832869,12.0946158660241,12.3991896254559,1000,1000
2024,"pre_buffer",33,96,12.2935994188916,12.293651696101,12.2938959668838,12.1522066702248,12.4250513760271,1000,1000
2024,"pre_buffer",34,99,12.3703227165032,12.3703841790558,12.3667822530797,12.2251452285365,12.5002006079089,1000,1000
2024,"pre_buffer",35,102,12.4770337521109,12.4770386816416,12.4738375357487,12.3351475561136,12.6113704435572,1000,1000
2024,"pre_buffer",36,105,12.6193524299386,12.6193228569533,12.616618216778,12.4663665868618,12.7641404095389,1000,1000
2024,"pre_buffer",37,108,12.8104592211395,12.810489747304,12.8075273638388,12.6571786740359,12.9507872285666,1000,1000
2024,"pre_buffer",38,111,13.025118597964,13.0254236787232,13.0208051521295,12.8826983371369,13.1663238662612,1000,1000
2024,"pre_buffer",39,114,13.198773848948,13.19909644814,13.193505881714,13.0671140215307,13.3335749811495,1000,1000
2024,"pre_buffer",40,117,13.3101720081012,13.3106538674196,13.3124135722848,13.1840503714764,13.4499113107891,1000,1000
2024,"pre_buffer",41,120,13.3963687281898,13.3964954833281,13.3986836579341,13.2685196667514,13.5207042278682,1000,1000
2024,"pre_buffer",42,123,13.4919186762831,13.4922378687506,13.4948120631992,13.3870401670041,13.6045709729019,1000,1000
2024,"pre_buffer",43,126,13.5456086379765,13.5468296163593,13.550436360416,13.4413279075113,13.6520820899436,1000,1000
2024,"pre_buffer",44,129,13.4586879553079,13.4593452384183,13.4571370289004,13.352505669999,13.563399123449,1000,1000
2024,"pre_buffer",45,132,13.2664639493343,13.2667111462972,13.2640055742987,13.1559512877579,13.3668727116306,1000,1000
2024,"pre_buffer",46,135,13.0648165434192,13.0652015665802,13.0598214230006,12.9419279848819,13.1724168507027,1000,1000
2024,"pre_buffer",47,138,12.8226584441751,12.8232568970231,12.8166491181801,12.694134611416,12.9349029432408,1000,1000
2024,"pre_buffer",48,141,12.5224980528953,12.522561268535,12.5214076991572,12.4045749148249,12.6261779729357,1000,1000
2024,"pre_buffer",49,144,12.2343403959572,12.2343375020965,12.2354400319817,12.1191833947188,12.346593007462,1000,1000
2024,"pre_buffer",50,147,11.9856408539373,11.9858084658916,11.9856925797687,11.8889848616742,12.0826676801429,1000,1000
2024,"pre_buffer",51,150,11.7555913124398,11.7556860268531,11.7561154944101,11.6598345306234,11.8553696507618,1000,1000
2024,"pre_buffer",52,153,11.5355552693989,11.5358165382804,11.536128741073,11.4405035086985,11.6315984793709,1000,1000
2024,"pre_buffer",53,156,11.3301051880539,11.3303103032599,11.3304043713778,11.2457155447956,11.4175114747313,1000,1000
2024,"pre_buffer",54,159,11.1415875344526,11.1416696817089,11.1410343864456,11.0527900325998,11.2339039120029,1000,1000
2024,"pre_buffer",55,162,10.9724704272488,10.9724797872359,10.9721883427215,10.8887808827928,11.0625996141308,1000,1000
2024,"pre_buffer",56,165,10.8345152159913,10.8343588167377,10.8319242108898,10.7485718924989,10.9250363653833,1000,1000
2024,"pre_buffer",57,168,10.7388425018342,10.7385685942292,10.7365979017253,10.6465898311031,10.8310504522798,1000,1000
2024,"pre_buffer",58,171,10.686787947267,10.6867327613402,10.6839967134753,10.6010586445597,10.7656298626539,1000,1000
2024,"pre_buffer",59,174,10.6709310383517,10.6707701321772,10.6672709365963,10.5734225199838,10.7544879921026,1000,1000
2024,"pre_buffer",60,177,10.6849802322784,10.6849681630748,10.6808938049602,10.5876218750549,10.7698781542842,1000,1000
2024,"pre_buffer",61,180,10.7238835083181,10.7239771530138,10.7207311084194,10.6354636570123,10.806579033901,1000,1000
2024,"pre_buffer",62,183,10.7773708170947,10.7776543176877,10.775046910143,10.6796775761443,10.8684115545343,1000,1000
2024,"pre_buffer",63,186,10.8329543479124,10.8331924838205,10.832330382546,10.7394179926801,10.9237067257246,1000,1000
2024,"pre_buffer",64,189,10.89699917872,10.8970620234007,10.8969907656657,10.8113350238823,10.9867131354348,1000,1000
2024,"pre_buffer",65,192,10.9903940234464,10.9902768029766,10.9900054011902,10.9016790830977,11.0839739681995,1000,1000
2024,"pre_buffer",66,195,11.1325355440116,11.1324811394878,11.133179717504,11.0454411358121,11.2268108519459,1000,1000
2024,"pre_buffer",67,198,11.326826253748,11.3268807358093,11.3282893027274,11.2232480271313,11.4196179074798,1000,1000
2024,"pre_buffer",68,201,11.5683196739369,11.5683612020365,11.5660050164899,11.4485223095591,11.6622195897393,1000,1000
2024,"pre_buffer",69,204,11.8464541351188,11.8466302050089,11.8432605834372,11.7361942892251,11.9379792576597,1000,1000
2024,"pre_buffer",70,207,12.1510877004388,12.1512404688089,12.1480119142413,12.0257911726999,12.2544693704771,1000,1000
2024,"pre_buffer",71,210,12.4722034421391,12.4722473661188,12.4712955824534,12.3568719266404,12.5753325268072,1000,1000
2024,"pre_buffer",72,213,12.8062204419659,12.8064786304397,12.8034500931103,12.6863319143302,12.9287141103952,1000,1000
2024,"pre_buffer",73,216,13.1592786410644,13.1595760059291,13.1572861164403,13.0488391951059,13.2755577960591,1000,1000
2024,"pre_buffer",74,219,13.5236388703284,13.5239591550811,13.522942405087,13.4010423624793,13.6395317091078,1000,1000
2024,"pre_buffer",75,222,13.8584861587004,13.8588624682062,13.8568718064216,13.7520845735249,13.9684475667953,1000,1000
2024,"pre_buffer",76,225,14.1258099310286,14.1261957549269,14.1246371369084,14.0151660774844,14.2391188221291,1000,1000
2024,"pre_buffer",77,228,14.2955683613768,14.2966585515313,14.2938794535912,14.179077018584,14.4072384428922,1000,1000
2024,"pre_buffer",78,231,14.3150608187441,14.315214428836,14.3142748841856,14.2024794960801,14.4336532233585,1000,1000
2024,"pre_buffer",79,234,14.1550427699079,14.1554611407413,14.1551340394754,14.0320848992016,14.2745010651913,1000,1000
2024,"pre_buffer",80,237,13.874930624571,13.8746284581451,13.8723382572217,13.7385267416485,13.9993632720232,1000,1000
2024,"pre_buffer",81,240,13.5815769579888,13.5812194475068,13.5799187983194,13.4457723303193,13.7040042394333,1000,1000
2024,"pre_buffer",82,243,13.3567521555945,13.3566651047635,13.3571199873691,13.2386114097627,13.4777160620482,1000,1000
2024,"pre_buffer",83,246,13.1750481041332,13.175266517453,13.1731644849914,13.0715904724381,13.2832825584497,1000,1000
2024,"pre_buffer",84,249,12.9823945021295,12.9825471271108,12.9812620796883,12.8701866624878,13.0968897795175,1000,1000
2024,"pre_buffer",85,252,12.7821934254711,12.7823034125898,12.7824023531084,12.6703482375532,12.890626539483,1000,1000
2024,"pre_buffer",86,255,12.6084315577176,12.6085675462089,12.6093764714137,12.4976541549576,12.7206784934393,1000,1000
2024,"pre_buffer",87,258,12.4714331313885,12.4715719951994,12.4728502126941,12.355825384664,12.587301763785,1000,1000
2024,"pre_buffer",88,261,12.3615109942748,12.3615952884176,12.3618065502729,12.2485736888675,12.4734758795116,1000,1000
2024,"pre_buffer",89,264,12.27767108352,12.2777328846317,12.2783237195457,12.173476416903,12.3775160156577,1000,1000
2024,"pre_buffer",90,267,12.2319997388071,12.2320697624611,12.2293005042145,12.1269626413292,12.339667344255,1000,1000
2024,"pre_buffer",91,270,12.2282254566811,12.2283850263077,12.2269063686478,12.1292080461026,12.3216578235311,1000,1000
2024,"pre_buffer",92,273,12.2442828106776,12.244586775408,12.2412358401965,12.1348519623396,12.3445645907534,1000,1000
2024,"pre_buffer",93,276,12.2614460156363,12.2615109705246,12.2580956295336,12.1700115680283,12.353696642981,1000,1000
2024,"pre_buffer",94,279,12.3002648544949,12.3002014681936,12.3003882231953,12.1958383866852,12.3983613200878,1000,1000
2024,"pre_buffer",95,282,12.3898271714089,12.3897344591871,12.3890453000317,12.2921383878004,12.4852257361701,1000,1000
2024,"pre_buffer",96,285,12.5272805438605,12.5273143558802,12.5252284710909,12.4228183112437,12.6316905281647,1000,1000
2024,"pre_buffer",97,288,12.6891170021298,12.6894083235042,12.6880177907676,12.5800589480758,12.7935300738429,1000,1000
2024,"pre_buffer",98,291,12.86865176332,12.8688776917445,12.8685699354539,12.757762760806,12.9702545282033,1000,1000
2024,"pre_buffer",99,294,13.0736086750904,13.0739336185879,13.0721301508389,12.9575464834339,13.1841749320414,1000,1000
2024,"pre_buffer",100,297,13.2951393097133,13.2953044630209,13.2944846367511,13.1816963593104,13.4004258549791,1000,1000
2024,"pre_buffer",101,300,13.4990741396877,13.4993772203378,13.4978066463517,13.3833843994458,13.6090603093517,1000,1000
2024,"pre_buffer",102,303,13.6604303515646,13.6607497188799,13.6566361583324,13.536093596137,13.7831308126196,1000,1000
2024,"pre_buffer",103,306,13.7990314201824,13.7993105798343,13.7975434004618,13.6587265461249,13.9281986958089,1000,1000
2024,"pre_buffer",104,309,13.9362082757927,13.9363556939534,13.936318221022,13.7973179027925,14.0572434441609,1000,1000
2024,"pre_buffer",105,312,14.0123356976705,14.0126808199398,14.0107513217837,13.8793883591248,14.1338337501103,1000,1000
2024,"pre_buffer",106,315,13.9519951051608,13.9528855719333,13.9505896648243,13.8401684695892,14.0646868959537,1000,1000
2024,"pre_buffer",107,318,13.7213955334504,13.721680377878,13.7188823769885,13.6168898840028,13.8277786474173,1000,1000
2024,"pre_buffer",108,321,13.4235742089987,13.423484092891,13.4227002166082,13.3199583509626,13.5281593703562,1000,1000
2024,"pre_buffer",109,324,13.168963020817,13.1690052425783,13.1671276704469,13.0692323833853,13.2699788812474,1000,1000
2024,"pre_buffer",110,327,12.9309338037101,12.9313263681675,12.9294471181004,12.8223659287518,13.0348491088354,1000,1000
2024,"pre_buffer",111,330,12.6657022607265,12.6658412967734,12.6632169613422,12.5749736268081,12.7586903562893,1000,1000
2024,"pre_buffer",112,333,12.4074259968891,12.4073636700397,12.4059000267008,12.3124665879047,12.5049887228669,1000,1000
2024,"pre_buffer",113,336,12.1995450355153,12.1995246846071,12.199858142744,12.1123631590146,12.2817469792927,1000,1000
2024,"pre_buffer",114,339,12.032743699354,12.0329775491565,12.0322839206065,11.9379890428612,12.1174202782629,1000,1000
2024,"pre_buffer",115,342,11.8729217334301,11.8731522103234,11.871250880842,11.776587199824,11.9647603228583,1000,1000
2024,"pre_buffer",116,345,11.7106405496861,11.7106996185171,11.7107146597008,11.6175481618861,11.7945382514702,1000,1000
2024,"pre_buffer",117,348,11.5760950654136,11.5759234171121,11.5775013281701,11.4734140380686,11.6665671080921,1000,1000
2024,"pre_buffer",118,351,11.4917042809655,11.4916362179376,11.4936993199117,11.3998723410219,11.5770688360137,1000,1000
2024,"pre_buffer",119,354,11.4459598478397,11.445970429772,11.4472943562364,11.3542762946365,11.5303218904268,1000,1000
2024,"pre_buffer",120,357,11.4177602155548,11.4178258703245,11.4185035028067,11.318892113519,11.505722310252,1000,1000
2025,"buffer_2025",1,0,10.8908662960394,10.8909580756181,10.8897872265556,10.7926271873108,10.9867246820865,1000,1000
2025,"buffer_2025",2,3,10.8895452267204,10.8895636375481,10.8890492036153,10.7897435183883,10.984954613475,1000,1000
2025,"buffer_2025",3,6,10.9077539017072,10.9077259153832,10.907461904125,10.8073546843736,11.0059308302465,1000,1000
2025,"buffer_2025",4,9,10.9495920443689,10.9495735672065,10.9477113943,10.8489615215793,11.0446105216182,1000,1000
2025,"buffer_2025",5,12,11.0221862761014,11.0221455421017,11.018428255942,10.9162564057476,11.1282166884739,1000,1000
2025,"buffer_2025",6,15,11.134547863059,11.1345929765985,11.130575449881,11.029215426365,11.2331357136087,1000,1000
2025,"buffer_2025",7,18,11.2855559159016,11.2857613749065,11.2810253397458,11.1827573437663,11.3848436130845,1000,1000
2025,"buffer_2025",8,21,11.4659497360667,11.4661966193871,11.4625165266461,11.354824154451,11.5698502992375,1000,1000
2025,"buffer_2025",9,24,11.665531351595,11.6658118737351,11.6657695170657,11.5597437574538,11.7643758127533,1000,1000
2025,"buffer_2025",10,27,11.879041975383,11.879399219532,11.8791191179009,11.7635968112471,11.9976068642203,1000,1000
2025,"buffer_2025",11,30,12.101335315264,12.1016948802822,12.0983155256336,11.9809669061161,12.228519873494,1000,1000
2025,"buffer_2025",12,33,12.3300809214052,12.3302266573312,12.3299029458557,12.2130224020507,12.4613728755941,1000,1000
2025,"buffer_2025",13,36,12.5676348559929,12.567862129672,12.5688316420003,12.4383767955815,12.6950302914846,1000,1000
2025,"buffer_2025",14,39,12.8135508689575,12.8137077365963,12.8132537266358,12.6754796253431,12.9337364529202,1000,1000
2025,"buffer_2025",15,42,13.0526772604078,13.052790786745,13.0479564385499,12.9093732684626,13.1825686803969,1000,1000
2025,"buffer_2025",16,45,13.2603660945131,13.2607164833508,13.2586392550099,13.1114364375195,13.3934766964261,1000,1000
2025,"buffer_2025",17,48,13.4119968237403,13.4125558896045,13.4128873395101,13.2608937596621,13.5601114799698,1000,1000
2025,"buffer_2025",18,51,13.4935568748186,13.4938264719419,13.4953808589134,13.3401432779041,13.6468109850605,1000,1000
2025,"buffer_2025",19,54,13.5173050439154,13.5175051093216,13.5164096721004,13.3586302536447,13.6756930916655,1000,1000
2025,"buffer_2025",20,57,13.497439235573,13.4978205405668,13.4957007925472,13.3470567467413,13.6523920396314,1000,1000
2025,"buffer_2025",21,60,13.4280938635866,13.4281726234993,13.4289417583951,13.2538218306034,13.5872249421581,1000,1000
2025,"buffer_2025",22,63,13.286723860012,13.2871289245523,13.2863624404525,13.1363486590567,13.4450430020712,1000,1000
2025,"buffer_2025",23,66,13.0844008566998,13.0845349561596,13.0835856859676,12.9235177633495,13.2403310758461,1000,1000
2025,"buffer_2025",24,69,12.8630655168219,12.8631288097962,12.8602669349739,12.70410891096,13.0258325088395,1000,1000
2025,"buffer_2025",25,72,12.6624113911606,12.6624232114018,12.6584882758534,12.4975723533487,12.8218182543832,1000,1000
2025,"buffer_2025",26,75,12.5174587333791,12.5176585494307,12.5181030511404,12.3597531174078,12.6648163861834,1000,1000
2025,"buffer_2025",27,78,12.4242887519094,12.4245580758421,12.4291779139646,12.2755685918013,12.5635364947676,1000,1000
2025,"buffer_2025",28,81,12.3467920273966,12.346858618051,12.3505184884955,12.1898974826457,12.48913390358,1000,1000
2025,"buffer_2025",29,84,12.2677346723599,12.2677716168411,12.266625322451,12.124461401319,12.4088017826327,1000,1000
2025,"buffer_2025",30,87,12.2094734306814,12.2093397384614,12.2077085021602,12.0529205032139,12.361974824186,1000,1000
2025,"buffer_2025",31,90,12.1953826280445,12.1953461360003,12.1973307840446,12.045702319249,12.3369497698417,1000,1000
2025,"buffer_2025",32,93,12.2258615576483,12.225837391218,12.2286093909596,12.0699407552067,12.3684552896085,1000,1000
2025,"buffer_2025",33,96,12.2969883961711,12.2970549893321,12.2998506154813,12.1555578072032,12.4344707684265,1000,1000
2025,"buffer_2025",34,99,12.4017069862784,12.4018747332048,12.4045006921378,12.2585162106772,12.5417971869345,1000,1000
2025,"buffer_2025",35,102,12.5281064496301,12.5282980314746,12.5340078072784,12.3790740891565,12.6728005473015,1000,1000
2025,"buffer_2025",36,105,12.671185367027,12.6713007554684,12.6743834102512,12.512619365184,12.8243792837992,1000,1000
2025,"buffer_2025",37,108,12.8376775703695,12.837727759312,12.8396680810945,12.6790647084226,12.9936789429287,1000,1000
2025,"buffer_2025",38,111,13.0076246134426,13.0080135899312,13.0089475824902,12.866842954871,13.153683064573,1000,1000
2025,"buffer_2025",39,114,13.1304573769053,13.1311547620186,13.1336143656327,12.9977742495703,13.2760834880474,1000,1000
2025,"buffer_2025",40,117,13.1966956389377,13.1968335257541,13.2031450362238,13.0708437211145,13.327394694964,1000,1000
2025,"buffer_2025",41,120,13.2499742612661,13.2500039321076,13.2567886354023,13.1204077817761,13.3856531642128,1000,1000
2025,"buffer_2025",42,123,13.3298060226329,13.3302266858832,13.3339530448072,13.2134798943228,13.4551609547547,1000,1000
2025,"buffer_2025",43,126,13.3708949108024,13.3724288160798,13.3741264660054,13.2539154687551,13.4940467569537,1000,1000
2025,"buffer_2025",44,129,13.2597457270185,13.2607453377872,13.2603414214984,13.1390549340765,13.3754048119915,1000,1000
2025,"buffer_2025",45,132,13.0321407398715,13.0325535317297,13.0298453695914,12.9149301827263,13.1426608189002,1000,1000
2025,"buffer_2025",46,135,12.7894106972887,12.7897221778142,12.7870813896629,12.6661869200619,12.9020812559009,1000,1000
2025,"buffer_2025",47,138,12.5126296303143,12.5133971723156,12.5086833476047,12.3969614459208,12.6198066764355,1000,1000
2025,"buffer_2025",48,141,12.1940282420002,12.1941495868514,12.191583779865,12.0855352449548,12.2958856458398,1000,1000
2025,"buffer_2025",49,144,11.8919663734398,11.8919422277451,11.8914555577868,11.7838409950463,11.9925589505371,1000,1000
2025,"buffer_2025",50,147,11.630636109368,11.6307174292317,11.6300163447292,11.5395372764618,11.7252789322166,1000,1000
2025,"buffer_2025",51,150,11.390803279091,11.3909731354255,11.3915952844395,11.2932613888347,11.4883467443337,1000,1000
2025,"buffer_2025",52,153,11.1623606010439,11.162555358423,11.1620374016358,11.076146597581,11.2515158958307,1000,1000
2025,"buffer_2025",53,156,10.9495834100486,10.9497642890693,10.9486707563849,10.8543021080737,11.0384393036469,1000,1000
2025,"buffer_2025",54,159,10.7575264663195,10.7576103205261,10.7569847778657,10.6579691785217,10.8489813317562,1000,1000
2025,"buffer_2025",55,162,10.5917387345497,10.5917432267822,10.5913736023395,10.5042827932746,10.6751952482582,1000,1000
2025,"buffer_2025",56,165,10.4618481687002,10.4618132363185,10.4616692500524,10.3757514840066,10.544272076065,1000,1000
2025,"buffer_2025",57,168,10.3750281086276,10.3749146785116,10.3734489340508,10.2962416993237,10.4557499971618,1000,1000
2025,"buffer_2025",58,171,10.3281298010601,10.3281083509075,10.3265029986102,10.2496340549652,10.4058399153886,1000,1000
2025,"buffer_2025",59,174,10.3112783079225,10.3113125413151,10.3107506099439,10.2290696351568,10.3938852161201,1000,1000
2025,"buffer_2025",60,177,10.3166056824848,10.316616316431,10.3158510339395,10.2331272200617,10.400990946972,1000,1000
2025,"buffer_2025",61,180,10.340664534167,10.340778596881,10.3421043676709,10.2590204395318,10.4251479701797,1000,1000
2025,"buffer_2025",62,183,10.3812805774568,10.3815221642837,10.384126821195,10.2933954254435,10.4761143035327,1000,1000
2025,"buffer_2025",63,186,10.4345039991861,10.4347177831836,10.4387613322938,10.346478520185,10.5261667631752,1000,1000
2025,"buffer_2025",64,189,10.5031499069663,10.503265235561,10.5075976567667,10.4184021261405,10.5932552402843,1000,1000
2025,"buffer_2025",65,192,10.5967498054109,10.5968162484728,10.6000264997945,10.5106643244659,10.6872271139331,1000,1000
2025,"buffer_2025",66,195,10.7252803338869,10.7253367861572,10.728557379621,10.6372273235855,10.8164518956465,1000,1000
2025,"buffer_2025",67,198,10.8956807253798,10.8957116958309,10.8992353380841,10.8042913583689,10.9885520690702,1000,1000
2025,"buffer_2025",68,201,11.1149107008942,11.1149258969887,11.1175155163242,11.0107575702531,11.2144198771627,1000,1000
2025,"buffer_2025",69,204,11.3847314026295,11.3848581997999,11.3855643959384,11.2774667848805,11.4825340088916,1000,1000
2025,"buffer_2025",70,207,11.6866162087493,11.6869284106232,11.6894548678946,11.5793906253453,11.7934038152061,1000,1000
2025,"buffer_2025",71,210,11.9969398743152,11.9972734666546,11.9982650565829,11.8906072027244,12.1013444222833,1000,1000
2025,"buffer_2025",72,213,12.3159491111824,12.3160656064805,12.3170915563628,12.2092886073563,12.4270645259087,1000,1000
2025,"buffer_2025",73,216,12.667077399847,12.6672831383375,12.6716555565935,12.5597565231892,12.7763353772605,1000,1000
2025,"buffer_2025",74,219,13.0538328517144,13.0542407883309,13.0563351813313,12.9552597872309,13.1619027890087,1000,1000
2025,"buffer_2025",75,222,13.4240805555152,13.4244398067085,13.4221185201934,13.325929394762,13.5313253731174,1000,1000
2025,"buffer_2025",76,225,13.7263445840104,13.7268496581278,13.7271569858325,13.6167370211747,13.8293437534562,1000,1000
2025,"buffer_2025",77,228,13.9321983779153,13.9333043258581,13.9333464136325,13.8083480549923,14.0475508184423,1000,1000
2025,"buffer_2025",78,231,13.9912501139988,13.9922892396146,13.9941132972268,13.8695095927357,14.1065738377525,1000,1000
2025,"buffer_2025",79,234,13.8762442403667,13.8763448077635,13.8746851582713,13.7490842211707,13.9919411437949,1000,1000
2025,"buffer_2025",80,237,13.6350527363664,13.6350111673636,13.6316884544165,13.5096096250368,13.7618589110531,1000,1000
2025,"buffer_2025",81,240,13.3811665118015,13.3809442740758,13.3795837288124,13.2441836149177,13.5212988716708,1000,1000
2025,"buffer_2025",82,243,13.1940860260169,13.1940406296552,13.1932259573395,13.077612120955,13.3157850370216,1000,1000
2025,"buffer_2025",83,246,13.0334960894058,13.0336729306358,13.0339908616326,12.913787908876,13.1623422589826,1000,1000
2025,"buffer_2025",84,249,12.8429923102908,12.8432088730929,12.8409385399491,12.7173149277927,12.9699112336773,1000,1000
2025,"buffer_2025",85,252,12.6321428108108,12.6322810260554,12.6301140248834,12.5159255244547,12.7480012239859,1000,1000
2025,"buffer_2025",86,255,12.4439290956181,12.4439968146744,12.4433090254794,12.3305397175338,12.5587944289149,1000,1000
2025,"buffer_2025",87,258,12.294180573633,12.2942464910927,12.2957872229521,12.1798852928909,12.4035023788445,1000,1000
2025,"buffer_2025",88,261,12.1732596098041,12.1733010870536,12.1750606304616,12.0524096788857,12.2853664930728,1000,1000
2025,"buffer_2025",89,264,12.0750446484603,12.0750905504442,12.076996148225,11.9618292589839,12.1953025968195,1000,1000
2025,"buffer_2025",90,267,12.0046292950474,12.0046163346203,12.0053601272494,11.8876577149049,12.1323821436724,1000,1000
2025,"buffer_2025",91,270,11.9679662968667,11.9680188736874,11.9687095168479,11.8565587498047,12.078281195665,1000,1000
2025,"buffer_2025",92,273,11.9590532919277,11.9591787359915,11.9569147882204,11.8298029726199,12.0738651486506,1000,1000
2025,"buffer_2025",93,276,11.9755839923925,11.9755164953258,11.9706612412208,11.8584602408377,12.0874218051656,1000,1000
2025,"buffer_2025",94,279,12.0316574349494,12.0314596930807,12.0289857638481,11.92660552662,12.1380282310584,1000,1000
2025,"buffer_2025",95,282,12.1356680652896,12.1355629143999,12.1342552313575,12.0304223346037,12.2404598368782,1000,1000
2025,"buffer_2025",96,285,12.278808229023,12.2788690553231,12.2768016931202,12.1661226842445,12.392528943375,1000,1000
2025,"buffer_2025",97,288,12.444569117231,12.4446150861902,12.4406965911761,12.3316439192459,12.5516489181735,1000,1000
2025,"buffer_2025",98,291,12.6320541861512,12.632310138861,12.6330266235801,12.5224815822525,12.7426549404018,1000,1000
2025,"buffer_2025",99,294,12.850608074396,12.8509027949324,12.852433343,12.7332709494166,12.9726120923328,1000,1000
2025,"buffer_2025",100,297,13.0874806821314,13.0879180118598,13.0884025053003,12.9811756923855,13.2015203199299,1000,1000
2025,"buffer_2025",101,300,13.2955881251787,13.2962209728854,13.2948867825213,13.1793040170465,13.4325491130362,1000,1000
2025,"buffer_2025",102,303,13.4325449221883,13.4325813390598,13.4310137873667,13.3080761847315,13.5551980762444,1000,1000
2025,"buffer_2025",103,306,13.5142569057038,13.5143272644431,13.514704920858,13.3770531495088,13.6449752674153,1000,1000
2025,"buffer_2025",104,309,13.5876507218647,13.5878429981344,13.5887479593656,13.4610021653945,13.723977398804,1000,1000
2025,"buffer_2025",105,312,13.6150835100482,13.6152695037522,13.6146201433076,13.5036705758229,13.7416192287573,1000,1000
2025,"buffer_2025",106,315,13.51341448028,13.5142744399708,13.5154688091336,13.4079604782949,13.6206348665348,1000,1000
2025,"buffer_2025",107,318,13.2614838655948,13.2618940432367,13.2632406706094,13.161429328734,13.3655589250494,1000,1000
2025,"buffer_2025",108,321,12.9548911758892,12.9549473374934,12.9552070800298,12.8642211235354,13.0500036621212,1000,1000
2025,"buffer_2025",109,324,12.6768426319253,12.6768754200789,12.6745547317076,12.5829234934503,12.7753009232177,1000,1000
2025,"buffer_2025",110,327,12.4218929474275,12.4220964263406,12.4200964876197,12.3277433510665,12.5210550068928,1000,1000
2025,"buffer_2025",111,330,12.1651112544761,12.1650986193795,12.163991830907,12.0727064434735,12.2575428191299,1000,1000
2025,"buffer_2025",112,333,11.9186316299511,11.9186204391801,11.9209177708258,11.8211242184035,12.0123629332095,1000,1000
2025,"buffer_2025",113,336,11.7036553270801,11.703689314977,11.7011533174703,11.6136735765363,11.7986358625688,1000,1000
2025,"buffer_2025",114,339,11.5179173280776,11.5181175368057,11.5159805046427,11.4192827077745,11.6232170408146,1000,1000
2025,"buffer_2025",115,342,11.3466733566216,11.3467367717113,11.3439817101714,11.2539237742616,11.4493589390012,1000,1000
2025,"buffer_2025",116,345,11.1910916144536,11.1910928284056,11.1901554781499,11.0928982929018,11.2846384341093,1000,1000
2025,"buffer_2025",117,348,11.0677620356395,11.0676593948245,11.0674535829216,10.9695976578859,11.1659876577607,1000,1000
2025,"buffer_2025",118,351,10.9862424450529,10.9862244413158,10.9845818791009,10.8926544111907,11.0774129496972,1000,1000
2025,"buffer_2025",119,354,10.9373448916092,10.9374556095904,10.9359176911167,10.8312591194441,11.0337906078857,1000,1000
2025,"buffer_2025",120,357,10.9079520607691,10.9081079791087,10.9065866530442,10.7968317544541,11.0109394847978,1000,1000
2026,"abs_2026",1,0,10.6337947581838,10.6338593454998,10.6344132189408,10.5393917055666,10.7250938371396,1000,1000
2026,"abs_2026",2,3,10.6348061793218,10.6347829779463,10.6349913518811,10.542707998616,10.7305537525414,1000,1000
2026,"abs_2026",3,6,10.6495960241439,10.6495267425745,10.6498879181932,10.555551505835,10.7523631868579,1000,1000
2026,"abs_2026",4,9,10.6818378667447,10.6818207553126,10.6829042657457,10.5917510332648,10.7859165076926,1000,1000
2026,"abs_2026",5,12,10.7409658840529,10.7408161676819,10.7414880081755,10.6473982821299,10.8483663676397,1000,1000
2026,"abs_2026",6,15,10.8387328812807,10.8386384523699,10.839791594165,10.7394306540054,10.9418507276764,1000,1000
2026,"abs_2026",7,18,10.9758641072553,10.9758838277093,10.9769354457596,10.8736523962806,11.0801260444014,1000,1000
2026,"abs_2026",8,21,11.142595592359,11.1426410506174,11.1452332006157,11.035344078757,11.2514480860773,1000,1000
2026,"abs_2026",9,24,11.3309047336839,11.3310369388145,11.3295624655404,11.23072864615,11.4421371338805,1000,1000
2026,"abs_2026",10,27,11.5445221370692,11.5446250573716,11.546244328485,11.4337960230096,11.666559189952,1000,1000
2026,"abs_2026",11,30,11.7920473915227,11.7921366857381,11.7951087506338,11.6712426611359,11.9100633493705,1000,1000
2026,"abs_2026",12,33,12.0676455504065,12.0677856766941,12.0711256985492,11.9546075941563,12.187624021875,1000,1000
2026,"abs_2026",13,36,12.3507287251309,12.3511109020985,12.3538782788974,12.2235913079818,12.4799273096801,1000,1000
2026,"abs_2026",14,39,12.6130791684144,12.6136164070291,12.612758302138,12.4867880897885,12.7424769381667,1000,1000
2026,"abs_2026",15,42,12.8333666078337,12.8336842208295,12.830262197046,12.7025154721338,12.9603606405638,1000,1000
2026,"abs_2026",16,45,12.9974528532135,12.9977849065231,12.9960735355709,12.8697667026678,13.1264976982033,1000,1000
2026,"abs_2026",17,48,13.0850952708533,13.08534753076,13.0818692168398,12.9605980075302,13.2047463704,1000,1000
2026,"abs_2026",18,51,13.0836333030023,13.0840183021125,13.0808125307359,12.9566246253978,13.2157430015086,1000,1000
2026,"abs_2026",19,54,13.0234280231218,13.0235257484661,13.020242190655,12.8890097492933,13.1675024797814,1000,1000
2026,"abs_2026",20,57,12.9370910895943,12.9374030633879,12.9353474680937,12.7993259943541,13.0821155413283,1000,1000
2026,"abs_2026",21,60,12.8134309451208,12.8139579786402,12.8127680914491,12.6644630739243,12.9675798383125,1000,1000
2026,"abs_2026",22,63,12.6353145253993,12.6356602014074,12.6364790556547,12.4957323278922,12.7733520219529,1000,1000
2026,"abs_2026",23,66,12.4249254959203,12.4250083505105,12.4244203455574,12.276158957635,12.5734557319719,1000,1000
2026,"abs_2026",24,69,12.2262688312815,12.2262798748673,12.2244350936919,12.0809374965014,12.38656711874,1000,1000
2026,"abs_2026",25,72,12.082133840657,12.0820877824325,12.0771150408793,11.9347361856657,12.2451666852867,1000,1000
2026,"abs_2026",26,75,12.0067735814441,12.0069080733053,12.0023716824328,11.8673963782805,12.1581252425243,1000,1000
2026,"abs_2026",27,78,11.9529166840842,11.9532802991115,11.9503881477711,11.8010404882777,12.1035203368676,1000,1000
2026,"abs_2026",28,81,11.8748676910761,11.8750589083759,11.8726645981577,11.7279025880104,12.0250741449249,1000,1000
2026,"abs_2026",29,84,11.7826402476984,11.7823816759012,11.7768706806895,11.6266653095559,11.9324258624843,1000,1000
2026,"abs_2026",30,87,11.7320538448534,11.7316917358652,11.72539525118,11.5639571787844,11.8907130432771,1000,1000
2026,"abs_2026",31,90,11.7473185745884,11.7472472700014,11.7447027037349,11.5948529730638,11.8983364727136,1000,1000
2026,"abs_2026",32,93,11.7947536190532,11.7948762922199,11.7946587552972,11.6315289062577,11.9725703652995,1000,1000
2026,"abs_2026",33,96,11.8364071241926,11.8365981373499,11.8348431674733,11.6802743024807,12.0068816880449,1000,1000
2026,"abs_2026",34,99,11.8643672028525,11.8646402381692,11.8606540093729,11.7156738035048,12.0162477321132,1000,1000
2026,"abs_2026",35,102,11.8994870447159,11.8994841558471,11.8970130896688,11.7428063590806,12.0533248472059,1000,1000
2026,"abs_2026",36,105,11.9690707799348,11.9688274187625,11.965617962976,11.8218222924796,12.1196028417519,1000,1000
2026,"abs_2026",37,108,12.0954885403404,12.0953447169471,12.0933165518906,11.9484154340199,12.246712954217,1000,1000
2026,"abs_2026",38,111,12.2762116695249,12.2762177732555,12.2792061814102,12.1194937909134,12.4374825584941,1000,1000
2026,"abs_2026",39,114,12.4723788202904,12.4726417779903,12.4745964948412,12.3102397060925,12.640432711438,1000,1000
2026,"abs_2026",40,117,12.6415651493719,12.6417890203718,12.6451209092935,12.5033597555397,12.7959595586285,1000,1000
2026,"abs_2026",41,120,12.7901553465093,12.7903119791865,12.7900004750927,12.6384792167654,12.9377725368339,1000,1000
2026,"abs_2026",42,123,12.9387432423583,12.9394302778896,12.9394987524864,12.7871782560834,13.067163607446,1000,1000
2026,"abs_2026",43,126,13.0255782219569,13.0269511200871,13.0293366089227,12.8922738844717,13.1565255331252,1000,1000
2026,"abs_2026",44,129,12.9498175060177,12.9504319949553,12.9526440238103,12.8111195226125,13.0772241548273,1000,1000
2026,"abs_2026",45,132,12.7493674143722,12.7495931946237,12.7494040956084,12.6118342945052,12.872577557219,1000,1000
2026,"abs_2026",46,135,12.5135241548337,12.5142598277429,12.512435798074,12.3851886929033,12.645137335461,1000,1000
2026,"abs_2026",47,138,12.2320105405658,12.2324419048321,12.2285754025981,12.1058471154283,12.3402844068768,1000,1000
2026,"abs_2026",48,141,11.9112791625976,11.9114192053337,11.9075158386387,11.7948001068578,12.0202976800231,1000,1000
2026,"abs_2026",49,144,11.6108543296219,11.6108112323232,11.6088418601428,11.5061590360177,11.7178720275556,1000,1000
2026,"abs_2026",50,147,11.3514052858712,11.351426641244,11.3477333017501,11.2353006322869,11.4600902901084,1000,1000
2026,"abs_2026",51,150,11.1187465287818,11.118849517891,11.1187421172897,11.0048544147319,11.2340237815751,1000,1000
2026,"abs_2026",52,153,10.9042906853239,10.9044239681409,10.9023721908854,10.8053924245414,11.0093876411651,1000,1000
2026,"abs_2026",53,156,10.7088619709026,10.7091024643815,10.7060940044983,10.6109031588695,10.8114088519813,1000,1000
2026,"abs_2026",54,159,10.5318577312163,10.532006565699,10.5274996598981,10.4347571083637,10.6302876107473,1000,1000
2026,"abs_2026",55,162,10.3733225856624,10.3734449244784,10.3699344120046,10.2794679773984,10.464604166132,1000,1000
2026,"abs_2026",56,165,10.2392372981474,10.2392244926225,10.2401481246375,10.1502968194718,10.3329920574939,1000,1000
2026,"abs_2026",57,168,10.140029468603,10.1400190081301,10.1389714692029,10.0585567690686,10.2264716412216,1000,1000
2026,"abs_2026",58,171,10.0763328628123,10.0763269438836,10.0767719772311,9.99648799915277,10.1609406709404,1000,1000
2026,"abs_2026",59,174,10.0419643630972,10.0420041871929,10.0414985725699,9.95508626015963,10.1287055241548,1000,1000
2026,"abs_2026",60,177,10.0310811464305,10.0310992842907,10.0303210996961,9.94568171444893,10.1195721767875,1000,1000
2026,"abs_2026",61,180,10.0414137358682,10.0414291882165,10.0406499782088,9.95607968772768,10.1254935007761,1000,1000
2026,"abs_2026",62,183,10.0747682648812,10.0747864733145,10.0749793439489,9.97991736093163,10.1705755801427,1000,1000
2026,"abs_2026",63,186,10.1320010904394,10.1320150926944,10.1330839409625,10.034001876165,10.2347312120235,1000,1000
2026,"abs_2026",64,189,10.212992691382,10.2130119699525,10.2125925617718,10.1222226870887,10.3089075758526,1000,1000
2026,"abs_2026",65,192,10.3193750180879,10.3193890023268,10.318471178595,10.2236236581962,10.4183859541779,1000,1000
2026,"abs_2026",66,195,10.4549224045974,10.4548781764258,10.4521878901483,10.3551581286703,10.5519657295272,1000,1000
2026,"abs_2026",67,198,10.6279230497035,10.6277961504407,10.6241180999192,10.520866881396,10.7282374578394,1000,1000
2026,"abs_2026",68,201,10.8500874773255,10.8499538823162,10.8444646530582,10.7389897977062,10.9504815854751,1000,1000
2026,"abs_2026",69,204,11.1255653686957,11.1256283548654,11.1195428887435,11.0205443616448,11.2282997356427,1000,1000
2026,"abs_2026",70,207,11.427580910724,11.427824603738,11.422306759101,11.3268762578722,11.5390605364702,1000,1000
2026,"abs_2026",71,210,11.7195902097837,11.7199539728294,11.7163101932234,11.6168770111046,11.8257795033108,1000,1000
2026,"abs_2026",72,213,12.0002295737327,12.000301715481,11.9997876339542,11.90512136732,12.1058453927149,1000,1000
2026,"abs_2026",73,216,12.3017414305491,12.301743652826,12.3023580158632,12.1849759063364,12.417104096027,1000,1000
2026,"abs_2026",74,219,12.6500688709536,12.6501581872867,12.6517585135455,12.5303848205186,12.760256163401,1000,1000
2026,"abs_2026",75,222,12.9962079507105,12.9969035189224,12.9946364251226,12.8658217740066,13.1114406189849,1000,1000
2026,"abs_2026",76,225,13.2658665537398,13.266443797118,13.2618775113854,13.1434284541117,13.3789062400966,1000,1000
2026,"abs_2026",77,228,13.4258341341469,13.4262573577257,13.4212426853769,13.3066513052623,13.5456172372538,1000,1000
2026,"abs_2026",78,231,13.4386666052274,13.4400138142182,13.4366938218628,13.310164233521,13.5621661172031,1000,1000
2026,"abs_2026",79,234,13.2767416026253,13.2770785871895,13.2752250207848,13.1420328588498,13.3950791953361,1000,1000
2026,"abs_2026",80,237,12.987317310138,12.9873917211141,12.9827041148304,12.8508348744589,13.1083455258505,1000,1000
2026,"abs_2026",81,240,12.7109221597616,12.7108971387085,12.7071318057415,12.5840083068553,12.8292571176773,1000,1000
2026,"abs_2026",82,243,12.5079174846163,12.5080731274676,12.5021460014555,12.3977161424763,12.617878599404,1000,1000
2026,"abs_2026",83,246,12.3117451428408,12.3120876837918,12.3084287815028,12.1855835848988,12.4328696634873,1000,1000
2026,"abs_2026",84,249,12.0829958289715,12.0830775987201,12.0828105757528,11.9538083639716,12.1963677629869,1000,1000
2026,"abs_2026",85,252,11.855766505155,11.8557500431486,11.8498766400104,11.7284126956322,11.974023753321,1000,1000
2026,"abs_2026",86,255,11.667229867001,11.6672285739249,11.6624335262626,11.5411355727392,11.793130711642,1000,1000
2026,"abs_2026",87,258,11.5164874230634,11.5164897090282,11.5135968361804,11.3980678882172,11.6559092449422,1000,1000
2026,"abs_2026",88,261,11.3966538896306,11.3966569184969,11.3972073840193,11.2847524459698,11.5264087523779,1000,1000
2026,"abs_2026",89,264,11.3095164564243,11.3095152025009,11.3119755729034,11.1991667244355,11.4227167209652,1000,1000
2026,"abs_2026",90,267,11.2606355631435,11.2606408889771,11.2617889892039,11.1393239807147,11.3908376295119,1000,1000
2026,"abs_2026",91,270,11.2502495698261,11.2502496488976,11.247409968209,11.1448959027089,11.3739018368155,1000,1000
2026,"abs_2026",92,273,11.2738204761488,11.2738162937144,11.2705195608927,11.15906942091,11.4037728368356,1000,1000
2026,"abs_2026",93,276,11.3256852578574,11.3257096693839,11.3225040752775,11.2192320074939,11.4369456507936,1000,1000
2026,"abs_2026",94,279,11.3985460193049,11.3985817015578,11.3983505034878,11.305037649316,11.49535218781,1000,1000
2026,"abs_2026",95,282,11.4893044070081,11.4893297390508,11.4888688003064,11.3918516963506,11.587919994807,1000,1000
2026,"abs_2026",96,285,11.6038282908493,11.6038069218098,11.6014162997514,11.5075768059193,11.7154543887119,1000,1000
2026,"abs_2026",97,288,11.7626512300317,11.7625519018147,11.761898451336,11.6527465850441,11.8752468272179,1000,1000
2026,"abs_2026",98,291,11.9771301830491,11.9771981793443,11.9765220588989,11.8599884081028,12.0855322032697,1000,1000
2026,"abs_2026",99,294,12.2281043130665,12.2284056894014,12.2278329622945,12.0971552607874,12.3486627685102,1000,1000
2026,"abs_2026",100,297,12.482793715261,12.4830108447157,12.4826017755374,12.3637337927879,12.5898368333095,1000,1000
2026,"abs_2026",101,300,12.7018869363308,12.7021223498615,12.6993351770146,12.5857537508198,12.8193723664346,1000,1000
2026,"abs_2026",102,303,12.8483047765931,12.8486987277569,12.8456384647324,12.7327344114795,12.9518132038272,1000,1000
2026,"abs_2026",103,306,12.9493179507063,12.9492404044685,12.9486170675316,12.8318165014799,13.049536266522,1000,1000
2026,"abs_2026",104,309,13.0655690243307,13.0656471771085,13.0645374746586,12.9440332554599,13.1793383954226,1000,1000
2026,"abs_2026",105,312,13.1686622521186,13.1697776999774,13.1676378330123,13.0560535344408,13.280480350842,1000,1000
2026,"abs_2026",106,315,13.147226251813,13.1487606275501,13.1470289649167,13.0381680252037,13.2518636048579,1000,1000
2026,"abs_2026",107,318,12.9649207498722,12.9652116901715,12.9619681681133,12.8624699566927,13.0614534922923,1000,1000
2026,"abs_2026",108,321,12.7010887931437,12.701326353201,12.6980043374517,12.6082599771002,12.7979779488857,1000,1000
2026,"abs_2026",109,324,12.4403857079685,12.440585289368,12.4373074642241,12.3400443763296,12.5374079019266,1000,1000
2026,"abs_2026",110,327,12.1900806636808,12.1902847336262,12.1879703554737,12.0938824459733,12.2792839452998,1000,1000
2026,"abs_2026",111,330,11.9320790565573,11.9322519284398,11.9301890692908,11.8431657350228,12.0237643162285,1000,1000
2026,"abs_2026",112,333,11.6738952428703,11.6740476192517,11.6725856755686,11.5792228341929,11.7657089025303,1000,1000
2026,"abs_2026",113,336,11.4333590084369,11.4333707234038,11.4330401653632,11.3391064994079,11.5262178195235,1000,1000
2026,"abs_2026",114,339,11.2209159021746,11.2209181554319,11.2211296124192,11.1201198931966,11.3188127034582,1000,1000
2026,"abs_2026",115,342,11.0400231864799,11.0399397745029,11.0407428284329,10.9463098807806,11.1343845727534,1000,1000
2026,"abs_2026",116,345,10.8943837275892,10.8942570570492,10.8941368082832,10.8025609263623,10.9862782712293,1000,1000
2026,"abs_2026",117,348,10.7862422373338,10.7861633445475,10.7848924326782,10.6966392540899,10.8797558883223,1000,1000
2026,"abs_2026",118,351,10.714448037984,10.7144139144454,10.7133555639114,10.6198413730608,10.8056205111453,1000,1000
2026,"abs_2026",119,354,10.6710515066168,10.6711198727545,10.6689003005506,10.5696700454209,10.7683238297387,1000,1000
2026,"abs_2026",120,357,10.6460003661816,10.6461227047973,10.6431925200722,10.5472778471786,10.747285040436,1000,1000
