"id","period","regime","metric","value_type","convention","point","lo95","hi95","units","n_qualified","n_reps","role"
"framing:pre_buffer:sd_raw_per100:cnt:original","pre_buffer","pre_buffer","sd_raw_per100","cnt","original",1.24899948998791,1.07418432912888,1.40236119649074,"runs per 100 innings",160,1000,"primary"
"framing:pre_buffer:sd_signal_per100:cnt:original","pre_buffer","pre_buffer","sd_signal_per100","cnt","original",1.17061450415221,0.978336422683437,1.33294130080098,"runs per 100 innings",160,1000,"primary"
"framing:pre_buffer:top30_mean_per100:cnt:original","pre_buffer","pre_buffer","top30_mean_per100","cnt","original",0.959292331901636,0.561168941304867,1.29771689570174,"runs per 100 innings",160,1000,"primary"
"framing:pre_buffer:mean_per100:cnt:original","pre_buffer","pre_buffer","mean_per100","cnt","original",0.0905190461140286,-0.169992424246011,0.348235063118979,"runs per 100 innings",160,1000,"primary"
"framing:pre_buffer:split_half_r:cnt:original","pre_buffer","pre_buffer","split_half_r","cnt","original",0.743742534816281,0.633557225538837,0.808308656775023,"correlation",160,1000,"primary"
"framing:pre_buffer:reliability_sb:cnt:original","pre_buffer","pre_buffer","reliability_sb","cnt","original",0.853016383605743,0.771134017439575,0.893764754730869,"reliability",160,1000,"primary"
"framing:buffer_2025:sd_raw_per100:cnt:original","buffer_2025","buffer_2025","sd_raw_per100","cnt","original",1.03220399264537,0.811159457306244,1.23457219202953,"runs per 100 innings",50,1000,"primary"
"framing:buffer_2025:sd_signal_per100:cnt:original","buffer_2025","buffer_2025","sd_signal_per100","cnt","original",0.945120779994328,0.697155575667417,1.16247897486901,"runs per 100 innings",50,1000,"primary"
"framing:buffer_2025:top30_mean_per100:cnt:original","buffer_2025","buffer_2025","top30_mean_per100","cnt","original",0.576173930085869,0.198956410737586,0.981268246435413,"runs per 100 innings",50,1000,"primary"
"framing:buffer_2025:mean_per100:cnt:original","buffer_2025","buffer_2025","mean_per100","cnt","original",-0.0559313053747115,-0.331193653439239,0.259818691091256,"runs per 100 innings",50,1000,"primary"
"framing:buffer_2025:split_half_r:cnt:original","buffer_2025","buffer_2025","split_half_r","cnt","original",0.68782530253667,0.508831394417647,0.799964851749322,"correlation",50,1000,"primary"
"framing:buffer_2025:reliability_sb:cnt:original","buffer_2025","buffer_2025","reliability_sb","cnt","original",0.815043241149333,0.674470811352938,0.888867190629263,"reliability",50,1000,"primary"
"framing:abs_2026:sd_raw_per100:cnt:original","abs_2026","abs_2026","sd_raw_per100","cnt","original",0.862270029302927,0.712258959427691,0.991881095016577,"runs per 100 innings",54,1000,"primary"
"framing:abs_2026:sd_signal_per100:cnt:original","abs_2026","abs_2026","sd_signal_per100","cnt","original",0.745892245064985,0.574929920733288,0.884900617354183,"runs per 100 innings",54,1000,"primary"
"framing:abs_2026:top30_mean_per100:cnt:original","abs_2026","abs_2026","top30_mean_per100","cnt","original",0.644750119981059,0.371778845368771,0.844399527989309,"runs per 100 innings",54,1000,"primary"
"framing:abs_2026:mean_per100:cnt:original","abs_2026","abs_2026","mean_per100","cnt","original",0.00821590440789008,-0.217152760703026,0.230653599478937,"runs per 100 innings",54,1000,"primary"
"framing:abs_2026:split_half_r:cnt:original","abs_2026","abs_2026","split_half_r","cnt","original",0.387493623768095,0.189580787650459,0.547454497601439,"correlation",54,1000,"primary"
"framing:abs_2026:reliability_sb:cnt:original","abs_2026","abs_2026","reliability_sb","cnt","original",0.558551934409265,0.318735426582216,0.70755468853423,"reliability",54,1000,"primary"
"framing:2026_through_05-18:sd_raw_per100:cnt:original","2026_through_05-18","abs_2026","sd_raw_per100","cnt","original",1.12587240763892,0.954695800798326,1.2820344888592,"runs per 100 innings",55,1000,"primary"
"framing:2026_through_05-18:sd_signal_per100:cnt:original","2026_through_05-18","abs_2026","sd_signal_per100","cnt","original",0.826456334475754,0.579159585767778,1.03468706238995,"runs per 100 innings",55,1000,"primary"
"framing:2026_through_05-18:top30_mean_per100:cnt:original","2026_through_05-18","abs_2026","top30_mean_per100","cnt","original",0.821042129924987,0.371771363903189,1.17805043923807,"runs per 100 innings",55,1000,"primary"
"framing:2026_through_05-18:mean_per100:cnt:original","2026_through_05-18","abs_2026","mean_per100","cnt","original",-0.0283304188216754,-0.332045920711151,0.264963526799668,"runs per 100 innings",55,1000,"primary"
"framing:2026_through_05-18:split_half_r:cnt:original","2026_through_05-18","abs_2026","split_half_r","cnt","original",0.328344004246265,0.102586139082824,0.573461704796892,"correlation",55,1000,"primary"
"framing:2026_through_05-18:reliability_sb:cnt:original","2026_through_05-18","abs_2026","reliability_sb","cnt","original",0.494365922075398,0.186082207464306,0.728917260288608,"reliability",55,1000,"primary"
"framing:pre_buffer:sd_raw_per100:flat:original","pre_buffer","pre_buffer","sd_raw_per100","flat","original",1.10900314049804,0.967214643625814,1.2352845801584,"runs per 100 innings",160,1000,"robustness: flat 0.125"
"framing:pre_buffer:sd_signal_per100:flat:original","pre_buffer","pre_buffer","sd_signal_per100","flat","original",1.06231098657525,0.912060985004088,1.19281650097195,"runs per 100 innings",160,1000,"robustness: flat 0.125"
"framing:pre_buffer:top30_mean_per100:flat:original","pre_buffer","pre_buffer","top30_mean_per100","flat","original",0.873858807357011,0.522615424838485,1.15954286083731,"runs per 100 innings",160,1000,"robustness: flat 0.125"
"framing:pre_buffer:mean_per100:flat:original","pre_buffer","pre_buffer","mean_per100","flat","original",0.0860036752998094,-0.144852315073379,0.308566920021766,"runs per 100 innings",160,1000,"robustness: flat 0.125"
"framing:pre_buffer:split_half_r:flat:original","pre_buffer","pre_buffer","split_half_r","flat","original",0.804647910691486,0.724792271844826,0.859354470646264,"correlation",160,1000,"robustness: flat 0.125"
"framing:pre_buffer:reliability_sb:flat:original","pre_buffer","pre_buffer","reliability_sb","flat","original",0.891680806499906,0.83900675876893,0.923764014050566,"reliability",160,1000,"robustness: flat 0.125"
"framing:buffer_2025:sd_raw_per100:flat:original","buffer_2025","buffer_2025","sd_raw_per100","flat","original",0.905937730311438,0.709598809145264,1.08610408791645,"runs per 100 innings",50,1000,"robustness: flat 0.125"
"framing:buffer_2025:sd_signal_per100:flat:original","buffer_2025","buffer_2025","sd_signal_per100","flat","original",0.85413816283951,0.641558944843259,1.04496075446383,"runs per 100 innings",50,1000,"robustness: flat 0.125"
"framing:buffer_2025:top30_mean_per100:flat:original","buffer_2025","buffer_2025","top30_mean_per100","flat","original",0.494983029926463,0.171332021378383,0.851254734584737,"runs per 100 innings",50,1000,"robustness: flat 0.125"
"framing:buffer_2025:mean_per100:flat:original","buffer_2025","buffer_2025","mean_per100","flat","original",-0.0568939638191039,-0.285463065071104,0.202146499915085,"runs per 100 innings",50,1000,"robustness: flat 0.125"
"framing:buffer_2025:split_half_r:flat:original","buffer_2025","buffer_2025","split_half_r","flat","original",0.762696869235789,0.627284162831268,0.857914314713462,"correlation",50,1000,"robustness: flat 0.125"
"framing:buffer_2025:reliability_sb:flat:original","buffer_2025","buffer_2025","reliability_sb","flat","original",0.865374963270291,0.770958306395307,0.923524090221922,"reliability",50,1000,"robustness: flat 0.125"
"framing:abs_2026:sd_raw_per100:flat:original","abs_2026","abs_2026","sd_raw_per100","flat","original",0.772184665405693,0.630391675824307,0.89542828328307,"runs per 100 innings",54,1000,"robustness: flat 0.125"
"framing:abs_2026:sd_signal_per100:flat:original","abs_2026","abs_2026","sd_signal_per100","flat","original",0.704724608208957,0.549874425385864,0.83946515677145,"runs per 100 innings",54,1000,"robustness: flat 0.125"
"framing:abs_2026:top30_mean_per100:flat:original","abs_2026","abs_2026","top30_mean_per100","flat","original",0.55687716596252,0.318278159366163,0.756267817751271,"runs per 100 innings",54,1000,"robustness: flat 0.125"
"framing:abs_2026:mean_per100:flat:original","abs_2026","abs_2026","mean_per100","flat","original",0.00130856742760792,-0.201392837628594,0.205302102983272,"runs per 100 innings",54,1000,"robustness: flat 0.125"
"framing:abs_2026:split_half_r:flat:original","abs_2026","abs_2026","split_half_r","flat","original",0.587094490653206,0.413313617967741,0.725303646405009,"correlation",54,1000,"robustness: flat 0.125"
"framing:abs_2026:reliability_sb:flat:original","abs_2026","abs_2026","reliability_sb","flat","original",0.739835585229174,0.584885912531016,0.840783758801232,"reliability",54,1000,"robustness: flat 0.125"
"framing:2026_through_05-18:sd_raw_per100:flat:original","2026_through_05-18","abs_2026","sd_raw_per100","flat","original",1.02611861975415,0.861655600740416,1.170069972272,"runs per 100 innings",55,1000,"robustness: flat 0.125"
"framing:2026_through_05-18:sd_signal_per100:flat:original","2026_through_05-18","abs_2026","sd_signal_per100","flat","original",0.864031052484772,0.663458426486725,1.02867797620224,"runs per 100 innings",55,1000,"robustness: flat 0.125"
"framing:2026_through_05-18:top30_mean_per100:flat:original","2026_through_05-18","abs_2026","top30_mean_per100","flat","original",0.719587530064554,0.347158859943073,1.02399088328916,"runs per 100 innings",55,1000,"robustness: flat 0.125"
"framing:2026_through_05-18:mean_per100:flat:original","2026_through_05-18","abs_2026","mean_per100","flat","original",-0.0621699595572313,-0.32189622916003,0.221017745166876,"runs per 100 innings",55,1000,"robustness: flat 0.125"
"framing:2026_through_05-18:split_half_r:flat:original","2026_through_05-18","abs_2026","split_half_r","flat","original",0.482979990694596,0.31051724143995,0.649256611663794,"correlation",55,1000,"robustness: flat 0.125"
"framing:2026_through_05-18:reliability_sb:flat:original","2026_through_05-18","abs_2026","reliability_sb","flat","original",0.651364136704742,0.473885007895812,0.787332434585617,"reliability",55,1000,"robustness: flat 0.125"
"framing:pre_buffer:sd_raw_per100:cnt:sis","pre_buffer","pre_buffer","sd_raw_per100","cnt","sis",1.24899948998791,1.07418432912888,1.40236119649074,"runs per 100 innings",160,1000,"robustness: SIS convention"
"framing:pre_buffer:sd_signal_per100:cnt:sis","pre_buffer","pre_buffer","sd_signal_per100","cnt","sis",1.17061450415221,0.978336422683437,1.33294130080098,"runs per 100 innings",160,1000,"robustness: SIS convention"
"framing:pre_buffer:top30_mean_per100:cnt:sis","pre_buffer","pre_buffer","top30_mean_per100","cnt","sis",0.959292331901636,0.561168941304867,1.29771689570174,"runs per 100 innings",160,1000,"robustness: SIS convention"
"framing:pre_buffer:mean_per100:cnt:sis","pre_buffer","pre_buffer","mean_per100","cnt","sis",0.0905190461140286,-0.169992424246011,0.348235063118979,"runs per 100 innings",160,1000,"robustness: SIS convention"
"framing:pre_buffer:split_half_r:cnt:sis","pre_buffer","pre_buffer","split_half_r","cnt","sis",0.743742534816281,0.633557225538837,0.808308656775023,"correlation",160,1000,"robustness: SIS convention"
"framing:pre_buffer:reliability_sb:cnt:sis","pre_buffer","pre_buffer","reliability_sb","cnt","sis",0.853016383605743,0.771134017439575,0.893764754730869,"reliability",160,1000,"robustness: SIS convention"
"framing:buffer_2025:sd_raw_per100:cnt:sis","buffer_2025","buffer_2025","sd_raw_per100","cnt","sis",1.03220399264537,0.811159457306244,1.23457219202953,"runs per 100 innings",50,1000,"robustness: SIS convention"
"framing:buffer_2025:sd_signal_per100:cnt:sis","buffer_2025","buffer_2025","sd_signal_per100","cnt","sis",0.945120779994328,0.697155575667417,1.16247897486901,"runs per 100 innings",50,1000,"robustness: SIS convention"
"framing:buffer_2025:top30_mean_per100:cnt:sis","buffer_2025","buffer_2025","top30_mean_per100","cnt","sis",0.576173930085869,0.198956410737586,0.981268246435413,"runs per 100 innings",50,1000,"robustness: SIS convention"
"framing:buffer_2025:mean_per100:cnt:sis","buffer_2025","buffer_2025","mean_per100","cnt","sis",-0.0559313053747115,-0.331193653439239,0.259818691091256,"runs per 100 innings",50,1000,"robustness: SIS convention"
"framing:buffer_2025:split_half_r:cnt:sis","buffer_2025","buffer_2025","split_half_r","cnt","sis",0.68782530253667,0.508831394417647,0.799964851749322,"correlation",50,1000,"robustness: SIS convention"
"framing:buffer_2025:reliability_sb:cnt:sis","buffer_2025","buffer_2025","reliability_sb","cnt","sis",0.815043241149333,0.674470811352938,0.888867190629263,"reliability",50,1000,"robustness: SIS convention"
"framing:abs_2026:sd_raw_per100:cnt:sis","abs_2026","abs_2026","sd_raw_per100","cnt","sis",0.728175677446982,0.604143906855512,0.838537087124464,"runs per 100 innings",54,1000,"robustness: SIS convention"
"framing:abs_2026:sd_signal_per100:cnt:sis","abs_2026","abs_2026","sd_signal_per100","cnt","sis",0.62111526323623,0.474971859309502,0.742350086854152,"runs per 100 innings",54,1000,"robustness: SIS convention"
"framing:abs_2026:top30_mean_per100:cnt:sis","abs_2026","abs_2026","top30_mean_per100","cnt","sis",0.522360002152518,0.319859494110989,0.718702910397955,"runs per 100 innings",54,1000,"robustness: SIS convention"
"framing:abs_2026:mean_per100:cnt:sis","abs_2026","abs_2026","mean_per100","cnt","sis",0.0061932429646715,-0.186410904976444,0.190622155915629,"runs per 100 innings",54,1000,"robustness: SIS convention"
"framing:abs_2026:split_half_r:cnt:sis","abs_2026","abs_2026","split_half_r","cnt","sis",0.567623242423332,0.408194966508113,0.693841608875872,"correlation",54,1000,"robustness: SIS convention"
"framing:abs_2026:reliability_sb:cnt:sis","abs_2026","abs_2026","reliability_sb","cnt","sis",0.724183243858855,0.579741834206716,0.8192520252459,"reliability",54,1000,"robustness: SIS convention"
"framing:2026_through_05-18:sd_raw_per100:cnt:sis","2026_through_05-18","abs_2026","sd_raw_per100","cnt","sis",1.00843479299313,0.835795644761784,1.15824493595214,"runs per 100 innings",55,1000,"robustness: SIS convention"
"framing:2026_through_05-18:sd_signal_per100:cnt:sis","2026_through_05-18","abs_2026","sd_signal_per100","cnt","sis",0.752017501299739,0.507239612221837,0.940206997938449,"runs per 100 innings",55,1000,"robustness: SIS convention"
"framing:2026_through_05-18:top30_mean_per100:cnt:sis","2026_through_05-18","abs_2026","top30_mean_per100","cnt","sis",0.718321903247853,0.397265180333371,0.953488727641921,"runs per 100 innings",55,1000,"robustness: SIS convention"
"framing:2026_through_05-18:mean_per100:cnt:sis","2026_through_05-18","abs_2026","mean_per100","cnt","sis",-0.0537114100122039,-0.31652172515011,0.215225518005646,"runs per 100 innings",55,1000,"robustness: SIS convention"
"framing:2026_through_05-18:split_half_r:cnt:sis","2026_through_05-18","abs_2026","split_half_r","cnt","sis",0.441363038946277,0.198317042294042,0.645002001662248,"correlation",55,1000,"robustness: SIS convention"
"framing:2026_through_05-18:reliability_sb:cnt:sis","2026_through_05-18","abs_2026","reliability_sb","cnt","sis",0.612424527368122,0.330992466936275,0.784196008035635,"reliability",55,1000,"robustness: SIS convention"
"framing:pre_buffer:sd_raw_per100:flat:sis","pre_buffer","pre_buffer","sd_raw_per100","flat","sis",1.10900314049804,0.967214643625814,1.2352845801584,"runs per 100 innings",160,1000,"robustness: flat 0.125, SIS convention"
"framing:pre_buffer:sd_signal_per100:flat:sis","pre_buffer","pre_buffer","sd_signal_per100","flat","sis",1.06231098657525,0.912060985004088,1.19281650097195,"runs per 100 innings",160,1000,"robustness: flat 0.125, SIS convention"
"framing:pre_buffer:top30_mean_per100:flat:sis","pre_buffer","pre_buffer","top30_mean_per100","flat","sis",0.873858807357011,0.522615424838485,1.15954286083731,"runs per 100 innings",160,1000,"robustness: flat 0.125, SIS convention"
"framing:pre_buffer:mean_per100:flat:sis","pre_buffer","pre_buffer","mean_per100","flat","sis",0.0860036752998094,-0.144852315073379,0.308566920021766,"runs per 100 innings",160,1000,"robustness: flat 0.125, SIS convention"
"framing:pre_buffer:split_half_r:flat:sis","pre_buffer","pre_buffer","split_half_r","flat","sis",0.804647910691486,0.724792271844826,0.859354470646264,"correlation",160,1000,"robustness: flat 0.125, SIS convention"
"framing:pre_buffer:reliability_sb:flat:sis","pre_buffer","pre_buffer","reliability_sb","flat","sis",0.891680806499906,0.83900675876893,0.923764014050566,"reliability",160,1000,"robustness: flat 0.125, SIS convention"
"framing:buffer_2025:sd_raw_per100:flat:sis","buffer_2025","buffer_2025","sd_raw_per100","flat","sis",0.905937730311438,0.709598809145264,1.08610408791645,"runs per 100 innings",50,1000,"robustness: flat 0.125, SIS convention"
"framing:buffer_2025:sd_signal_per100:flat:sis","buffer_2025","buffer_2025","sd_signal_per100","flat","sis",0.85413816283951,0.641558944843259,1.04496075446383,"runs per 100 innings",50,1000,"robustness: flat 0.125, SIS convention"
"framing:buffer_2025:top30_mean_per100:flat:sis","buffer_2025","buffer_2025","top30_mean_per100","flat","sis",0.494983029926463,0.171332021378383,0.851254734584737,"runs per 100 innings",50,1000,"robustness: flat 0.125, SIS convention"
"framing:buffer_2025:mean_per100:flat:sis","buffer_2025","buffer_2025","mean_per100","flat","sis",-0.0568939638191039,-0.285463065071104,0.202146499915085,"runs per 100 innings",50,1000,"robustness: flat 0.125, SIS convention"
"framing:buffer_2025:split_half_r:flat:sis","buffer_2025","buffer_2025","split_half_r","flat","sis",0.762696869235789,0.627284162831268,0.857914314713462,"correlation",50,1000,"robustness: flat 0.125, SIS convention"
"framing:buffer_2025:reliability_sb:flat:sis","buffer_2025","buffer_2025","reliability_sb","flat","sis",0.865374963270291,0.770958306395307,0.923524090221922,"reliability",50,1000,"robustness: flat 0.125, SIS convention"
"framing:abs_2026:sd_raw_per100:flat:sis","abs_2026","abs_2026","sd_raw_per100","flat","sis",0.700868175732274,0.578595453387269,0.805893609621007,"runs per 100 innings",54,1000,"robustness: flat 0.125, SIS convention"
"framing:abs_2026:sd_signal_per100:flat:sis","abs_2026","abs_2026","sd_signal_per100","flat","sis",0.634462709395053,0.499425200713453,0.746982022038541,"runs per 100 innings",54,1000,"robustness: flat 0.125, SIS convention"
"framing:abs_2026:top30_mean_per100:flat:sis","abs_2026","abs_2026","top30_mean_per100","flat","sis",0.500333377393813,0.281969008504424,0.686906421758013,"runs per 100 innings",54,1000,"robustness: flat 0.125, SIS convention"
"framing:abs_2026:mean_per100:flat:sis","abs_2026","abs_2026","mean_per100","flat","sis",-0.00522219183032028,-0.189899715021698,0.175639548032857,"runs per 100 innings",54,1000,"robustness: flat 0.125, SIS convention"
"framing:abs_2026:split_half_r:flat:sis","abs_2026","abs_2026","split_half_r","flat","sis",0.681880419848713,0.56043754427228,0.776290724214065,"correlation",54,1000,"robustness: flat 0.125, SIS convention"
"framing:abs_2026:reliability_sb:flat:sis","abs_2026","abs_2026","reliability_sb","flat","sis",0.810854816788995,0.718307986561443,0.874058185784671,"reliability",54,1000,"robustness: flat 0.125, SIS convention"
"framing:2026_through_05-18:sd_raw_per100:flat:sis","2026_through_05-18","abs_2026","sd_raw_per100","flat","sis",0.934217528941805,0.775366249000369,1.06742815543506,"runs per 100 innings",55,1000,"robustness: flat 0.125, SIS convention"
"framing:2026_through_05-18:sd_signal_per100:flat:sis","2026_through_05-18","abs_2026","sd_signal_per100","flat","sis",0.774053560206496,0.575240311638704,0.93299193261141,"runs per 100 innings",55,1000,"robustness: flat 0.125, SIS convention"
"framing:2026_through_05-18:top30_mean_per100:flat:sis","2026_through_05-18","abs_2026","top30_mean_per100","flat","sis",0.67027601133956,0.34702777167474,0.909336830415725,"runs per 100 innings",55,1000,"robustness: flat 0.125, SIS convention"
"framing:2026_through_05-18:mean_per100:flat:sis","2026_through_05-18","abs_2026","mean_per100","flat","sis",-0.055246167539712,-0.298117166622881,0.206458467936728,"runs per 100 innings",55,1000,"robustness: flat 0.125, SIS convention"
"framing:2026_through_05-18:split_half_r:flat:sis","2026_through_05-18","abs_2026","split_half_r","flat","sis",0.51448700413267,0.362670669030679,0.652777231318238,"correlation",55,1000,"robustness: flat 0.125, SIS convention"
"framing:2026_through_05-18:reliability_sb:flat:sis","2026_through_05-18","abs_2026","reliability_sb","flat","sis",0.679420823986946,0.532293927793782,0.789915546092375,"reliability",55,1000,"robustness: flat 0.125, SIS convention"
