"row","value_type","point","lo95","hi95","doolittle","units","id"
"top30_2025","cnt",0.576173930085869,0.198956410737586,0.981268246435413,0.704,"runs per 100 innings","framing_doolittle:top30_2025:cnt"
"top30_2026","cnt",0.644750119981059,0.371778845368771,0.844399527989309,,"runs per 100 innings","framing_doolittle:top30_2026:cnt"
"top30_2026_through_05-18","cnt",0.821042129924987,0.371771363903189,1.17805043923807,0.565,"runs per 100 innings","framing_doolittle:top30_2026_through_05-18:cnt"
"change_pct_2026_through_05-18_vs_2025","cnt",42.499007166573,-38.6639205191009,316.339953557266,-19.7443181818182,"percent","framing_doolittle:change_pct_2026_through_05-18_vs_2025:cnt"
"change_pct_2026_vs_2025","cnt",11.901994573925,-37.860814542134,222.764852256241,,"percent","framing_doolittle:change_pct_2026_vs_2025:cnt"
"top30_2025","flat",0.494983029926463,0.171332021378383,0.851254734584737,0.704,"runs per 100 innings","framing_doolittle:top30_2025:flat"
"top30_2026","flat",0.55687716596252,0.318278159366163,0.756267817751271,,"runs per 100 innings","framing_doolittle:top30_2026:flat"
"top30_2026_through_05-18","flat",0.719587530064554,0.347158859943073,1.02399088328916,0.565,"runs per 100 innings","framing_doolittle:top30_2026_through_05-18:flat"
"change_pct_2026_through_05-18_vs_2025","flat",45.3762021238301,-28.3468290264095,264.486588935174,-19.7443181818182,"percent","framing_doolittle:change_pct_2026_through_05-18_vs_2025:flat"
"change_pct_2026_vs_2025","flat",12.5042945503105,-37.4558479568761,191.054416296272,,"percent","framing_doolittle:change_pct_2026_vs_2025:flat"
