"figure","element","key","label","n","x","value","mean","sd","p05","p25","p75","p95","source"
"F2b","pitch_type","FF","Four-seam",115423,94.3640158373981,-0.707440096194944,-0.703516640117326,0.174145241445189,-0.982712965161944,-0.830033853505076,-0.575146642751509,-0.418639871157241,"out/ch1/fig/F_dz_by_pitch_type.csv (W3.17)"
"F2b","pitch_type","SI","Sinker",59521,93.7407788847633,-0.89286863546358,-0.890262281601746,0.162862273952999,-1.15395066335071,-1.00009993875693,-0.78196638628628,-0.617483749384936,"out/ch1/fig/F_dz_by_pitch_type.csv (W3.17)"
"F2b","pitch_type","FC","Cutter",27060,89.6012860310421,-0.910833550298359,-0.917523281186432,0.202832880752449,-1.25903284705755,-1.05403411090155,-0.774990602848263,-0.595198177923762,"out/ch1/fig/F_dz_by_pitch_type.csv (W3.17)"
"F2b","pitch_type","CH","Changeup",36274,85.8971494734521,-1.14738209607234,-1.13836689843376,0.188291064246849,-1.43347923357496,-1.26944338269646,-1.01350186870894,-0.817706982209345,"out/ch1/fig/F_dz_by_pitch_type.csv (W3.17)"
"F2b","pitch_type","ST","Sweeper",29643,82.459659953446,-1.17126561365941,-1.17424211442882,0.199299211850442,-1.50393956677185,-1.31034011285842,-1.03484030583995,-0.851787089506926,"out/ch1/fig/F_dz_by_pitch_type.csv (W3.17)"
"F2b","pitch_type","SL","Slider",51491,86.1922044629159,-1.17213197209005,-1.16747670463511,0.208855654075721,-1.50208859913994,-1.3092599022984,-1.02869723723562,-0.821004828305173,"out/ch1/fig/F_dz_by_pitch_type.csv (W3.17)"
"F2b","pitch_type","FS","Splitter",11076,86.4710725893824,-1.18271438141806,-1.16885239110113,0.209122151016465,-1.49376262161637,-1.31368623860089,-1.02723586098341,-0.811250234955562,"out/ch1/fig/F_dz_by_pitch_type.csv (W3.17)"
"F2b","pitch_type","SV","Slurve",1977,81.7412240768842,-1.30579027318936,-1.30782724600524,0.201670216663148,-1.63322342639922,-1.43942899103827,-1.16936399130723,-0.980886639314129,"out/ch1/fig/F_dz_by_pitch_type.csv (W3.17)"
"F2b","pitch_type","CS","Slow curve",180,72.8394444444444,-1.3608115593,-1.38522702338019,0.215495235637059,-1.72747711964366,-1.53937299656354,-1.2465761315737,-1.0833637559286,"out/ch1/fig/F_dz_by_pitch_type.csv (W3.17)"
"F2b","pitch_type","FO","Forkball",366,83.2144808743169,-1.39311499470849,-1.37093792551545,0.212003428486499,-1.71341577662243,-1.51109172360926,-1.20562869494262,-1.03105808957768,"out/ch1/fig/F_dz_by_pitch_type.csv (W3.17)"
"F2b","pitch_type","KC","Knuckle curve",6981,82.4497493195817,-1.45241097921727,-1.45293128938245,0.221993305745598,-1.81996567100188,-1.59896502876721,-1.29893863226902,-1.09761535147124,"out/ch1/fig/F_dz_by_pitch_type.csv (W3.17)"
"F2b","pitch_type","CU","Curveball",27601,79.4955291474947,-1.47726941093887,-1.48189029440551,0.230000193614475,-1.86833316287766,-1.63716893055601,-1.32249230422323,-1.11435186412045,"out/ch1/fig/F_dz_by_pitch_type.csv (W3.17)"
"F2b","constant","n_pitch_types",,,,12,,,,,,,
"F2b","constant","n_pitches",,,,367593,,,,,,,
"F2b","constant","pct_lo",,,,5,,,,,,,
"F2b","constant","pct_q1",,,,25,,,,,,,
"F2b","constant","pct_median",,,,50,,,,,,,
"F2b","constant","pct_q3",,,,75,,,,,,,
"F2b","constant","pct_hi",,,,95,,,,,,,
