"figure","element","key","season","regime","value","y","n","q25","q75","iqr","min","max"
"F6","catcher_season","669004",2022,"pre_buffer",-3.35747061274927,3.042492235932,,,,,,
"F6","catcher_season","455139",2022,"pre_buffer",-2.57783713450654,2.904984471864,,,,,,
"F6","catcher_season","521692",2022,"pre_buffer",-2.5486517720934,3.127476707796,,,,,,
"F6","catcher_season","656180",2022,"pre_buffer",-2.4942087350852,2.989968943728,,,,,,
"F6","catcher_season","668800",2023,"pre_buffer",-2.08059848201908,2.85246117966,,,,,,
"F6","catcher_season","553869",2022,"pre_buffer",-2.04117746351239,3.074953415592,,,,,,
"F6","catcher_season","542194",2024,"pre_buffer",-1.96187616469213,2.937445651524,,,,,,
"F6","catcher_season","553869",2023,"pre_buffer",-1.90285069346319,3.159937887456,,,,,,
"F6","catcher_season","681351",2023,"pre_buffer",-1.82166924491835,3.022430123388,,,,,,
"F6","catcher_season","571912",2024,"pre_buffer",-1.68473217742322,2.88492235932,,,,,,
"F6","catcher_season","543592",2022,"pre_buffer",-1.63506548179101,3.107414595252,,,,,,
"F6","catcher_season","455117",2023,"pre_buffer",-1.60654199003618,2.969906831184,,,,,,
"F6","catcher_season","668800",2022,"pre_buffer",-1.58871588982838,2.832399067116,,,,,,
"F6","catcher_season","642136",2023,"pre_buffer",-1.5302789501127,3.054891303048,,,,,,
"F6","catcher_season","669134",2024,"pre_buffer",-1.40659061633482,2.91738353898,,,,,,
"F6","catcher_season","571912",2023,"pre_buffer",-1.37791744760389,3.139875774912,,,,,,
"F6","catcher_season","663886",2023,"pre_buffer",-1.37066557437621,3.002368010844,,,,,,
"F6","catcher_season","657136",2024,"pre_buffer",-1.32376617114333,2.864860246776,,,,,,
"F6","catcher_season","669127",2024,"pre_buffer",-1.27943730301405,3.087352482708,,,,,,
"F6","catcher_season","543592",2023,"pre_buffer",-1.25189462473531,2.94984471864,,,,,,
"F6","catcher_season","543228",2023,"pre_buffer",-1.24402244909814,3.172336954572,,,,,,
"F6","catcher_season","592200",2022,"pre_buffer",-1.22313064196899,3.034829190504,,,,,,
"F6","catcher_season","575929",2022,"pre_buffer",-1.19154073551188,2.897321426436,,,,,,
"F6","catcher_season","660688",2023,"pre_buffer",-1.18680148532515,3.119813662368,,,,,,
"F6","catcher_season","607732",2024,"pre_buffer",-1.18237970328405,2.9823058983,,,,,,
"F6","catcher_season","657136",2023,"pre_buffer",-1.16302834440058,2.844798134232,,,,,,
"F6","catcher_season","521692",2023,"pre_buffer",-1.14054295524602,3.067290370164,,,,,,
"F6","catcher_season","669127",2023,"pre_buffer",-1.110789818385,2.929782606096,,,,,,
"F6","catcher_season","592663",2023,"pre_buffer",-1.10810118075792,3.152274842028,,,,,,
"F6","catcher_season","643376",2024,"pre_buffer",-1.10599899756584,3.01476707796,,,,,,
"F6","catcher_season","669257",2024,"pre_buffer",-1.08503005719505,2.877259313892,,,,,,
"F6","catcher_season","606992",2022,"pre_buffer",-1.08304565583042,3.099751549824,,,,,,
"F6","catcher_season","686676",2024,"pre_buffer",-1.06803522466364,2.962243785756,,,,,,
"F6","catcher_season","673237",2023,"pre_buffer",-1.0587302238906,2.824736021688,,,,,,
"F6","catcher_season","642336",2023,"pre_buffer",-1.01143165561869,3.04722825762,,,,,,
"F6","catcher_season","642136",2024,"pre_buffer",-0.996088379272293,2.909720493552,,,,,,
"F6","catcher_season","575929",2023,"pre_buffer",-0.957257800289369,3.132212729484,,,,,,
"F6","catcher_season","575929",2024,"pre_buffer",-0.913763959730643,2.994704965416,,,,,,
"F6","catcher_season","642336",2022,"pre_buffer",-0.908117764012017,2.857197201348,,,,,,
"F6","catcher_season","592663",2024,"pre_buffer",-0.901397785527284,3.07968943728,,,,,,
"F6","catcher_season","680777",2024,"pre_buffer",-0.862916683363095,2.942181673212,,,,,,
"F6","catcher_season","595751",2022,"pre_buffer",-0.837567708060317,3.164673909144,,,,,,
"F6","catcher_season","660688",2024,"pre_buffer",-0.79949624665976,3.027166145076,,,,,,
"F6","catcher_season","665804",2024,"pre_buffer",-0.715385294667139,2.889658381008,,,,,,
"F6","catcher_season","672515",2023,"pre_buffer",-0.697171106315332,3.11215061694,,,,,,
"F6","catcher_season","643376",2022,"pre_buffer",-0.667919283605975,2.974642852872,,,,,,
"F6","catcher_season","543510",2024,"pre_buffer",-0.655410528198742,2.837135088804,,,,,,
"F6","catcher_season","543510",2023,"pre_buffer",-0.608895198658096,3.059627324736,,,,,,
"F6","catcher_season","455117",2024,"pre_buffer",-0.59981703885425,2.922119560668,,,,,,
"F6","catcher_season","661388",2022,"pre_buffer",-0.555149342878521,3.1446117966,,,,,,
"F6","catcher_season","673237",2024,"pre_buffer",-0.539204805563912,3.007104032532,,,,,,
"F6","catcher_season","669221",2024,"pre_buffer",-0.530995876404294,2.869596268464,,,,,,
"F6","catcher_season","542194",2022,"pre_buffer",-0.522037602025287,3.092088504396,,,,,,
"F6","catcher_season","608348",2023,"pre_buffer",-0.509243920619386,2.954580740328,,,,,,
"F6","catcher_season","663886",2024,"pre_buffer",-0.484449435862551,3.17707297626,,,,,,
"F6","catcher_season","680777",2023,"pre_buffer",-0.453215398550614,3.039565212192,,,,,,
"F6","catcher_season","663698",2024,"pre_buffer",-0.398352723985377,2.902057448124,,,,,,
"F6","catcher_season","663698",2022,"pre_buffer",-0.392188999968894,3.124549684056,,,,,,
"F6","catcher_season","571466",2022,"pre_buffer",-0.372404665622191,2.987041919988,,,,,,
"F6","catcher_season","595453",2023,"pre_buffer",-0.350688329038471,2.84953415592,,,,,,
"F6","catcher_season","543228",2022,"pre_buffer",-0.347351599815004,3.072026391852,,,,,,
"F6","catcher_season","681351",2024,"pre_buffer",-0.344898899964874,2.934518627784,,,,,,
"F6","catcher_season","518595",2024,"pre_buffer",-0.296634963300296,3.157010863716,,,,,,
"F6","catcher_season","668939",2024,"pre_buffer",-0.293771086161455,3.019503099648,,,,,,
"F6","catcher_season","608348",2022,"pre_buffer",-0.260280242944432,2.88199533558,,,,,,
"F6","catcher_season","660688",2022,"pre_buffer",-0.242145166977986,3.104487571512,,,,,,
"F6","catcher_season","606992",2023,"pre_buffer",-0.22990277526218,2.966979807444,,,,,,
"F6","catcher_season","671056",2024,"pre_buffer",-0.199339298102953,2.829472043376,,,,,,
"F6","catcher_season","455117",2022,"pre_buffer",-0.141830766431307,3.051964279308,,,,,,
"F6","catcher_season","666165",2023,"pre_buffer",-0.115342933363624,2.91445651524,,,,,,
"F6","catcher_season","643376",2023,"pre_buffer",-0.103520418209449,3.136948751172,,,,,,
"F6","catcher_season","596117",2024,"pre_buffer",-0.103362628405276,2.999440987104,,,,,,
"F6","catcher_season","607732",2023,"pre_buffer",-0.0915176404997156,2.861933223036,,,,,,
"F6","catcher_season","682848",2023,"pre_buffer",-0.0825314400081639,3.084425458968,,,,,,
"F6","catcher_season","545358",2022,"pre_buffer",-0.0245942970268469,2.9469176949,,,,,,
"F6","catcher_season","571912",2022,"pre_buffer",-0.0214277591790861,3.169409930832,,,,,,
"F6","catcher_season","666023",2024,"pre_buffer",-0.00735084447539801,3.031902166764,,,,,,
"F6","catcher_season","661388",2024,"pre_buffer",0.0294041450731844,2.894394402696,,,,,,
"F6","catcher_season","666310",2023,"pre_buffer",0.0900521119852907,3.116886638628,,,,,,
"F6","catcher_season","666163",2024,"pre_buffer",0.105041289559959,2.97937887456,,,,,,
"F6","catcher_season","686780",2024,"pre_buffer",0.115303064634176,2.841871110492,,,,,,
"F6","catcher_season","607732",2022,"pre_buffer",0.129564908669589,3.064363346424,,,,,,
"F6","catcher_season","542194",2023,"pre_buffer",0.141502335297923,2.926855582356,,,,,,
"F6","catcher_season","663743",2024,"pre_buffer",0.141887302010422,3.149347818288,,,,,,
"F6","catcher_season","521692",2024,"pre_buffer",0.217414043793691,3.01184005422,,,,,,
"F6","catcher_season","553869",2024,"pre_buffer",0.22976503201566,2.874332290152,,,,,,
"F6","catcher_season","641680",2024,"pre_buffer",0.290435327537259,3.096824526084,,,,,,
"F6","catcher_season","624512",2022,"pre_buffer",0.294793537550595,2.959316762016,,,,,,
"F6","catcher_season","624512",2023,"pre_buffer",0.298345237141363,2.821808997948,,,,,,
"F6","catcher_season","543309",2024,"pre_buffer",0.298431755456968,3.04430123388,,,,,,
"F6","catcher_season","543510",2022,"pre_buffer",0.325459649424991,2.906793469812,,,,,,
"F6","catcher_season","605131",2024,"pre_buffer",0.328926721582639,3.129285705744,,,,,,
"F6","catcher_season","543877",2022,"pre_buffer",0.342607591283835,2.991777941676,,,,,,
"F6","catcher_season","608700",2022,"pre_buffer",0.342974426853283,2.854270177608,,,,,,
"F6","catcher_season","605170",2024,"pre_buffer",0.375481350415978,3.07676241354,,,,,,
"F6","catcher_season","425877",2022,"pre_buffer",0.441328288878365,2.939254649472,,,,,,
"F6","catcher_season","596142",2022,"pre_buffer",0.460864005007153,3.161746885404,,,,,,
"F6","catcher_season","592663",2022,"pre_buffer",0.483549802016807,3.024239121336,,,,,,
"F6","catcher_season","669221",2023,"pre_buffer",0.524784061276701,2.886731357268,,,,,,
"F6","catcher_season","641511",2022,"pre_buffer",0.526122591408485,3.1092235932,,,,,,
"F6","catcher_season","596142",2023,"pre_buffer",0.538045203813111,2.971715829132,,,,,,
"F6","catcher_season","642851",2023,"pre_buffer",0.545538056940532,2.834208065064,,,,,,
"F6","catcher_season","595956",2023,"pre_buffer",0.585073172339886,3.056700300996,,,,,,
"F6","catcher_season","605131",2023,"pre_buffer",0.585082470352153,2.919192536928,,,,,,
"F6","catcher_season","518595",2022,"pre_buffer",0.606228954507546,3.14168477286,,,,,,
"F6","catcher_season","669257",2022,"pre_buffer",0.636736482633037,3.004177008792,,,,,,
"F6","catcher_season","642851",2022,"pre_buffer",0.675376910532183,2.866669244724,,,,,,
"F6","catcher_season","668939",2023,"pre_buffer",0.690522303999453,3.089161480656,,,,,,
"F6","catcher_season","672515",2024,"pre_buffer",0.694535900249892,2.951653716588,,,,,,
"F6","catcher_season","669257",2023,"pre_buffer",0.727975797289236,3.17414595252,,,,,,
"F6","catcher_season","663743",2022,"pre_buffer",0.729514028102987,3.036638188452,,,,,,
"F6","catcher_season","641680",2023,"pre_buffer",0.750196243203562,2.899130424384,,,,,,
"F6","catcher_season","518595",2023,"pre_buffer",0.771846475684809,3.121622660316,,,,,,
"F6","catcher_season","595978",2022,"pre_buffer",0.782663637153202,2.984114896248,,,,,,
"F6","catcher_season","605170",2022,"pre_buffer",0.796341487573412,2.84660713218,,,,,,
"F6","catcher_season","668670",2023,"pre_buffer",0.800965612068115,3.069099368112,,,,,,
"F6","catcher_season","663743",2023,"pre_buffer",0.802985232944754,2.931591604044,,,,,,
"F6","catcher_season","663728",2022,"pre_buffer",0.807146038366505,3.154083839976,,,,,,
"F6","catcher_season","666023",2023,"pre_buffer",0.830772651308697,3.016576075908,,,,,,
"F6","catcher_season","623168",2022,"pre_buffer",0.864135118992084,2.87906831184,,,,,,
"F6","catcher_season","669224",2024,"pre_buffer",0.870803683136713,3.101560547772,,,,,,
"F6","catcher_season","605131",2022,"pre_buffer",0.872282121312549,2.964052783704,,,,,,
"F6","catcher_season","669221",2022,"pre_buffer",0.878901508827679,2.826545019636,,,,,,
"F6","catcher_season","518735",2023,"pre_buffer",0.939488551325114,3.049037255568,,,,,,
"F6","catcher_season","663728",2023,"pre_buffer",0.955108241499894,2.9115294915,,,,,,
"F6","catcher_season","553882",2022,"pre_buffer",0.976496710435294,3.134021727432,,,,,,
"F6","catcher_season","680777",2022,"pre_buffer",0.990491057240189,2.996513963364,,,,,,
"F6","catcher_season","666310",2024,"pre_buffer",1.04159191471361,2.859006199296,,,,,,
"F6","catcher_season","608348",2024,"pre_buffer",1.04416966898136,3.081498435228,,,,,,
"F6","catcher_season","624512",2024,"pre_buffer",1.04707021329152,2.94399067116,,,,,,
"F6","catcher_season","682626",2024,"pre_buffer",1.18003346131909,3.166482907092,,,,,,
"F6","catcher_season","661388",2023,"pre_buffer",1.25219280877814,3.028975143024,,,,,,
"F6","catcher_season","621512",2022,"pre_buffer",1.2635803011158,2.891467378956,,,,,,
"F6","catcher_season","661531",2022,"pre_buffer",1.30286022887705,3.113959614888,,,,,,
"F6","catcher_season","672386",2023,"pre_buffer",1.36593068906265,2.97645185082,,,,,,
"F6","catcher_season","668939",2022,"pre_buffer",1.38125815578892,2.838944086752,,,,,,
"F6","catcher_season","672386",2022,"pre_buffer",1.41368763852109,3.061436322684,,,,,,
"F6","catcher_season","641511",2023,"pre_buffer",1.41401308205218,2.923928558616,,,,,,
"F6","catcher_season","682626",2023,"pre_buffer",1.42892445790782,3.146420794548,,,,,,
"F6","catcher_season","543877",2023,"pre_buffer",1.43672009522252,3.00891303048,,,,,,
"F6","catcher_season","518735",2022,"pre_buffer",1.45376461114681,2.871405266412,,,,,,
"F6","catcher_season","656577",2024,"pre_buffer",1.47582205271277,3.093897502344,,,,,,
"F6","catcher_season","663728",2024,"pre_buffer",1.4815872030465,2.956389738276,,,,,,
"F6","catcher_season","605170",2023,"pre_buffer",1.58241311732732,3.178881974208,,,,,,
"F6","catcher_season","624431",2023,"pre_buffer",1.58755726209729,3.04137421014,,,,,,
"F6","catcher_season","518735",2024,"pre_buffer",1.78581134634123,2.903866446072,,,,,,
"F6","catcher_season","668670",2024,"pre_buffer",1.79528302265882,3.126358682004,,,,,,
"F6","catcher_season","641680",2022,"pre_buffer",1.83930810629464,2.988850917936,,,,,,
"F6","catcher_season","672386",2024,"pre_buffer",1.8472617954368,2.851343153868,,,,,,
"F6","catcher_season","543309",2022,"pre_buffer",1.92789173980583,3.0738353898,,,,,,
"F6","catcher_season","664874",2023,"pre_buffer",2.1213005199961,2.936327625732,,,,,,
"F6","catcher_season","543877",2024,"pre_buffer",2.310552614581,3.158819861664,,,,,,
"F6","catcher_season","664874",2022,"pre_buffer",2.40209369702842,3.021312097596,,,,,,
"F6","catcher_season","543309",2023,"pre_buffer",2.41684624920583,2.883804333528,,,,,,
"F6","catcher_season","624431",2024,"pre_buffer",2.64300917226232,3.10629656946,,,,,,
"F6","catcher_season","672275",2024,"pre_buffer",2.72318345335973,2.968788805392,,,,,,
"F6","catcher_season","672275",2023,"pre_buffer",2.82033295132793,2.831281041324,,,,,,
"F6","catcher_season","595978",2024,"pre_buffer",2.95285650034777,3.053773277256,,,,,,
"F6","catcher_season","595978",2023,"pre_buffer",3.12255020830683,2.916265513188,,,,,,
"F6","catcher_season","624431",2022,"pre_buffer",3.31006720247789,3.13875774912,,,,,,
"F6","catcher_season","700337",2025,"buffer_2025",-2.01517214050887,2.042492235932,,,,,,
"F6","catcher_season","656180",2025,"buffer_2025",-1.86996975130239,1.904984471864,,,,,,
"F6","catcher_season","660688",2025,"buffer_2025",-1.67732503902648,2.127476707796,,,,,,
"F6","catcher_season","518595",2025,"buffer_2025",-1.60637469908184,1.989968943728,,,,,,
"F6","catcher_season","681351",2025,"buffer_2025",-1.3417210818914,1.85246117966,,,,,,
"F6","catcher_season","663886",2025,"buffer_2025",-1.16250144577908,2.074953415592,,,,,,
"F6","catcher_season","605170",2025,"buffer_2025",-1.10116968594329,1.937445651524,,,,,,
"F6","catcher_season","669257",2025,"buffer_2025",-1.04314649170557,2.159937887456,,,,,,
"F6","catcher_season","689414",2025,"buffer_2025",-0.980075180310362,2.022430123388,,,,,,
"F6","catcher_season","645444",2025,"buffer_2025",-0.882376817989553,1.88492235932,,,,,,
"F6","catcher_season","642136",2025,"buffer_2025",-0.849115191131358,2.107414595252,,,,,,
"F6","catcher_season","592663",2025,"buffer_2025",-0.808709406181891,1.969906831184,,,,,,
"F6","catcher_season","643376",2025,"buffer_2025",-0.801080178407129,1.832399067116,,,,,,
"F6","catcher_season","666310",2025,"buffer_2025",-0.746262596991262,2.054891303048,,,,,,
"F6","catcher_season","673237",2025,"buffer_2025",-0.688845790808671,1.91738353898,,,,,,
"F6","catcher_season","521692",2025,"buffer_2025",-0.513334067851155,2.139875774912,,,,,,
"F6","catcher_season","669127",2025,"buffer_2025",-0.510866464928431,2.002368010844,,,,,,
"F6","catcher_season","455117",2025,"buffer_2025",-0.50949910741678,1.864860246776,,,,,,
"F6","catcher_season","691019",2025,"buffer_2025",-0.497140450699718,2.087352482708,,,,,,
"F6","catcher_season","682626",2025,"buffer_2025",-0.47709758335641,1.94984471864,,,,,,
"F6","catcher_season","666023",2025,"buffer_2025",-0.443051150865232,2.172336954572,,,,,,
"F6","catcher_season","608348",2025,"buffer_2025",-0.406032555819273,2.034829190504,,,,,,
"F6","catcher_season","680777",2025,"buffer_2025",-0.377371291050361,1.897321426436,,,,,,
"F6","catcher_season","663698",2025,"buffer_2025",-0.332974209672244,2.119813662368,,,,,,
"F6","catcher_season","657136",2025,"buffer_2025",-0.157540782058999,1.9823058983,,,,,,
"F6","catcher_season","661388",2025,"buffer_2025",-0.0645234536628984,1.844798134232,,,,,,
"F6","catcher_season","696100",2025,"buffer_2025",-0.041163150929648,2.067290370164,,,,,,
"F6","catcher_season","686948",2025,"buffer_2025",0.0399405994986199,1.929782606096,,,,,,
"F6","catcher_season","668939",2025,"buffer_2025",0.159375393475173,2.152274842028,,,,,,
"F6","catcher_season","641680",2025,"buffer_2025",0.20507557702953,2.01476707796,,,,,,
"F6","catcher_season","680779",2025,"buffer_2025",0.214394163703004,1.877259313892,,,,,,
"F6","catcher_season","682663",2025,"buffer_2025",0.239083851398094,2.099751549824,,,,,,
"F6","catcher_season","641598",2025,"buffer_2025",0.338133222788952,1.962243785756,,,,,,
"F6","catcher_season","543877",2025,"buffer_2025",0.353331066291211,1.824736021688,,,,,,
"F6","catcher_season","665966",2025,"buffer_2025",0.393274509012471,2.04722825762,,,,,,
"F6","catcher_season","553869",2025,"buffer_2025",0.496202276308378,1.909720493552,,,,,,
"F6","catcher_season","669221",2025,"buffer_2025",0.504658657233677,2.132212729484,,,,,,
"F6","catcher_season","624431",2025,"buffer_2025",0.51409619347529,1.994704965416,,,,,,
"F6","catcher_season","623168",2025,"buffer_2025",0.600495036454349,1.857197201348,,,,,,
"F6","catcher_season","620443",2025,"buffer_2025",0.673930795595538,2.07968943728,,,,,,
"F6","catcher_season","543309",2025,"buffer_2025",0.814351119621069,1.942181673212,,,,,,
"F6","catcher_season","686780",2025,"buffer_2025",0.876858398783043,2.164673909144,,,,,,
"F6","catcher_season","672515",2025,"buffer_2025",0.878051289468833,2.027166145076,,,,,,
"F6","catcher_season","669224",2025,"buffer_2025",1.01247567768083,1.889658381008,,,,,,
"F6","catcher_season","663743",2025,"buffer_2025",1.09368655282939,2.11215061694,,,,,,
"F6","catcher_season","693307",2025,"buffer_2025",1.17515092104769,1.974642852872,,,,,,
"F6","catcher_season","663728",2025,"buffer_2025",1.25615535298838,1.837135088804,,,,,,
"F6","catcher_season","672386",2025,"buffer_2025",2.13632966101845,2.059627324736,,,,,,
"F6","catcher_season","595978",2025,"buffer_2025",2.5345956474479,1.922119560668,,,,,,
"F6","catcher_season","672275",2025,"buffer_2025",2.59822853348485,2.1446117966,,,,,,
"F6","catcher_season","521692",2026,"abs_2026",-1.74968795155941,1.042492235932,,,,,,
"F6","catcher_season","700337",2026,"abs_2026",-1.71065225687101,0.904984471864,,,,,,
"F6","catcher_season","681351",2026,"abs_2026",-1.66773674693282,1.127476707796,,,,,,
"F6","catcher_season","669127",2026,"abs_2026",-1.49049454692067,0.989968943728,,,,,,
"F6","catcher_season","643376",2026,"abs_2026",-1.35341360587463,0.85246117966,,,,,,
"F6","catcher_season","664954",2026,"abs_2026",-1.35057873625796,1.074953415592,,,,,,
"F6","catcher_season","657136",2026,"abs_2026",-1.34808407314364,0.937445651524,,,,,,
"F6","catcher_season","669134",2026,"abs_2026",-1.18611526443379,1.159937887456,,,,,,
"F6","catcher_season","694212",2026,"abs_2026",-1.00507949801026,1.022430123388,,,,,,
"F6","catcher_season","701852",2026,"abs_2026",-0.918213882514833,0.88492235932,,,,,,
"F6","catcher_season","663886",2026,"abs_2026",-0.86234463656286,1.107414595252,,,,,,
"F6","catcher_season","543309",2026,"abs_2026",-0.752665852104104,0.969906831184,,,,,,
"F6","catcher_season","663728",2026,"abs_2026",-0.596036502183443,0.832399067116,,,,,,
"F6","catcher_season","696100",2026,"abs_2026",-0.539536556087506,1.054891303048,,,,,,
"F6","catcher_season","673237",2026,"abs_2026",-0.53190005268043,0.91738353898,,,,,,
"F6","catcher_season","680777",2026,"abs_2026",-0.510480824402221,1.139875774912,,,,,,
"F6","catcher_season","661388",2026,"abs_2026",-0.345617372033953,1.002368010844,,,,,,
"F6","catcher_season","641680",2026,"abs_2026",-0.292156352894548,0.864860246776,,,,,,
"F6","catcher_season","687221",2026,"abs_2026",-0.28809644050568,1.087352482708,,,,,,
"F6","catcher_season","608348",2026,"abs_2026",-0.168323486281892,0.94984471864,,,,,,
"F6","catcher_season","595978",2026,"abs_2026",-0.125418764522391,1.172336954572,,,,,,
"F6","catcher_season","671056",2026,"abs_2026",-0.0842820853999091,1.034829190504,,,,,,
"F6","catcher_season","660688",2026,"abs_2026",-0.0304606221028236,0.897321426436,,,,,,
"F6","catcher_season","665804",2026,"abs_2026",0.00853134887509007,1.119813662368,,,,,,
"F6","catcher_season","686948",2026,"abs_2026",0.037378414154201,0.9823058983,,,,,,
"F6","catcher_season","669257",2026,"abs_2026",0.0996580053608156,0.844798134232,,,,,,
"F6","catcher_season","663743",2026,"abs_2026",0.1050317816021,1.067290370164,,,,,,
"F6","catcher_season","592663",2026,"abs_2026",0.24209636504104,0.929782606096001,,,,,,
"F6","catcher_season","682626",2026,"abs_2026",0.250931118001501,1.152274842028,,,,,,
"F6","catcher_season","668670",2026,"abs_2026",0.263615603454999,1.01476707796,,,,,,
"F6","catcher_season","695600",2026,"abs_2026",0.292382276124184,0.877259313892001,,,,,,
"F6","catcher_season","691011",2026,"abs_2026",0.313941396692428,1.099751549824,,,,,,
"F6","catcher_season","624431",2026,"abs_2026",0.399011645270103,0.962243785756,,,,,,
"F6","catcher_season","605170",2026,"abs_2026",0.433720038677573,0.824736021688001,,,,,,
"F6","catcher_season","543877",2026,"abs_2026",0.436183614971016,1.04722825762,,,,,,
"F6","catcher_season","665966",2026,"abs_2026",0.50345897610354,0.909720493552,,,,,,
"F6","catcher_season","666023",2026,"abs_2026",0.50487084659194,1.132212729484,,,,,,
"F6","catcher_season","672275",2026,"abs_2026",0.513224989449611,0.994704965416,,,,,,
"F6","catcher_season","553869",2026,"abs_2026",0.564773114065212,0.857197201348,,,,,,
"F6","catcher_season","620443",2026,"abs_2026",0.579674146258805,1.07968943728,,,,,,
"F6","catcher_season","668939",2026,"abs_2026",0.645004430986104,0.942181673212,,,,,,
"F6","catcher_season","680779",2026,"abs_2026",0.660602362319582,1.164673909144,,,,,,
"F6","catcher_season","672515",2026,"abs_2026",0.733371558528401,1.027166145076,,,,,,
"F6","catcher_season","686780",2026,"abs_2026",0.777212628486674,0.889658381008,,,,,,
"F6","catcher_season","689414",2026,"abs_2026",0.794959456570994,1.11215061694,,,,,,
"F6","catcher_season","693307",2026,"abs_2026",0.86485487544178,0.974642852872001,,,,,,
"F6","catcher_season","691788",2026,"abs_2026",0.963419728241322,0.837135088804,,,,,,
"F6","catcher_season","676439",2026,"abs_2026",0.996029949663222,1.059627324736,,,,,,
"F6","catcher_season","672386",2026,"abs_2026",1.04961029387432,0.922119560668001,,,,,,
"F6","catcher_season","669224",2026,"abs_2026",1.07665760119328,1.1446117966,,,,,,
"F6","catcher_season","623168",2026,"abs_2026",1.19490727188897,1.007104032532,,,,,,
"F6","catcher_season","686452",2026,"abs_2026",1.19740880414848,0.869596268464001,,,,,,
"F6","catcher_season","678218",2026,"abs_2026",1.35382408803394,1.092088504396,,,,,,
"F6","catcher_season","691740",2026,"abs_2026",1.49468821823564,0.954580740328,,,,,,
"F6","summary",,,"pre_buffer",0.110172177097068,,160,-0.872536958904142,0.865802260028241,1.73833921893238,-3.35747061274927,3.31006720247789
"F6","summary",,,"buffer_2025",-0.111032117860949,,50,-0.787375783053162,0.511736809414887,1.29911259246805,-2.01517214050887,2.59822853348485
"F6","summary",,,"abs_2026",0.17356407332157,,54,-0.537627430235737,0.628671859804279,1.16629929004002,-1.74968795155941,1.49468821823564
"F6","constant","per_innings",,,100,,,,,,,
