"row","col","slot","units","point","lo95","hi95","source"
"PRE","TOP","T1_PRE_TOP","in",0.134603062999804,0.0864051560148306,0.179677857748082,"out/ch1/tab/T4_decomposition.csv"
"PRE","BOT","T1_PRE_BOT","in",0.0555985841565339,0.0161700317807036,0.0925438844128237,"out/ch1/tab/T4_decomposition.csv"
"PRE","HW","T1_PRE_HW","in",-0.0323876523898134,-0.0599380036554605,-0.006572138526789,"out/ch1/tab/T4_decomposition.csv"
"PRE","AREA","T1_PRE_AREA","sq in",0.255104039883034,-1.64745504479232,2.19964623228236,"out/ch1/tab/T4_decomposition.csv"
"BUF","TOP","T1_BUF_TOP","in",-0.183386971048307,-0.321007409298702,-0.0484866882402617,"out/ch1/tab/T4_decomposition.csv"
"BUF","BOT","T1_BUF_BOT","in",0.179700380305668,0.0767631909846226,0.287209568825735,"out/ch1/tab/T4_decomposition.csv"
"BUF","HW","T1_BUF_HW","in",-0.412230344505286,-0.494715651711566,-0.325737908954912,"out/ch1/tab/T4_decomposition.csv"
"BUF","AREA","T1_BUF_AREA","sq in",-23.431579551808,-28.3180170876189,-18.5724894168008,"out/ch1/tab/T4_decomposition.csv"
"ABS","TOP","T1_ABS_TOP","in",-0.629507858382397,-0.757709363312923,-0.504192135932619,"out/ch1/tab/T4_decomposition.csv"
"ABS","BOT","T1_ABS_BOT","in",0.648967408157166,0.554485562466021,0.743204939123051,"out/ch1/tab/T4_decomposition.csv"
"ABS","HW","T1_ABS_HW","in",-0.245787419351387,-0.320535870010747,-0.160432844876458,"out/ch1/tab/T4_decomposition.csv"
"ABS","AREA","T1_ABS_AREA","sq in",-33.101134459375,-37.4559952260529,-28.740883241359,"out/ch1/tab/T4_decomposition.csv"
"PLANE","TOP","T1_PLANE_TOP","in",-0.766577339351599,-0.935300788761434,-0.612463814213645,"out/ch1/tab/T4_plane_component.csv"
"PLANE","BOT","T1_PLANE_BOT","in",-1.10601926800442,-1.23770266315492,-0.977892815262782,"out/ch1/tab/T4_plane_component.csv"
"PLANE","HW","T1_PLANE_HW","in",0.124104732779037,-0.0115683877261493,0.25441015246793,"out/ch1/tab/T4_plane_component.csv"
"PLANE","AREA","T1_PLANE_AREA","sq in",12.8583482793561,6.25250959396778,19.2020814259141,"out/ch1/tab/T4_plane_component.csv"
