"estimand","units","season","regime","point","lo95","hi95","n_draws","n_complete","estimator","recovery_disclosure"
"top_in","in",2022,"pre_buffer",40.9571496442381,40.8651005255521,41.0486376927398,1000,1000,"bam, frozen specification (annex 2); 95% interval from 1,000 draws of N(beta, Vc); 2024 reference mix; 72-in batter","annex 8.7, D-R0-04: in the synthetic recovery the top edge's 95% interval covered the truth in 91 of 100 injected replicates (bound 93), and its null 90% interval lay inside +/-0.10 in in 44 of 50 (bound 47), so an equivalence reading of the top edge is underpowered"
"top_in","in",2023,"pre_buffer",40.7623844070507,40.6657204938055,40.8535519064662,1000,1000,"bam, frozen specification (annex 2); 95% interval from 1,000 draws of N(beta, Vc); 2024 reference mix; 72-in batter","annex 8.7, D-R0-04: in the synthetic recovery the top edge's 95% interval covered the truth in 91 of 100 injected replicates (bound 93), and its null 90% interval lay inside +/-0.10 in in 44 of 50 (bound 47), so an equivalence reading of the top edge is underpowered"
"top_in","in",2024,"pre_buffer",41.2358720155319,41.135874741213,41.3275274296221,1000,1000,"bam, frozen specification (annex 2); 95% interval from 1,000 draws of N(beta, Vc); 2024 reference mix; 72-in batter","annex 8.7, D-R0-04: in the synthetic recovery the top edge's 95% interval covered the truth in 91 of 100 injected replicates (bound 93), and its null 90% interval lay inside +/-0.10 in in 44 of 50 (bound 47), so an equivalence reading of the top edge is underpowered"
"top_in","in",2025,"buffer_2025",41.1870881074834,41.0893446596712,41.280284076983,1000,1000,"bam, frozen specification (annex 2); 95% interval from 1,000 draws of N(beta, Vc); 2024 reference mix; 72-in batter","annex 8.7, D-R0-04: in the synthetic recovery the top edge's 95% interval covered the truth in 91 of 100 injected replicates (bound 93), and its null 90% interval lay inside +/-0.10 in in 44 of 50 (bound 47), so an equivalence reading of the top edge is underpowered"
"top_in","in",2026,"abs_2026",40.6921833121008,40.5928663118606,40.7909424619069,1000,1000,"bam, frozen specification (annex 2); 95% interval from 1,000 draws of N(beta, Vc); 2024 reference mix; 72-in batter","annex 8.7, D-R0-04: in the synthetic recovery the top edge's 95% interval covered the truth in 91 of 100 injected replicates (bound 93), and its null 90% interval lay inside +/-0.10 in in 44 of 50 (bound 47), so an equivalence reading of the top edge is underpowered"
"bot_in","in",2022,"pre_buffer",16.6775990259716,16.6073030066914,16.7560940084389,1000,1000,"bam, frozen specification (annex 2); 95% interval from 1,000 draws of N(beta, Vc); 2024 reference mix; 72-in batter",""
"bot_in","in",2023,"pre_buffer",16.6289455432939,16.5600400592953,16.7035400585321,1000,1000,"bam, frozen specification (annex 2); 95% interval from 1,000 draws of N(beta, Vc); 2024 reference mix; 72-in batter",""
"bot_in","in",2024,"pre_buffer",16.7880411914683,16.7197813975155,16.8631322183005,1000,1000,"bam, frozen specification (annex 2); 95% interval from 1,000 draws of N(beta, Vc); 2024 reference mix; 72-in batter",""
"bot_in","in",2025,"buffer_2025",17.0233401559305,16.9496192328114,17.0988023306226,1000,1000,"bam, frozen specification (annex 2); 95% interval from 1,000 draws of N(beta, Vc); 2024 reference mix; 72-in batter",""
"bot_in","in",2026,"abs_2026",17.7279061482442,17.6540439187618,17.8021939033253,1000,1000,"bam, frozen specification (annex 2); 95% interval from 1,000 draws of N(beta, Vc); 2024 reference mix; 72-in batter",""
"half_width_in","in",2022,"pre_buffer",11.1250853838995,11.0544689882829,11.1874515163442,1000,1000,"bam, frozen specification (annex 2); 95% interval from 1,000 draws of N(beta, Vc); 2024 reference mix; 72-in batter","annex 8.7, D-R0-04: in the synthetic recovery the half-width's null 90% interval covered zero in 42 of 50 replicates (bound 43)"
"half_width_in","in",2023,"pre_buffer",10.941695808363,10.8700593955175,11.0006859863404,1000,1000,"bam, frozen specification (annex 2); 95% interval from 1,000 draws of N(beta, Vc); 2024 reference mix; 72-in batter","annex 8.7, D-R0-04: in the synthetic recovery the half-width's null 90% interval covered zero in 42 of 50 replicates (bound 43)"
"half_width_in","in",2024,"pre_buffer",11.0604631658076,10.9912370207161,11.12573976627,1000,1000,"bam, frozen specification (annex 2); 95% interval from 1,000 draws of N(beta, Vc); 2024 reference mix; 72-in batter","annex 8.7, D-R0-04: in the synthetic recovery the half-width's null 90% interval covered zero in 42 of 50 replicates (bound 43)"
"half_width_in","in",2025,"buffer_2025",10.6158451689125,10.5475746390709,10.6812413368375,1000,1000,"bam, frozen specification (annex 2); 95% interval from 1,000 draws of N(beta, Vc); 2024 reference mix; 72-in batter","annex 8.7, D-R0-04: in the synthetic recovery the half-width's null 90% interval covered zero in 42 of 50 replicates (bound 43)"
"half_width_in","in",2026,"abs_2026",10.3376700971713,10.2707896541298,10.4043981032669,1000,1000,"bam, frozen specification (annex 2); 95% interval from 1,000 draws of N(beta, Vc); 2024 reference mix; 72-in batter","annex 8.7, D-R0-04: in the synthetic recovery the half-width's null 90% interval covered zero in 42 of 50 replicates (bound 43)"
"area_sqin","sq in",2022,"pre_buffer",494.641598639206,490.38447945468,498.655537892861,1000,1000,"bam, frozen specification (annex 2); 95% interval from 1,000 draws of N(beta, Vc); 2024 reference mix; 72-in batter",""
"area_sqin","sq in",2023,"pre_buffer",484.309032220194,480.128223694652,488.0753700111,1000,1000,"bam, frozen specification (annex 2); 95% interval from 1,000 draws of N(beta, Vc); 2024 reference mix; 72-in batter",""
"area_sqin","sq in",2024,"pre_buffer",495.095379572909,490.814981032057,499.120907599294,1000,1000,"bam, frozen specification (annex 2); 95% interval from 1,000 draws of N(beta, Vc); 2024 reference mix; 72-in batter",""
"area_sqin","sq in",2025,"buffer_2025",471.918904060984,468.008368249086,475.722053906828,1000,1000,"bam, frozen specification (annex 2); 95% interval from 1,000 draws of N(beta, Vc); 2024 reference mix; 72-in batter",""
"area_sqin","sq in",2026,"abs_2026",439.072873641492,435.25673165123,442.383231215663,1000,1000,"bam, frozen specification (annex 2); 95% interval from 1,000 draws of N(beta, Vc); 2024 reference mix; 72-in batter",""
"shadow_rate","pct",2022,"pre_buffer",59.0388884832182,58.391721297935,59.6657589565503,1000,1000,"bam, frozen specification (annex 2); 95% interval from 1,000 draws of N(beta, Vc); 2024 reference mix; 72-in batter",""
"shadow_rate","pct",2023,"pre_buffer",57.3274655049646,56.6971308647537,57.9293802495846,1000,1000,"bam, frozen specification (annex 2); 95% interval from 1,000 draws of N(beta, Vc); 2024 reference mix; 72-in batter",""
"shadow_rate","pct",2024,"pre_buffer",58.867943814745,58.2398125736549,59.4618637361017,1000,1000,"bam, frozen specification (annex 2); 95% interval from 1,000 draws of N(beta, Vc); 2024 reference mix; 72-in batter",""
"shadow_rate","pct",2025,"buffer_2025",54.318928495256,53.7176520670407,54.9368107504993,1000,1000,"bam, frozen specification (annex 2); 95% interval from 1,000 draws of N(beta, Vc); 2024 reference mix; 72-in batter",""
"shadow_rate","pct",2026,"abs_2026",48.1828531879371,47.5470010108348,48.7479159684311,1000,1000,"bam, frozen specification (annex 2); 95% interval from 1,000 draws of N(beta, Vc); 2024 reference mix; 72-in batter",""
"count_bias","pp",2022,"pre_buffer",4.54542262991451,4.29895828510345,4.82036928718285,1000,1000,"bam, frozen specification (annex 2); 95% interval from 1,000 draws of N(beta, Vc); 2024 reference mix; 72-in batter",""
"count_bias","pp",2023,"pre_buffer",4.74650866688327,4.48438432034614,5.02346872431217,1000,1000,"bam, frozen specification (annex 2); 95% interval from 1,000 draws of N(beta, Vc); 2024 reference mix; 72-in batter",""
"count_bias","pp",2024,"pre_buffer",4.50876087351409,4.26523281065264,4.77867607283205,1000,1000,"bam, frozen specification (annex 2); 95% interval from 1,000 draws of N(beta, Vc); 2024 reference mix; 72-in batter",""
"count_bias","pp",2025,"buffer_2025",5.0322918450223,4.74639265873956,5.3311166985544,1000,1000,"bam, frozen specification (annex 2); 95% interval from 1,000 draws of N(beta, Vc); 2024 reference mix; 72-in batter",""
"count_bias","pp",2026,"abs_2026",5.73248736322258,5.42797841046855,6.04066309700977,1000,1000,"bam, frozen specification (annex 2); 95% interval from 1,000 draws of N(beta, Vc); 2024 reference mix; 72-in batter",""
