"estimand","component","units","point","lo95","hi95","reported","panel_point","panel_lo95","panel_hi95","panel_minus_primary","binned_point","binned_minus_bam","ch1_a5_within","abs_cohort_point","sign_agrees_abs_cohort","undersmooth_point","undersmooth_lo95","undersmooth_hi95","undersmooth_minus_primary","recovery_disclosure","source"
"top_in","g","in per season",0.134603062999804,0.0864051560148306,0.179677857748082,TRUE,0.0705498510940166,0.0263322784441187,0.116533455904846,-0.0640532119057876,0.111023454279055,-0.0235796087207496,,0.143225505981069,,0.136132605096437,0.0855559369480305,0.184969358209415,0.00152954209663289,"annex 8.7, D-R0-04: in the synthetic recovery the top edge's 95% interval covered the truth in 91 of 100 injected replicates (bound 93), and its null 90% interval lay inside +/-0.10 in in 44 of 50 (bound 47), so an equivalence reading of the top edge is underpowered","out/ch1/tab/T4_decomposition.csv (W3.16)"
"top_in","delta_buffer","in",-0.183386971048307,-0.321007409298702,-0.0484866882402617,TRUE,-0.0162965281482172,-0.156658633392604,0.129897743854088,0.16709044290009,-0.186733201958354,-0.00334623091004715,TRUE,-0.23603484009827,TRUE,-0.184687408653033,-0.324496031987922,-0.0343540414424075,-0.00130043760472631,"annex 8.7, D-R0-04: in the synthetic recovery the top edge's 95% interval covered the truth in 91 of 100 injected replicates (bound 93), and its null 90% interval lay inside +/-0.10 in in 44 of 50 (bound 47), so an equivalence reading of the top edge is underpowered","out/ch1/tab/T4_decomposition.csv (W3.16)"
"top_in","delta_abs","in",-0.629507858382397,-0.757709363312923,-0.504192135932619,TRUE,-0.648697960119414,-0.796801160154783,-0.50674587850129,-0.0191901017370171,-0.724100843849655,-0.0945929854672585,TRUE,-0.618723557960372,TRUE,-0.630760618574541,-0.760665613577828,-0.498174781184074,-0.00125276019214482,"annex 8.7, D-R0-04: in the synthetic recovery the top edge's 95% interval covered the truth in 91 of 100 injected replicates (bound 93), and its null 90% interval lay inside +/-0.10 in in 44 of 50 (bound 47), so an equivalence reading of the top edge is underpowered","out/ch1/tab/T4_decomposition.csv (W3.16)"
"top_in","delta_total","in",-0.543688703431101,-0.651996270566683,-0.430193448733566,TRUE,-0.523894786079602,-0.649417198313791,-0.391691381593088,0.0197939173514996,-0.688787137249896,-0.145098433818795,,-0.5683073860965,,-0.543182817034705,-0.65493980646207,-0.424847698419457,0.000505886396396704,"annex 8.7, D-R0-04: in the synthetic recovery the top edge's 95% interval covered the truth in 91 of 100 injected replicates (bound 93), and its null 90% interval lay inside +/-0.10 in in 44 of 50 (bound 47), so an equivalence reading of the top edge is underpowered","out/ch1/tab/T4_decomposition.csv (W3.16)"
"top_in","sum_components","in",-0.812894829430704,-0.983842984940859,-0.63716549667698,TRUE,-0.664994488267631,-0.850713254282984,-0.4812620353156,0.147900341163073,-0.910834045808009,-0.0979392163773056,,-0.854758398058642,,-0.815448027227575,-0.995036874635996,-0.619827375590495,-0.00255319779687113,"annex 8.7, D-R0-04: in the synthetic recovery the top edge's 95% interval covered the truth in 91 of 100 injected replicates (bound 93), and its null 90% interval lay inside +/-0.10 in in 44 of 50 (bound 47), so an equivalence reading of the top edge is underpowered","out/ch1/tab/T4_decomposition.csv (W3.16)"
"top_in","share_abs","share",0.77440258640009,0.651549565579719,0.923777334987737,TRUE,0.975493739518547,0.797199710586766,1.24554213303075,0.201091153118457,0.794986580905963,0.0205839945058739,,0.723857828557917,,0.773514187923235,0.649923955265534,0.947461570926282,-0.000888398476854735,"annex 8.7, D-R0-04: in the synthetic recovery the top edge's 95% interval covered the truth in 91 of 100 injected replicates (bound 93), and its null 90% interval lay inside +/-0.10 in in 44 of 50 (bound 47), so an equivalence reading of the top edge is underpowered","out/ch1/tab/T4_decomposition.csv (W3.16)"
"top_in","plane_mechanical","in",-0.766577339351599,-0.935300788761434,-0.612463814213645,TRUE,,,,,,,,,,,,,,"annex 8.7, D-R0-04: in the synthetic recovery the top edge's 95% interval covered the truth in 91 of 100 injected replicates (bound 93), and its null 90% interval lay inside +/-0.10 in in 44 of 50 (bound 47), so an equivalence reading of the top edge is underpowered","out/ch1/tab/T4_plane_component.csv (W3.17, D-56)"
"bot_in","g","in per season",0.0555985841565339,0.0161700317807036,0.0925438844128237,TRUE,0.0702594815787749,0.0359478754983662,0.104940233077243,0.014660897422241,0.0438857513228284,-0.0117128328337055,,0.0735262870269424,,,,,,"","out/ch1/tab/T4_decomposition.csv (W3.16)"
"bot_in","delta_buffer","in",0.179700380305668,0.0767631909846226,0.287209568825735,TRUE,0.133279709024329,0.0241281608125481,0.237332610491689,-0.0464206712813393,0.204977184557571,0.0252768042519023,TRUE,0.141410774819057,TRUE,,,,,"","out/ch1/tab/T4_decomposition.csv (W3.16)"
"bot_in","delta_abs","in",0.648967408157166,0.554485562466021,0.743204939123051,TRUE,0.634415120890527,0.533707530777432,0.73326331549989,-0.014552287266639,0.62423542669827,-0.0247319814588955,TRUE,0.640088846731157,TRUE,,,,,"","out/ch1/tab/T4_decomposition.csv (W3.16)"
"bot_in","delta_total","in",0.939864956775903,0.85342647029149,1.02698869655225,TRUE,0.908213793072402,0.816472026925472,1.00096284088827,-0.0316511637035006,0.916984113901499,-0.0228808428744038,,0.928552195604102,,,,,,"","out/ch1/tab/T4_decomposition.csv (W3.16)"
"bot_in","sum_components","in",0.828667788462834,0.690073962081008,0.963125024219508,TRUE,0.767694829914856,0.6334333816911,0.897042337832046,-0.0609729585479784,0.829212611255841,0.000544822793006716,,0.781499621550214,,,,,,"","out/ch1/tab/T4_decomposition.csv (W3.16)"
"bot_in","share_abs","share",0.783145450073533,0.683259351873441,0.895864039005173,TRUE,0.826389726971184,0.718121892841408,0.964610272397169,0.0432442768976501,0.752805032418486,-0.0303404176550479,,0.819052023929904,,,,,,"","out/ch1/tab/T4_decomposition.csv (W3.16)"
"bot_in","plane_mechanical","in",-1.10601926800442,-1.23770266315492,-0.977892815262782,TRUE,,,,,,,,,,,,,,"","out/ch1/tab/T4_plane_component.csv (W3.17, D-56)"
"half_width_in","g","in per season",-0.0323876523898134,-0.0599380036554605,-0.006572138526789,TRUE,-0.029204351891423,-0.0596448627847611,0.00215036993909741,0.00318330049839035,-0.0124010722615926,0.0199865801282207,,-0.0313928145718661,,,,,,"annex 8.7, D-R0-04: in the synthetic recovery the half-width's null 90% interval covered zero in 42 of 50 replicates (bound 43)","out/ch1/tab/T4_decomposition.csv (W3.16)"
"half_width_in","delta_buffer","in",-0.412230344505286,-0.494715651711566,-0.325737908954912,TRUE,-0.362195651120478,-0.443436419080877,-0.26984641592547,0.0500346933848075,-0.449850626825606,-0.0376202823203204,TRUE,-0.414641013726634,TRUE,,,,,"annex 8.7, D-R0-04: in the synthetic recovery the half-width's null 90% interval covered zero in 42 of 50 replicates (bound 43)","out/ch1/tab/T4_decomposition.csv (W3.16)"
"half_width_in","delta_abs","in",-0.245787419351387,-0.320535870010747,-0.160432844876458,TRUE,-0.276643299509676,-0.360990294338283,-0.196057150865027,-0.0308558801582883,-0.292790339808988,-0.0470029204576008,TRUE,-0.244545949014633,TRUE,,,,,"annex 8.7, D-R0-04: in the synthetic recovery the half-width's null 90% interval covered zero in 42 of 50 replicates (bound 43)","out/ch1/tab/T4_decomposition.csv (W3.16)"
"half_width_in","delta_total","in",-0.7227930686363,-0.796399322046127,-0.644858939401313,TRUE,-0.697247654412999,-0.768190035631859,-0.617109068592276,0.0255454142233003,-0.76744311115778,-0.0446500425214804,,-0.721972591884999,,,,,,"annex 8.7, D-R0-04: in the synthetic recovery the half-width's null 90% interval covered zero in 42 of 50 replicates (bound 43)","out/ch1/tab/T4_decomposition.csv (W3.16)"
"half_width_in","sum_components","in",-0.658017763856673,-0.763569066872088,-0.541821381100637,TRUE,-0.638838950630154,-0.751244061899368,-0.518542268717566,0.0191788132265192,-0.742640966634594,-0.0846232027779212,,-0.659186962741266,,,,,,"annex 8.7, D-R0-04: in the synthetic recovery the half-width's null 90% interval covered zero in 42 of 50 replicates (bound 43)","out/ch1/tab/T4_decomposition.csv (W3.16)"
"half_width_in","share_abs","share",0.373527027463234,0.268718822742451,0.464243413573813,TRUE,0.433040751877752,0.338744507278133,0.535868377237806,0.0595137244145176,0.394255572966595,0.0207285455033613,,0.370981167463741,,,,,,"annex 8.7, D-R0-04: in the synthetic recovery the half-width's null 90% interval covered zero in 42 of 50 replicates (bound 43)","out/ch1/tab/T4_decomposition.csv (W3.16)"
"half_width_in","plane_mechanical","in",0.124104732779037,-0.0115683877261493,0.25441015246793,TRUE,,,,,,,,,,,,,,"annex 8.7, D-R0-04: in the synthetic recovery the half-width's null 90% interval covered zero in 42 of 50 replicates (bound 43)","out/ch1/tab/T4_plane_component.csv (W3.17, D-56)"
"area_sqin","g","sq in per season",0.255104039883034,-1.64745504479232,2.19964623228236,TRUE,-1.18410099298381,-3.49327910821835,1.1802481246359,-1.43920503286684,0.970424518533024,0.71532047864999,,-0.254400547020986,,,,,,"","out/ch1/tab/T4_decomposition.csv (W3.16)"
"area_sqin","delta_buffer","sq in",-23.431579551808,-28.3180170876189,-18.5724894168008,TRUE,-20.2901578981572,-25.9735748363928,-13.9626189715662,3.14142165365081,-29.4537647768061,-6.02218522499805,FALSE,-23.839987399793,TRUE,,,,,"","out/ch1/tab/T4_decomposition.csv (W3.16)"
"area_sqin","delta_abs","sq in",-33.101134459375,-37.4559952260529,-28.740883241359,TRUE,-33.8154324416371,-38.578002911287,-28.7932701112788,-0.71429798226211,-40.723995798706,-7.622861339331,FALSE,-32.201700726187,TRUE,,,,,"","out/ch1/tab/T4_decomposition.csv (W3.16)"
"area_sqin","delta_total","sq in",-56.022505931417,-59.5682473944862,-51.9793814290132,TRUE,-56.473792325762,-60.9847524043252,-52.107603070687,-0.451286394344947,-68.236911538446,-12.214405607029,,-56.550489220022,,,,,,"","out/ch1/tab/T4_decomposition.csv (W3.16)"
"area_sqin","sum_components","sq in",-56.532714011183,-62.7822406828654,-49.7466322542741,TRUE,-54.1055903397943,-62.1033279303301,-46.1542015257217,2.4271236713887,-70.1777605755121,-13.645046564329,,-56.04168812598,,,,,,"","out/ch1/tab/T4_decomposition.csv (W3.16)"
"area_sqin","share_abs","share",0.585521764492452,0.527039690903951,0.647026321106358,TRUE,0.624989621761249,0.557009166625657,0.710884000929297,0.0394678572687973,0.580297739123302,-0.00522402536915001,,0.574602618211617,,,,,,"","out/ch1/tab/T4_decomposition.csv (W3.16)"
"area_sqin","plane_mechanical","sq in",12.8583482793561,6.25250959396778,19.2020814259141,TRUE,,,,,,,,,,,,,,"","out/ch1/tab/T4_plane_component.csv (W3.17, D-56)"
"shadow_rate","g","pct per season",-0.0871879260852528,-0.406181917279844,0.240272039552293,TRUE,-0.296839881698954,-0.677148921722273,0.0920518194472491,-0.209651955613701,,,,-0.174656719206961,,,,,,"","out/ch1/tab/T4_decomposition.csv (W3.16)"
"shadow_rate","delta_buffer","pct",-4.46182739340374,-5.27694113113898,-3.63309561829487,TRUE,-3.85772152810384,-4.83168009105189,-2.81861764807238,0.6041058652999,,,,-4.44772042884964,TRUE,,,,,"","out/ch1/tab/T4_decomposition.csv (W3.16)"
"shadow_rate","delta_abs","pct",-6.04888738123365,-6.81313584522308,-5.30951091780609,TRUE,-6.19857750068814,-6.97550698621484,-5.33917840350379,-0.149690119454483,,,,-5.90612037538914,TRUE,,,,,"","out/ch1/tab/T4_decomposition.csv (W3.16)"
"shadow_rate","delta_total","pct",-10.6850906268079,-11.2765582417966,-10.0383763033982,TRUE,-10.6499787921899,-11.3909086889818,-9.89047914227703,0.0351118346180002,,,,-10.7031542426527,,,,,,"","out/ch1/tab/T4_decomposition.csv (W3.16)"
"shadow_rate","sum_components","pct",-10.5107147746374,-11.5231208725143,-9.40966688514307,TRUE,-10.056299028792,-11.4271060603731,-8.71582870109976,0.454415745845417,,,,-10.3538408042388,,,,,,"","out/ch1/tab/T4_decomposition.csv (W3.16)"
"shadow_rate","share_abs","share",0.575497243615607,0.521784323697412,0.631055454998827,TRUE,0.616387548037416,0.551522909405795,0.693532781512277,0.0408903044218094,,,,0.570427968428027,,,,,,"","out/ch1/tab/T4_decomposition.csv (W3.16)"
"count_bias","g","pp per season",-0.018681511359533,-0.0819156102567729,0.0465429983204434,TRUE,0.0892578823603287,0.0135846235058838,0.167773292451924,0.107939393719862,,,,0.0071216342346258,,,,,,"","out/ch1/tab/T4_decomposition.csv (W3.16)"
"count_bias","delta_buffer","pp",0.542212482867743,0.355231668856076,0.717717911698943,TRUE,0.368421084634341,0.157664395791922,0.579396415384372,-0.173791398233402,,,,0.524888447708864,TRUE,,,,,"","out/ch1/tab/T4_decomposition.csv (W3.16)"
"count_bias","delta_abs","pp",0.718877029559813,0.561201868199536,0.881064424504222,TRUE,0.751116294976272,0.574611033728067,0.927465276642451,0.0322392654164583,,,,0.655157279698005,TRUE,,,,,"","out/ch1/tab/T4_decomposition.csv (W3.16)"
"count_bias","delta_total","pp",1.22372648970849,1.07335331580182,1.36518478089578,TRUE,1.29805314433127,1.1149918484212,1.46867129629765,0.0743266546227801,,,,1.19428899587612,,,,,,"","out/ch1/tab/T4_decomposition.csv (W3.16)"
"count_bias","sum_components","pp",1.26108951242756,0.998776299333063,1.49408331669745,TRUE,1.11953737961061,0.857762871381986,1.39266467917289,-0.141552132816944,,,,1.18004572740687,,,,,,"","out/ch1/tab/T4_decomposition.csv (W3.16)"
"count_bias","share_abs","share",0.570044411975164,0.482943561492011,0.680556698793191,TRUE,0.670916673847476,0.550364199020392,0.836911748323303,0.100872261872312,,,,0.555196518644834,,,,,,"","out/ch1/tab/T4_decomposition.csv (W3.16)"
