"placebo","test","quantity","units","estimate","lo","hi","interval_level","margin_or_threshold","headline_value","verdict","note","placebo_verdict","decomposition_reading","source"
"P1","TOST, 90% interval inside +/-0.5 pp","shadow_rate 2024 minus 2023","pp",1.5404783097804,1.03383788312274,2.03825977729399,0.9,0.5,,"fail","W3.15 primary draws; no zero-coverage clause (CH1-A3)","fail","descriptive","out/ch1/tab/T5_placebos.csv (W3.21)"
"P1","TOST, 90% interval inside +/-3 sq in","area_sqin 2024 minus 2023","sq in",10.786347352715,7.72731787901478,13.9412740611873,0.9,3,,"fail","W3.15 primary draws; no zero-coverage clause (CH1-A3)","fail","descriptive","out/ch1/tab/T5_placebos.csv (W3.21)"
"P2","|delta_abs| > 95th percentile of |placebo| over 5 All-Star-break boundaries","top_in second half minus first half","in",0.3229191983413,0.160629127227288,0.466591430412855,,0.459913377649092,-0.629507858382397,"pass","estimate, lo, hi: mean, min and max of the 5 placebos; reported beside the headline","pass","descriptive","out/ch1/tab/T5_placebos.csv (W3.21)"
"P2","|delta_abs| > 95th percentile of |placebo| over 5 All-Star-break boundaries","bot_in second half minus first half","in",0.0148230348525061,-0.0163796202456936,0.088213233130201,,0.0738465105532995,0.648967408157166,"pass","estimate, lo, hi: mean, min and max of the 5 placebos; reported beside the headline","pass","descriptive","out/ch1/tab/T5_placebos.csv (W3.21)"
"P2","|delta_abs| > 95th percentile of |placebo| over 5 All-Star-break boundaries","half_width_in second half minus first half","in",-0.0222048052773868,-0.086056236326268,0.0887675009414508,,0.0882252480184142,-0.245787419351387,"pass","estimate, lo, hi: mean, min and max of the 5 placebos; reported beside the headline","pass","descriptive","out/ch1/tab/T5_placebos.csv (W3.21)"
"P2","|delta_abs| > 95th percentile of |placebo| over 5 All-Star-break boundaries","area_sqin second half minus first half","sq in",5.25123047286086,2.93708237635224,6.8432551607383,,6.6927754596714,-33.101134459375,"pass","estimate, lo, hi: mean, min and max of the 5 placebos; the headline test","pass","descriptive","out/ch1/tab/T5_placebos.csv (W3.21)"
"P3","machine zone does not move, net of each season's published rule (D-P4-29)","AAA full-ABS rule-net area","sq in",,,,0.9,3,,"not run","SOP W3.20's AAA arm is blocked on D-11, D-12 and D-57 (DEV-55); the analysis table holds MLB pitches only","not run","descriptive","out/ch1/tab/T5_placebos.csv (W3.21)"
"P4","rate about 0 or 1 and stable across seasons; no numeric threshold is pre-registered","called-strike rate, d > 6 in","rate",,0.000157171417434711,0.00108523960499551,,,,"reported","lo, hi: the lowest and highest season rate; per season in T5_placebos_detail.csv; largest season-to-season change 0.0005","reported","descriptive","out/ch1/tab/T5_placebos.csv (W3.21)"
"P4","rate about 0 or 1 and stable across seasons; no numeric threshold is pre-registered","called-strike rate, d < - 6 in","rate",,0.999881178707224,1,,,,"reported","lo, hi: the lowest and highest season rate; per season in T5_placebos_detail.csv; largest season-to-season change 0.0001","reported","descriptive","out/ch1/tab/T5_placebos.csv (W3.21)"
