"block","regime","bin","d_centre","n","strikes","observed_pct","fitted_pct","diff_pp","lo95_pp","hi95_pp","covers_zero","bins","bins_covering_zero","max_abs_diff_pp","max_abs_d_centre","mean_abs_diff_pp","status"
"open_in_sample","pre_buffer",0,-7.75,3300,3300,100,99.9948311330836,0.00516886691636387,-0.11110362583409,0.00516886691636387,TRUE,,,,,,
"open_in_sample","pre_buffer",1,-7.25,4772,4772,100,99.993388733676,0.00661126632397213,-0.0738239586267753,0.00661126632400055,TRUE,,,,,,
"open_in_sample","pre_buffer",2,-6.75,6082,6082,100,99.9911115839061,0.0088884160938818,-0.0542328276435313,0.00888841609386759,TRUE,,,,,,
"open_in_sample","pre_buffer",3,-6.25,7597,7597,100,99.9872776451156,0.0127223548844171,-0.037817560222436,0.0127223548844029,TRUE,,,,,,
"open_in_sample","pre_buffer",4,-5.75,8760,8759,99.9885844748858,99.9804967169078,0.0080877579780747,-0.0451356585344485,0.0174881341794872,TRUE,,,,,,
"open_in_sample","pre_buffer",5,-5.25,10168,10164,99.9606608969315,99.9694572999073,-0.00879640297580409,-0.0705721721922572,0.0152434612391517,TRUE,,,,,,
"open_in_sample","pre_buffer",6,-4.75,11758,11750,99.9319612178942,99.9493612512768,-0.0174000333826285,-0.0835738879199965,0.0161579125784499,TRUE,,,,,,
"open_in_sample","pre_buffer",7,-4.25,12982,12971,99.9152672931752,99.9148406511826,0.000426641992604004,-0.0665164611461648,0.0378379747892268,TRUE,,,,,,
"open_in_sample","pre_buffer",8,-3.75,14663,14644,99.8704221509923,99.851095637144,0.0193265138482559,-0.0534013845285699,0.0659308363206748,TRUE,,,,,,
"open_in_sample","pre_buffer",9,-3.25,16046,15994,99.6759316963729,99.7310996467359,-0.0551679503629714,-0.15578568393471,0.0216703525544943,TRUE,,,,,,
"open_in_sample","pre_buffer",10,-2.75,17428,17332,99.4491622676153,99.5219104504529,-0.0727481828375574,-0.194056834045597,0.0267662223618004,TRUE,,,,,,
"open_in_sample","pre_buffer",11,-2.25,19045,18880,99.1336308742452,99.1158233385697,0.0178075356754732,-0.124079435671774,0.139877572735898,TRUE,,,,,,
"open_in_sample","pre_buffer",12,-1.75,20523,20215,98.4992447497929,98.412294601002,0.0869501487909616,-0.0886989534294287,0.244446643176872,TRUE,,,,,,
"open_in_sample","pre_buffer",13,-1.25,22179,21556,97.1910365661211,97.1774560399667,0.0135805261543567,-0.212178283986532,0.222994953722676,TRUE,,,,,,
"open_in_sample","pre_buffer",14,-0.75,23342,22178,95.013280781424,95.0090781823734,0.0042025990506005,-0.282520062482334,0.276111773152721,TRUE,,,,,,
"open_in_sample","pre_buffer",15,-0.25,24678,22607,91.6079098792447,91.5790805491332,0.0288293301114351,-0.32361530733877,0.368322334865766,TRUE,,,,,,
"open_in_sample","pre_buffer",16,0.25,26184,22642,86.4726550565231,86.6884674630737,-0.215812406550683,-0.635429340036438,0.193104278676628,TRUE,,,,,,
"open_in_sample","pre_buffer",17,0.75,26757,21323,79.6912957356953,79.7984947971798,-0.107199061484508,-0.593477496083352,0.370555135184276,TRUE,,,,,,
"open_in_sample","pre_buffer",18,1.25,27716,19703,71.0889017174195,70.934792161034,0.154109556385535,-0.382507110135236,0.684881157187462,TRUE,,,,,,
"open_in_sample","pre_buffer",19,1.75,28473,17391,61.0789168686124,60.563768099099,0.515148769513395,-0.0526395636677393,1.07994806312775,TRUE,,,,,,
"open_in_sample","pre_buffer",20,2.25,29379,14518,49.4162497021682,49.4345870951938,-0.0183373930255968,-0.589926073785215,0.553403924621357,TRUE,,,,,,
"open_in_sample","pre_buffer",21,2.75,29566,11103,37.5532706487181,37.8161381347768,-0.262867486058688,-0.81320617131162,0.290705142691849,TRUE,,,,,,
"open_in_sample","pre_buffer",22,3.25,29866,8024,26.866671131052,27.3085714417629,-0.44190031071091,-0.941619370766354,0.0637689469950935,TRUE,,,,,,
"open_in_sample","pre_buffer",23,3.75,30234,5543,18.3336640867897,18.224198911242,0.109465175547697,-0.322663360596355,0.549639585308658,TRUE,,,,,,
"open_in_sample","pre_buffer",24,4.25,30351,3623,11.9370037231063,11.6015773150164,0.335426408089914,-0.0245243490734115,0.705011044118217,TRUE,,,,,,
"open_in_sample","pre_buffer",25,4.75,30532,2079,6.80924931219704,6.88952258087002,-0.0802732686729799,-0.357431538886693,0.207751935758077,TRUE,,,,,,
"open_in_sample","pre_buffer",26,5.25,30368,1156,3.80663856691254,3.84804165064412,-0.0414030837315789,-0.25084655494673,0.179725546315659,TRUE,,,,,,
"open_in_sample","pre_buffer",27,5.75,29993,677,2.25719334511386,2.06675474797594,0.190438597137915,0.0283533271311653,0.364751956292042,FALSE,,,,,,
"open_in_sample","pre_buffer",28,6.25,29610,295,0.99628503883823,1.07621621069386,-0.0799311718556279,-0.186867459222152,0.0397184781691047,TRUE,,,,,,
"open_in_sample","pre_buffer",29,6.75,29208,155,0.53067652697891,0.541811914339856,-0.0111353873609463,-0.0881995355308911,0.0789395372283553,TRUE,,,,,,
"open_in_sample","pre_buffer",30,7.25,28365,60,0.211528291909043,0.276639221718934,-0.065110929809891,-0.112255231489425,-0.00448279488397313,FALSE,,,,,,
"open_in_sample","pre_buffer",31,7.75,27441,27,0.0983929157100689,0.142585647358887,-0.0441927316488182,-0.0749523816593961,0.000536390110276452,TRUE,,,,,,
"open_in_sample","buffer_2025",0,-7.75,1195,1195,100,99.9957227100954,0.00427728990460707,-0.316153638841627,0.00427728990460707,TRUE,,,,,,
"open_in_sample","buffer_2025",1,-7.25,1672,1672,100,99.9943801128882,0.00561988711184824,-0.223605783399819,0.00561988711184824,TRUE,,,,,,
"open_in_sample","buffer_2025",2,-6.75,2165,2164,99.9538106235566,99.9925178984633,-0.038707274906713,-0.253699320187678,-0.000671922948498604,FALSE,,,,,,
"open_in_sample","buffer_2025",3,-6.25,2636,2636,100,99.9892721310345,0.0107278689654748,-0.134790673743154,0.0107278689654748,TRUE,,,,,,
"open_in_sample","buffer_2025",4,-5.75,3154,3154,100,99.9832115637165,0.0167884362834627,-0.104859812078203,0.0167884362834627,TRUE,,,,,,
"open_in_sample","buffer_2025",5,-5.25,3691,3691,100,99.9728962256145,0.0271037743855373,-0.0768643894317051,0.0271037743855373,TRUE,,,,,,
"open_in_sample","buffer_2025",6,-4.75,4200,4197,99.9285714285714,99.9552478662652,-0.0266764376937942,-0.165059126138516,0.020457066880553,TRUE,,,,,,
"open_in_sample","buffer_2025",7,-4.25,4649,4648,99.978489997849,99.9199917870675,0.0584982107814653,-0.0417406959551982,0.0762110684591164,TRUE,,,,,,
"open_in_sample","buffer_2025",8,-3.75,5380,5375,99.907063197026,99.8618921614822,0.0451710355438593,-0.0792814020235255,0.0984044635622041,TRUE,,,,,,
"open_in_sample","buffer_2025",9,-3.25,5675,5662,99.7709251101322,99.7436134966945,0.0273116134377034,-0.135172939339014,0.122460967419087,TRUE,,,,,,
"open_in_sample","buffer_2025",10,-2.75,6238,6215,99.6312920807951,99.5186810477643,0.112611033030774,-0.0713645513472017,0.235496772046929,TRUE,,,,,,
"open_in_sample","buffer_2025",11,-2.25,6487,6429,99.1059041159242,99.111804835801,-0.00590071987680574,-0.265801764449776,0.195875870506043,TRUE,,,,,,
"open_in_sample","buffer_2025",12,-1.75,7039,6916,98.2525926978264,98.3306662596302,-0.0780735618037909,-0.411537589833571,0.202752522031389,TRUE,,,,,,
"open_in_sample","buffer_2025",13,-1.25,7635,7404,96.9744597249509,96.853947713131,0.120512011819926,-0.287954294580501,0.481732815448595,TRUE,,,,,,
"open_in_sample","buffer_2025",14,-0.75,8106,7655,94.4362200838885,94.3415559923515,0.0946640915370125,-0.425708330618633,0.572939535480131,TRUE,,,,,,
"open_in_sample","buffer_2025",15,-0.25,8383,7567,90.2660145532626,90.291261230367,-0.025246677104505,-0.678347957148347,0.590968192831482,TRUE,,,,,,
"open_in_sample","buffer_2025",16,0.25,8752,7333,83.786563071298,84.2318943551136,-0.445331283815577,-1.23230848264832,0.311999491805508,TRUE,,,,,,
"open_in_sample","buffer_2025",17,0.75,9015,6860,76.0953965612867,75.7117207509953,0.383675810291408,-0.50773229249964,1.25285392007113,TRUE,,,,,,
"open_in_sample","buffer_2025",18,1.25,9451,6175,65.3370013755158,65.4842823495622,-0.147280974046339,-1.11278659135205,0.805761936301522,TRUE,,,,,,
"open_in_sample","buffer_2025",19,1.75,9487,5068,53.4204701170022,53.9462333575048,-0.525763240502584,-1.53071740824112,0.476422027310925,TRUE,,,,,,
"open_in_sample","buffer_2025",20,2.25,9976,4222,42.3215717722534,41.8802078743683,0.441363897885125,-0.525019965615151,1.41365895064953,TRUE,,,,,,
"open_in_sample","buffer_2025",21,2.75,9817,2991,30.4675562799226,30.4891012652214,-0.021544985298771,-0.924240538561808,0.896430944606706,TRUE,,,,,,
"open_in_sample","buffer_2025",22,3.25,10127,2143,21.1612520983509,20.8160458545175,0.345206243833417,-0.439297609064205,1.15158051350834,TRUE,,,,,,
"open_in_sample","buffer_2025",23,3.75,10077,1328,13.1785253547683,13.1656430358059,0.0128823189623919,-0.633543552793597,0.687370962887686,TRUE,,,,,,
"open_in_sample","buffer_2025",24,4.25,10216,868,8.49647611589663,8.12496631807756,0.371509797819067,-0.153700249143569,0.92792073543287,TRUE,,,,,,
"open_in_sample","buffer_2025",25,4.75,9959,470,4.71934933226228,4.70084266945692,0.0185066628053523,-0.380789585222169,0.452721413879078,TRUE,,,,,,
"open_in_sample","buffer_2025",26,5.25,10069,222,2.20478696990764,2.52618800341157,-0.321401033503933,-0.59050931818277,-0.0158376247308651,FALSE,,,,,,
"open_in_sample","buffer_2025",27,5.75,9992,128,1.28102481985588,1.34136315205381,-0.0603383321979285,-0.26286274459664,0.179632039645407,TRUE,,,,,,
"open_in_sample","buffer_2025",28,6.25,9749,63,0.64622012514104,0.694846849687258,-0.0486267245462181,-0.189395797931046,0.131021379905685,TRUE,,,,,,
"open_in_sample","buffer_2025",29,6.75,9576,20,0.208855472013367,0.345804304688946,-0.13694883267558,-0.210557058943915,-0.0234087072914443,FALSE,,,,,,
"open_in_sample","buffer_2025",30,7.25,9260,6,0.0647948164146868,0.173421131217174,-0.108626314802487,-0.143721809183913,-0.0321173235972343,FALSE,,,,,,
"open_in_sample","buffer_2025",31,7.75,9058,2,0.0220799293442261,0.0892292560715666,-0.0671493267273405,-0.0831739341979645,-0.00875184774537753,FALSE,,,,,,
"open_in_sample","abs_2026",0,-7.75,1231,1231,100,99.99589915787,0.0041008421299864,-0.306988390682349,0.00410084213001483,TRUE,,,,,,
"open_in_sample","abs_2026",1,-7.25,1780,1780,100,99.9944779265938,0.00552207340616917,-0.209825473411897,0.00552207340616917,TRUE,,,,,,
"open_in_sample","abs_2026",2,-6.75,2311,2311,100,99.9924631669342,0.00753683306578523,-0.158412277878995,0.00753683306578523,TRUE,,,,,,
"open_in_sample","abs_2026",3,-6.25,2809,2809,100,99.9892894642684,0.010710535731576,-0.125858086315972,0.0107105357316044,TRUE,,,,,,
"open_in_sample","abs_2026",4,-5.75,3274,3274,100,99.9823615803366,0.0176384196634274,-0.0995563522300387,0.017638419663399,TRUE,,,,,,
"open_in_sample","abs_2026",5,-5.25,3881,3881,100,99.9715676643223,0.0284323356776639,-0.070450948528773,0.0284323356776497,TRUE,,,,,,
"open_in_sample","abs_2026",6,-4.75,4230,4226,99.9054373522459,99.9506803713714,-0.0452430191255218,-0.19358678116464,0.0125401093225577,TRUE,,,,,,
"open_in_sample","abs_2026",7,-4.25,4782,4777,99.8954412379757,99.9141506720924,-0.0187094341167011,-0.158698236157832,0.0411800648007414,TRUE,,,,,,
"open_in_sample","abs_2026",8,-3.75,5417,5410,99.8707771829426,99.8416931381575,0.0290840447851224,-0.108209920127493,0.0956965340044746,TRUE,,,,,,
"open_in_sample","abs_2026",9,-3.25,5863,5853,99.8294388538291,99.7050333381465,0.124405515682582,-0.0187357299232929,0.202292658630711,TRUE,,,,,,
"open_in_sample","abs_2026",10,-2.75,6384,6357,99.5770676691729,99.4177413280846,0.159326341088345,-0.0323989765427655,0.291423295952598,TRUE,,,,,,
"open_in_sample","abs_2026",11,-2.25,6923,6846,98.8877654196158,98.8778220329454,0.00994338667037198,-0.26562553090335,0.231288358507285,TRUE,,,,,,
"open_in_sample","abs_2026",12,-1.75,7308,7163,98.015873015873,97.9120868688272,0.103786147045824,-0.242078879789929,0.399198493809408,TRUE,,,,,,
"open_in_sample","abs_2026",13,-1.25,7720,7399,95.8419689119171,96.0128693275034,-0.170900415586289,-0.639481319436783,0.252081407347404,TRUE,,,,,,
"open_in_sample","abs_2026",14,-0.75,8387,7758,92.5002980803625,92.735704252184,-0.235406171821509,-0.818757629534275,0.309030679830769,TRUE,,,,,,
"open_in_sample","abs_2026",15,-0.25,8803,7669,87.1180279450187,87.3852421419986,-0.267214196979893,-0.983245824561791,0.416436383089604,TRUE,,,,,,
"open_in_sample","abs_2026",16,0.25,8995,7195,79.9888827126181,79.3620644465896,0.626818266028565,-0.212701416609008,1.44073441769024,TRUE,,,,,,
"open_in_sample","abs_2026",17,0.75,9352,6401,68.445252352438,68.465368421333,-0.0201160688949926,-0.969415956132593,0.914036773010338,TRUE,,,,,,
"open_in_sample","abs_2026",18,1.25,9221,5137,55.7097928641145,56.1012581019174,-0.391465237802848,-1.40749628593251,0.619810404120621,TRUE,,,,,,
"open_in_sample","abs_2026",19,1.75,9465,4007,42.3349181193872,42.893301535763,-0.558383416375804,-1.55046740849166,0.439919941969727,TRUE,,,,,,
"open_in_sample","abs_2026",20,2.25,9755,3056,31.327524346489,30.7990318079963,0.528492538492671,-0.384431356656911,1.45611685614754,TRUE,,,,,,
"open_in_sample","abs_2026",21,2.75,9834,2030,20.642668293675,20.1268426374624,0.51582565621263,-0.27258063212026,1.3271587179251,TRUE,,,,,,
"open_in_sample","abs_2026",22,3.25,9846,1261,12.80723136299,12.6124334060103,0.194797956979787,-0.450791436568364,0.869397866025873,TRUE,,,,,,
"open_in_sample","abs_2026",23,3.75,9916,754,7.60387252924566,7.420838621391,0.183033907854659,-0.322409442698336,0.721313060978064,TRUE,,,,,,
"open_in_sample","abs_2026",24,4.25,9850,376,3.81725888324873,4.09755206855052,-0.280293185301787,-0.641046328485117,0.116468066793822,TRUE,,,,,,
"open_in_sample","abs_2026",25,4.75,10009,209,2.08812069137776,2.1660170545739,-0.0778963631961433,-0.340186296873221,0.221156663583543,TRUE,,,,,,
"open_in_sample","abs_2026",26,5.25,9793,94,0.959869294393955,1.10382803518843,-0.143958740794476,-0.318755586681991,0.0692965497782754,TRUE,,,,,,
"open_in_sample","abs_2026",27,5.75,9539,45,0.471747562637593,0.545818301123164,-0.0740707384855708,-0.193050655197704,0.0847842496128128,TRUE,,,,,,
"open_in_sample","abs_2026",28,6.25,9423,13,0.137960309880081,0.259011968589438,-0.121051658709357,-0.178366616491461,-0.0230989172067711,FALSE,,,,,,
"open_in_sample","abs_2026",29,6.75,9288,8,0.0861326442721792,0.124624905650618,-0.0384922613784388,-0.0809731133656064,0.0452596490697182,TRUE,,,,,,
"open_in_sample","abs_2026",30,7.25,8990,3,0.0333704115684093,0.0609034643680194,-0.02753305279961,-0.0495538786680511,0.0371713695835521,TRUE,,,,,,
"open_in_sample","abs_2026",31,7.75,8436,1,0.0118539592223803,0.0294853239145857,-0.0176313646922054,-0.0273927783908082,0.0376350280928939,TRUE,,,,,,
"open_summary","pre_buffer",,,687366,,,,,,,,32,30,0.515148769513395,1.75,0.122015132917154,
"open_summary","buffer_2025",,,232886,,,,,,,,32,27,0.525763240502584,1.75,0.160790494125029,
"open_summary","abs_2026",,,232815,,,,,,,,32,31,0.626818266028565,0.25,0.193811471330387,
"sealed_W3.23",,,,,,,,,,,,,,,,,"pending: W3.23, the sealed run, runs once after the season"
