"source","author_date","citation","published_quantity","published_as_printed","published_point","published_lo95","published_hi95","published_units","ours_quantity","ours_point","ours_lo95","ours_hi95","ours_units","ours_source","basis","reading","ours_corrected_point","ours_corrected_lo95","ours_corrected_hi95","plane_component_point","ours_change_2025_2024","ours_change_lo95","ours_change_hi95","ours_abs_point","ours_abs_lo95","ours_abs_hi95","recovery_disclosure","reproduced","headlined"
"Clemens","Ben Clemens, FanGraphs, 2026-04-28","docs/prior-art.md section 6.3","Area, 2025 to 2026 change, 95% interval","-22 to -8 sq in, point near -14 sq in",-14,-22,-8,"sq in","the same change on Clemens's convention (2025 front plate, 2026 mid plate), full season",-19.9876821401359,-28.2045160963776,-12.9858303908721,"sq in","out/ch1/tab/T9_published_comparison.csv (W3.17)","his window ends 25 April; ours is the full open season, standardised to the 2024 mix","On his convention the change is -20.0 (95% CI -28.2 to -13.0), a point inside his interval. On mid-plate coordinates in both seasons it is -32.8 (95% CI -36.6 to -29.3); the plane component is 12.9.",-32.846030419492,-36.640593218863,-29.2918772832102,12.8583482793561,,,,,,,"","",""
"Clemens","Ben Clemens, FanGraphs, 2026-04-28","docs/prior-art.md section 6.3","Top edge, 2025 to 2026 change, 95% interval","-0.067 to -0.033 ft",,-0.804,-0.396,"in","the same change on Clemens's convention (2025 front plate, 2026 mid plate), full season",-1.26148213473419,-1.4645034214692,-1.07708166599755,"in","out/ch1/tab/T9_published_comparison.csv (W3.17)","his window ends 25 April; ours is the full open season, standardised to the 2024 mix","On his convention the change is -1.26 (95% CI -1.46 to -1.08), a point outside his interval. On mid-plate coordinates in both seasons it is -0.49 (95% CI -0.61 to -0.38); the plane component is -0.77. Annex 8.7: read as slightly too narrow: 95% CI covered the truth in 91 of 100 (bound 93); null 90% CI inside +/-0.10 in for 44 of 50 (bound 47).",-0.494904795382595,-0.614626065640455,-0.381551597421891,-0.766577339351599,,,,,,,"annex 8.7, D-R0-04: in the synthetic recovery the top edge's 95% interval covered the truth in 91 of 100 injected replicates (bound 93), and its null 90% interval lay inside +/-0.10 in in 44 of 50 (bound 47), so an equivalence reading of the top edge is underpowered","",""
"Clemens","Ben Clemens, FanGraphs, 2026-04-28","docs/prior-art.md section 6.3","Bottom edge, 2025 to 2026 change, 95% interval","-0.033 to -0.017 ft",,-0.396,-0.204,"in","the same change on Clemens's convention (2025 front plate, 2026 mid plate), full season",-0.401453275690724,-0.567042652413543,-0.24330173344606,"in","out/ch1/tab/T9_published_comparison.csv (W3.17)","his window ends 25 April; ours is the full open season, standardised to the 2024 mix","On his convention the change is -0.40 (95% CI -0.57 to -0.24), a point outside his interval. On mid-plate coordinates in both seasons it is 0.70 (95% CI 0.62 to 0.79); the plane component is -1.11.",0.7045659923137,0.619559283995578,0.790394776410412,-1.10601926800442,,,,,,,"","",""
"Clemens","Ben Clemens, FanGraphs, 2026-04-28","docs/prior-art.md section 6.3","Half-width, 2025 to 2026 change, 95% interval","-0.075 to 0 ft in width, halved",,-0.45,0,"in","the same change on Clemens's convention (2025 front plate, 2026 mid plate), full season",-0.154070338962164,-0.307700318464242,0.00671008336391637,"in","out/ch1/tab/T9_published_comparison.csv (W3.17)","his window ends 25 April; ours is the full open season, standardised to the 2024 mix","On his convention the change is -0.15 (95% CI -0.31 to 0.01), a point inside his interval. On mid-plate coordinates in both seasons it is -0.28 (95% CI -0.35 to -0.20); the plane component is 0.12. Annex 8.7: shortfall: null 90% CI covered zero in 42 of 50 (bound 43).",-0.278175071741201,-0.352431102507041,-0.199075627271805,0.124104732779037,,,,,,,"annex 8.7, D-R0-04: in the synthetic recovery the half-width's null 90% interval covered zero in 42 of 50 replicates (bound 43)","",""
"Andrews","Davy Andrews, FanGraphs, 2025-05-05 and 2025-05-06","docs/prior-art.md section 6.3","shadow-zone called-strike rate, 2025, March and April","42.7% in 2025, the lowest recorded",42.7,,,"percent","shadow-band called-strike rate, 2025, standardised",54.318928495256,53.7176520670407,54.9368107504993,"percent","out/ch1/tab/T3_estimands.csv (W3.15); the change from out/ch1/model/estimand_draws_main.csv","Statcast's shadow zone against the band |d - 1.45| <= 3.0 in, standardised; the levels are not comparable","The 2025 rate here is -4.55 pp from 2024 (95% CI -5.18 to -3.91), the same direction as a record low.",,,,,-4.54901531948899,-5.17670819984474,-3.90618761651383,,,,"","",""
"Dwyer","Pete Dwyer, FanSided, 2026-05-27","docs/prior-art.md section 6.3","shadow-zone called strikes as a share of all pitches, 2022 to 2026","2.3%, 2.1%, 2.1%, 1.6% for 2022 to 2025; 1.5% in the first third of 2026",1.6,,,"percent of all pitches","Delta_buffer on the shadow-band called-strike rate",-4.46182739340374,-5.27694113113898,-3.63309561829487,"pp","out/ch1/tab/T4_decomposition.csv (W3.16)","a share of all pitches against a rate within the band; only the timing compares","Both show the drop at the 2024 to 2025 boundary: here the 2025 departure from trend is -4.46 pp (95% CI -5.28 to -3.63) and the 2026 one -6.05 pp (95% CI -6.81 to -5.31). The piece reads 2025 as anticipation of ABS and does not name the buffer cut.",,,,,,,,-6.04888738123365,-6.81313584522308,-5.30951091780609,"","",""
"Doolittle","Bradford Doolittle, ESPN, 2026-05-19","docs/prior-art.md section 6.3","top-30 framers, runs per 100 innings, 2025","0.704",0.704,,,"runs per 100 innings","top-30 mean of W3.19's count-specific framing runs",0.576173930085869,0.198956410737586,0.981268246435413,"runs per 100 innings","out/ch1/tab/framing_doolittle.csv (W3.19)","both relative to the average catcher; his source is Savant's leaderboard","His figure is inside the 95% interval here, 0.199 to 0.981. Part of a comparable this chapter does not reproduce and does not headline (the change row).",,,,,,,,,,,"","no","no"
"Doolittle","Bradford Doolittle, ESPN, 2026-05-19","docs/prior-art.md section 6.3","top-30 framers, runs per 100 innings, 2026 through 2026-05-18","0.565",0.565,,,"runs per 100 innings","top-30 mean of W3.19's count-specific framing runs",0.821042129924987,0.371771363903189,1.17805043923807,"runs per 100 innings","out/ch1/tab/framing_doolittle.csv (W3.19)","both relative to the average catcher; his source is Savant's leaderboard","His figure is inside the 95% interval here, 0.372 to 1.178. Part of a comparable this chapter does not reproduce and does not headline (the change row).",,,,,,,,,,,"","no","no"
"Doolittle","Bradford Doolittle, ESPN, 2026-05-19","docs/prior-art.md section 6.3","top-30 framers, change from 2025 to 2026 through 2026-05-18","0.704 to 0.565, about -20%",-19.7443181818182,,,"percent","the same change in W3.19's top-30 mean",42.499007166573,-38.6639205191009,316.339953557266,"percent","out/ch1/tab/framing_doolittle.csv (W3.19)","the same windows","The change here is 42.5% (95% CI -38.7% to 316.3%), an interval that includes his -19.7%. His decline is not reproduced: the point here is a rise, and the interval is too wide to confirm or reject his figure. The comparable is reported here and not headlined.",,,,,,,,,,,"","no","no"
"METHODS section 8","AyanArora29/use-it-or-lose-it METHODS.md section 8, v0.3c, 2026-08-18","docs/prior-art.md sections 1.3 and 6.1","count bias, the 2024 to 2025 placebo pair of their design","a proposal with no output when the ledger was rechecked",,,,"pp","Delta_buffer on count bias",0.542212482867743,0.355231668856076,0.717717911698943,"pp","out/ch1/tab/T4_decomposition.csv (W3.16)","their estimand, pre-registered here and reported as a replication","Their placebo pair is the buffer-cut pair. Its departure from trend here is 0.54 pp (95% CI 0.36 to 0.72), so the pair is not a null pair.",,,,,,,,,,,"","",""
"METHODS section 8","AyanArora29/use-it-or-lose-it METHODS.md section 8, v0.3c, 2026-08-18","docs/prior-art.md sections 1.3 and 6.1","count bias, 2026 against 2025","a proposal with no output when the ledger was rechecked",,,,"pp","Delta_ABS on count bias, trend-adjusted",0.718877029559813,0.561201868199536,0.881064424504222,"pp","out/ch1/tab/T4_decomposition.csv (W3.16)","their contrast is 2026 against 2025 without a trend; ours removes the 2022 to 2024 trend","The 2026 departure from trend on count bias is 0.72 pp (95% CI 0.56 to 0.88).",,,,,,,,,,,"","",""
