"table_id","title","status","blocked_by","pending","csv","rows","sha256"
"T1","Sample construction","built","","","out/tables/T1_sample_construction.csv",47,"c3b6dee4759e6155a8a8b512ea02ebcf9b2f203eaa8a4cf3153eaca4ec36decc"
"T2","Zone gate","built","","","out/tables/T2_zone_gate.csv",8,"e541ce3eeb5e3f8617c34862c1f7e85fab669d5ea50a932b12a2291718f2a770"
"T3","Estimands by season","built","","","out/tables/T3_estimands_by_season.csv",30,"aef0505512ce8d9f2d7bc52da35bfe30f83a6ea37299d6d6de2813569f41dfc2"
"T4","Decomposition","built","","","out/tables/T4_decomposition.csv",40,"6b98e2c65c77f09bb3c46f4042da06b095e52b60c392f1e98f82faf037156637"
"T5","Placebos","built","","","out/tables/T5_placebos.csv",9,"00baa9d2e088da05fd1a0be0c20594b8063312fcaa1ad32e44600138a9cbb01d"
"T6","Umpire heterogeneity","built","","","out/tables/T6_heterogeneity.csv",21,"4950ca6201af48f4c34860bc4d5c67f57b93b5c983c96847f65b329ac7b86bf8"
"T7","Calibration by d bin","built","","W3.23","out/tables/T7_calibration.csv",100,"3b8c306c58a23d55ad8e2bef45e3ded60edc3d120d8af97c35ad15a2b1a50595"
"T8","Sensitivity grid","PLACEHOLDER","W3.22","","out/tables/T8_sensitivity.csv",1,"32f639a1226bc362c0e2603897c2d0b77d097d7864e4fe733120f6d665d53f64"
"T9","Comparison with published work","built","","","out/tables/T9_prior_work.csv",11,"d9a453561d738815f1796e586794f1ecde77efba290aad14ee49bf063abe1dcb"
