game_pk,level,season,official_date,at_bat_number,n_slots,n_no_pitch,n_no_pitch_numbered,n_no_pitch_unnumbered,call_codes
823081,mlb,2026,2026-03-26,83,4,4,4,0,VB
823812,mlb,2026,2026-03-26,32,5,1,1,0,AC
823812,mlb,2026,2026-03-26,37,4,4,4,0,VB
823974,mlb,2026,2026-03-26,4,3,1,0,1,none
824218,mlb,2026,2026-03-26,23,4,4,4,0,VB
823243,mlb,2026,2026-03-27,4,5,1,1,0,AC
822838,mlb,2026,2026-03-28,89,4,4,4,0,VB
822838,mlb,2026,2026-03-28,96,4,4,4,0,VB
823161,mlb,2026,2026-03-28,76,4,3,3,0,VB
823161,mlb,2026,2026-03-28,83,5,1,1,0,AC
823241,mlb,2026,2026-03-28,9,11,1,0,1,none
823811,mlb,2026,2026-03-28,65,7,1,0,1,none
823973,mlb,2026,2026-03-28,51,6,1,1,0,VP
824213,mlb,2026,2026-03-28,55,4,3,3,0,VB
822837,mlb,2026,2026-03-29,41,4,1,1,0,AC
824215,mlb,2026,2026-03-29,7,5,1,1,0,VP
824215,mlb,2026,2026-03-29,73,4,4,4,0,VB
824215,mlb,2026,2026-03-29,76,4,4,4,0,VB
824538,mlb,2026,2026-03-29,70,4,1,1,0,VB
824864,mlb,2026,2026-03-29,63,4,4,4,0,VB
822834,mlb,2026,2026-03-30,17,5,1,0,1,none
822834,mlb,2026,2026-03-30,32,5,1,1,0,VP
823080,mlb,2026,2026-03-30,7,8,1,0,1,none
823080,mlb,2026,2026-03-30,65,4,4,4,0,VB
823320,mlb,2026,2026-03-30,50,4,4,4,0,VB
823809,mlb,2026,2026-03-30,61,4,2,2,0,VB
824702,mlb,2026,2026-03-30,42,7,1,1,0,VP
825108,mlb,2026,2026-03-30,64,7,2,0,2,none
822836,mlb,2026,2026-03-31,69,4,4,4,0,VB
823077,mlb,2026,2026-03-31,56,4,4,4,0,VB
823807,mlb,2026,2026-03-31,58,4,4,4,0,VB
823888,mlb,2026,2026-03-31,57,4,1,1,0,VP
824699,mlb,2026,2026-03-31,35,4,4,4,0,VB
824942,mlb,2026,2026-03-31,12,4,1,0,1,none
825107,mlb,2026,2026-03-31,7,3,1,0,1,none
822835,mlb,2026,2026-04-01,59,5,1,0,1,none
822835,mlb,2026,2026-04-01,74,4,4,4,0,VB
823078,mlb,2026,2026-04-01,81,4,4,4,0,VB
824133,mlb,2026,2026-04-02,56,4,2,2,0,VB
825105,mlb,2026,2026-04-02,12,7,1,1,0,VP
822758,mlb,2026,2026-04-03,53,2,1,1,0,VP
823568,mlb,2026,2026-04-03,19,2,1,1,0,VP
823732,mlb,2026,2026-04-03,77,7,1,1,0,VP
824056,mlb,2026,2026-04-03,16,5,1,1,0,VP
824056,mlb,2026,2026-04-03,68,4,4,4,0,VB
824621,mlb,2026,2026-04-03,72,4,4,4,0,VB
825026,mlb,2026,2026-04-03,41,4,1,1,0,VP
825103,mlb,2026,2026-04-03,46,5,1,1,0,VP
822757,mlb,2026,2026-04-04,80,7,1,1,0,VP
823404,mlb,2026,2026-04-04,78,4,4,4,0,VB
823569,mlb,2026,2026-04-04,73,4,3,3,0,VB
824134,mlb,2026,2026-04-04,22,6,1,1,0,VP
824134,mlb,2026,2026-04-04,53,4,3,3,0,VB
824134,mlb,2026,2026-04-04,55,5,3,3,0,VB
824622,mlb,2026,2026-04-04,8,4,4,4,0,VB
824622,mlb,2026,2026-04-04,23,4,1,1,0,AC
825027,mlb,2026,2026-04-04,62,7,1,1,0,VP
822756,mlb,2026,2026-04-05,30,3,1,1,0,AC
823566,mlb,2026,2026-04-05,8,4,1,1,0,VP
823566,mlb,2026,2026-04-05,82,4,4,4,0,VB
823729,mlb,2026,2026-04-05,51,2,1,0,1,none
824053,mlb,2026,2026-04-05,94,4,4,4,0,VB
824131,mlb,2026,2026-04-05,69,4,4,4,0,VB
824781,mlb,2026,2026-04-05,7,7,1,1,0,VP
824781,mlb,2026,2026-04-05,17,3,1,1,0,AC
825025,mlb,2026,2026-04-05,96,4,4,4,0,VB
825102,mlb,2026,2026-04-05,55,4,4,4,0,VB
822918,mlb,2026,2026-04-06,49,4,1,1,0,AC
822918,mlb,2026,2026-04-06,59,4,4,4,0,VB
824052,mlb,2026,2026-04-06,61,6,1,1,0,VP
824376,mlb,2026,2026-04-06,74,4,4,4,0,VB
824456,mlb,2026,2026-04-06,69,4,4,4,0,VB
822754,mlb,2026,2026-04-07,78,4,3,3,0,VB
822754,mlb,2026,2026-04-07,82,5,1,1,0,VP
822831,mlb,2026,2026-04-07,31,3,1,0,1,none
822831,mlb,2026,2026-04-07,68,4,4,4,0,VB
822916,mlb,2026,2026-04-07,26,7,1,1,0,VP
823727,mlb,2026,2026-04-07,33,5,1,1,0,VP
823887,mlb,2026,2026-04-07,79,4,4,4,0,VB
822833,mlb,2026,2026-04-08,56,4,4,4,0,VB
823234,mlb,2026,2026-04-08,63,5,1,1,0,VP
823646,mlb,2026,2026-04-08,12,5,1,1,0,VP
824779,mlb,2026,2026-04-08,55,6,1,1,0,VP
823319,mlb,2026,2026-04-09,81,5,1,1,0,VP
823319,mlb,2026,2026-04-09,95,4,4,4,0,VB
823319,mlb,2026,2026-04-09,96,4,4,4,0,VB
823884,mlb,2026,2026-04-09,32,6,1,1,0,VP
824130,mlb,2026,2026-04-09,15,8,1,0,1,none
823076,mlb,2026,2026-04-10,69,4,4,4,0,VB
823968,mlb,2026,2026-04-10,68,4,4,4,0,VB
823968,mlb,2026,2026-04-10,75,4,3,3,0,VB
824297,mlb,2026,2026-04-10,53,6,1,1,0,VP
824941,mlb,2026,2026-04-10,13,5,1,1,0,VP
822996,mlb,2026,2026-04-11,61,4,1,0,1,none
822996,mlb,2026,2026-04-11,70,4,4,4,0,VB
822996,mlb,2026,2026-04-11,82,4,4,4,0,VB
823155,mlb,2026,2026-04-11,69,4,1,1,0,VB
823316,mlb,2026,2026-04-11,56,4,4,4,0,VB
823480,mlb,2026,2026-04-11,58,7,1,1,0,VP
823805,mlb,2026,2026-04-11,47,4,4,4,0,VB
823805,mlb,2026,2026-04-11,74,5,1,1,0,VB
824535,mlb,2026,2026-04-11,75,5,1,1,0,VP
824697,mlb,2026,2026-04-11,85,4,4,4,0,VB
824697,mlb,2026,2026-04-11,91,4,4,4,0,VB
824697,mlb,2026,2026-04-11,97,4,4,4,0,VB
822998,mlb,2026,2026-04-12,23,7,1,1,0,VP
822998,mlb,2026,2026-04-12,70,4,3,3,0,VB
823804,mlb,2026,2026-04-12,36,4,4,4,0,VB
823966,mlb,2026,2026-04-12,45,4,3,3,0,VB
823966,mlb,2026,2026-04-12,70,4,2,2,0,VB
824126,mlb,2026,2026-04-12,37,3,1,0,1,none
824126,mlb,2026,2026-04-12,59,4,4,4,0,VB
824126,mlb,2026,2026-04-12,64,2,1,0,1,none
823964,mlb,2026,2026-04-13,11,5,1,1,0,VP
823072,mlb,2026,2026-04-14,38,5,1,1,0,VP
823315,mlb,2026,2026-04-14,16,3,1,0,1,none
823723,mlb,2026,2026-04-14,6,6,1,0,1,none
823802,mlb,2026,2026-04-14,49,2,1,1,0,AC
823802,mlb,2026,2026-04-14,78,4,2,2,0,VB
823802,mlb,2026,2026-04-14,84,4,4,4,0,VB
823965,mlb,2026,2026-04-14,57,4,4,4,0,VB
824210,mlb,2026,2026-04-14,25,2,1,0,1,none
824616,mlb,2026,2026-04-14,23,5,1,0,1,none
823071,mlb,2026,2026-04-15,51,4,4,4,0,VB
823477,mlb,2026,2026-04-15,30,4,1,1,0,VP
823803,mlb,2026,2026-04-15,63,4,4,4,0,VB
824209,mlb,2026,2026-04-15,19,6,1,1,0,AC
824291,mlb,2026,2026-04-15,65,6,1,0,1,none
824532,mlb,2026,2026-04-15,59,4,1,1,0,VP
824855,mlb,2026,2026-04-15,62,5,1,1,0,AC
824936,mlb,2026,2026-04-15,67,2,1,1,0,VP
823396,mlb,2026,2026-04-16,61,4,4,4,0,VB
823560,mlb,2026,2026-04-16,68,6,3,2,1,VB|none
824208,mlb,2026,2026-04-16,61,4,4,4,0,VB
824530,mlb,2026,2026-04-16,44,4,1,1,0,AC
824614,mlb,2026,2026-04-16,39,4,1,1,0,VB
825023,mlb,2026,2026-04-16,76,4,4,4,0,VB
825023,mlb,2026,2026-04-16,84,4,4,4,0,VB
823397,mlb,2026,2026-04-17,24,2,1,1,0,VP
823559,mlb,2026,2026-04-17,37,6,1,0,1,none
823883,mlb,2026,2026-04-17,78,5,1,1,0,VP
824048,mlb,2026,2026-04-17,45,8,1,1,0,VP
824373,mlb,2026,2026-04-17,11,7,1,1,0,VP
824454,mlb,2026,2026-04-17,57,2,1,1,0,VP
824454,mlb,2026,2026-04-17,58,4,4,4,0,VB
824693,mlb,2026,2026-04-17,29,3,1,1,0,VP
825019,mlb,2026,2026-04-17,31,4,4,4,0,VB
822751,mlb,2026,2026-04-18,4,5,1,1,0,VP
822751,mlb,2026,2026-04-18,77,4,2,2,0,VB
822751,mlb,2026,2026-04-18,82,4,4,4,0,VB
822751,mlb,2026,2026-04-18,84,4,4,4,0,VB
822751,mlb,2026,2026-04-18,93,4,4,4,0,VB
823394,mlb,2026,2026-04-18,83,4,2,2,0,VB
823394,mlb,2026,2026-04-18,84,5,3,3,0,VB
823394,mlb,2026,2026-04-18,95,4,4,4,0,VB
823394,mlb,2026,2026-04-18,99,4,4,4,0,VB
824451,mlb,2026,2026-04-18,6,4,1,1,0,VP
825020,mlb,2026,2026-04-18,75,5,1,1,0,VB
825020,mlb,2026,2026-04-18,80,4,1,1,0,VB
825020,mlb,2026,2026-04-18,86,4,3,3,0,VB
825020,mlb,2026,2026-04-18,94,4,4,4,0,VB
823150,mlb,2026,2026-04-19,7,7,1,1,0,VP
823393,mlb,2026,2026-04-19,41,4,4,4,0,VB
823718,mlb,2026,2026-04-19,84,4,4,4,0,VB
823881,mlb,2026,2026-04-19,13,6,1,0,1,none
823881,mlb,2026,2026-04-19,29,4,1,1,0,VC
824047,mlb,2026,2026-04-19,7,6,1,0,1,none
824047,mlb,2026,2026-04-19,58,4,1,1,0,VB
824125,mlb,2026,2026-04-20,78,5,1,1,0,VP
824370,mlb,2026,2026-04-20,32,4,1,0,1,none
824370,mlb,2026,2026-04-20,49,4,4,4,0,VB
824450,mlb,2026,2026-04-20,84,7,1,1,0,VP
822747,mlb,2026,2026-04-21,29,6,1,0,1,none
822747,mlb,2026,2026-04-21,48,4,4,4,0,VB
822914,mlb,2026,2026-04-21,47,6,1,1,0,VP
823148,mlb,2026,2026-04-21,75,4,4,4,0,VB
823640,mlb,2026,2026-04-21,4,5,1,1,0,VP
823640,mlb,2026,2026-04-21,34,5,1,1,0,VP
824045,mlb,2026,2026-04-21,54,4,4,4,0,VB
824127,mlb,2026,2026-04-21,26,5,1,1,0,VP
824448,mlb,2026,2026-04-21,74,4,4,4,0,VB
824773,mlb,2026,2026-04-21,44,6,2,2,0,V|VP
824773,mlb,2026,2026-04-21,65,6,1,1,0,AC
824773,mlb,2026,2026-04-21,73,7,1,0,1,none
822748,mlb,2026,2026-04-22,71,4,4,4,0,VB
823147,mlb,2026,2026-04-22,45,4,1,1,0,AC
823641,mlb,2026,2026-04-22,20,9,1,1,0,VP
823878,mlb,2026,2026-04-22,42,6,1,0,1,none
824367,mlb,2026,2026-04-22,67,6,1,0,1,none
824449,mlb,2026,2026-04-22,60,8,1,1,0,VP
825097,mlb,2026,2026-04-22,41,6,1,0,1,none
822745,mlb,2026,2026-04-23,56,3,1,1,0,VP
822912,mlb,2026,2026-04-23,33,7,1,1,0,VP
822912,mlb,2026,2026-04-23,46,4,1,1,0,AC
823233,mlb,2026,2026-04-23,15,4,1,1,0,VP
823639,mlb,2026,2026-04-23,16,4,1,0,1,none
824689,mlb,2026,2026-04-23,88,4,4,4,0,VB
824689,mlb,2026,2026-04-23,93,4,4,4,0,VB
824770,mlb,2026,2026-04-23,52,4,4,4,0,VB
822827,mlb,2026,2026-04-24,6,4,1,1,0,VP
822909,mlb,2026,2026-04-24,31,6,1,0,1,none
824124,mlb,2026,2026-04-24,11,5,1,0,1,none
824204,mlb,2026,2026-04-24,27,7,1,0,1,none
824204,mlb,2026,2026-04-24,52,4,4,4,0,VB
824204,mlb,2026,2026-04-24,61,8,1,1,0,VP
824611,mlb,2026,2026-04-24,47,4,1,1,0,VB
824854,mlb,2026,2026-04-24,50,5,1,1,0,VP
824932,mlb,2026,2026-04-24,19,7,1,1,0,VP
824932,mlb,2026,2026-04-24,73,4,4,4,0,VB
823799,mlb,2026,2026-04-25,66,4,1,1,0,VB
824121,mlb,2026,2026-04-25,29,6,1,1,0,VP
824613,mlb,2026,2026-04-25,81,4,4,4,0,VB
825093,mlb,2026,2026-04-25,55,4,4,4,0,VB
822824,mlb,2026,2026-04-26,39,4,3,3,0,VB
822911,mlb,2026,2026-04-26,12,2,1,1,0,VP
822911,mlb,2026,2026-04-26,17,5,1,0,1,none
822911,mlb,2026,2026-04-26,65,5,1,0,1,none
822911,mlb,2026,2026-04-26,73,4,3,3,0,VB
823635,mlb,2026,2026-04-26,30,6,1,1,0,VP
823635,mlb,2026,2026-04-26,49,6,1,1,0,VP
824612,mlb,2026,2026-04-26,5,8,1,0,1,none
824612,mlb,2026,2026-04-26,58,4,2,2,0,VB
824612,mlb,2026,2026-04-26,64,4,2,2,0,VB
824852,mlb,2026,2026-04-26,53,6,2,0,2,none
825094,mlb,2026,2026-04-26,37,3,1,1,0,AC
823961,mlb,2026,2026-04-27,28,3,1,1,0,AC
823961,mlb,2026,2026-04-27,76,4,1,1,0,VB
822908,mlb,2026,2026-04-28,35,4,1,1,0,AC
823798,mlb,2026,2026-04-28,9,4,2,2,0,VB
823956,mlb,2026,2026-04-28,12,5,1,0,1,none
823956,mlb,2026,2026-04-28,42,3,1,1,0,AC
824447,mlb,2026,2026-04-28,61,4,4,4,0,VB
824447,mlb,2026,2026-04-28,71,4,2,2,0,VB
824849,mlb,2026,2026-04-28,38,8,1,1,0,VP
824849,mlb,2026,2026-04-28,56,4,4,4,0,VB
824931,mlb,2026,2026-04-28,69,4,1,1,0,VP
825017,mlb,2026,2026-04-28,50,3,1,0,1,none
823392,mlb,2026,2026-04-29,77,4,4,4,0,VB
823958,mlb,2026,2026-04-29,44,4,4,4,0,VB
823958,mlb,2026,2026-04-29,56,4,3,3,0,VB
823958,mlb,2026,2026-04-29,75,4,4,4,0,VB
824445,mlb,2026,2026-04-29,56,5,1,1,0,VP
824525,mlb,2026,2026-04-29,15,7,1,1,0,VP
824608,mlb,2026,2026-04-29,73,4,4,4,0,VB
823391,mlb,2026,2026-04-30,43,8,1,1,0,VP
823471,mlb,2026,2026-04-30,44,5,1,1,0,VP
823471,mlb,2026,2026-04-30,84,4,4,4,0,VB
824524,mlb,2026,2026-04-30,50,4,4,4,0,VB
824848,mlb,2026,2026-04-30,62,2,1,1,0,AC
824929,mlb,2026,2026-04-30,58,6,1,1,0,VP
824929,mlb,2026,2026-04-30,61,4,1,1,0,VB
825016,mlb,2026,2026-04-30,65,4,4,4,0,VB
823066,mlb,2026,2026-05-01,8,8,1,0,1,none
823309,mlb,2026,2026-05-01,9,9,1,0,1,none
823557,mlb,2026,2026-05-01,40,7,1,1,0,VP
824366,mlb,2026,2026-05-01,35,5,1,1,0,V
824366,mlb,2026,2026-05-01,74,4,4,4,0,VB
822746,mlb,2026,2026-05-02,54,4,1,1,0,VB
823144,mlb,2026,2026-05-02,64,4,1,0,1,none
823388,mlb,2026,2026-05-02,8,4,1,0,1,none
823554,mlb,2026,2026-05-02,23,5,1,1,0,VB
823554,mlb,2026,2026-05-02,63,6,1,0,1,none
824042,mlb,2026,2026-05-02,73,4,4,4,0,VB
824042,mlb,2026,2026-05-02,77,4,4,4,0,VB
824685,mlb,2026,2026-05-02,23,4,4,4,0,VB
825014,mlb,2026,2026-05-02,43,4,1,1,0,VP
822742,mlb,2026,2026-05-03,48,8,1,0,1,none
822987,mlb,2026,2026-05-03,74,4,4,4,0,VB
823065,mlb,2026,2026-05-03,72,4,4,4,0,VB
823307,mlb,2026,2026-05-03,53,9,1,1,0,VP
824364,mlb,2026,2026-05-03,73,7,1,0,1,none
825013,mlb,2026,2026-05-03,6,3,1,1,0,VC
823064,mlb,2026,2026-05-04,36,4,4,4,0,VB
823552,mlb,2026,2026-05-04,9,8,1,1,0,VP
823552,mlb,2026,2026-05-04,23,4,4,4,0,VB
823552,mlb,2026,2026-05-04,46,5,1,1,0,VP
824363,mlb,2026,2026-05-04,53,3,1,1,0,AC
824684,mlb,2026,2026-05-04,68,5,1,1,0,VB
822986,mlb,2026,2026-05-05,61,4,4,4,0,VB
823227,mlb,2026,2026-05-05,68,2,1,0,1,none
823553,mlb,2026,2026-05-05,60,3,1,1,0,VP
823553,mlb,2026,2026-05-05,62,4,4,4,0,VB
824040,mlb,2026,2026-05-05,57,11,1,1,0,VP
824200,mlb,2026,2026-05-05,50,7,1,1,0,AC
825092,mlb,2026,2026-05-05,31,4,1,1,0,VP
822985,mlb,2026,2026-05-06,60,4,4,4,0,VB
823141,mlb,2026,2026-05-06,10,7,1,1,0,VP
823226,mlb,2026,2026-05-06,47,8,1,1,0,AC
823470,mlb,2026,2026-05-06,60,4,4,4,0,VB
824198,mlb,2026,2026-05-06,65,5,1,1,0,VP
824282,mlb,2026,2026-05-06,51,9,1,0,1,none
824683,mlb,2026,2026-05-06,82,4,4,4,0,VB
824683,mlb,2026,2026-05-06,84,4,4,4,0,VB
825091,mlb,2026,2026-05-06,48,4,1,0,1,none
822741,mlb,2026,2026-05-07,4,4,1,1,0,VP
822741,mlb,2026,2026-05-07,58,4,4,4,0,VB
824681,mlb,2026,2026-05-07,43,5,1,1,0,VP
825090,mlb,2026,2026-05-07,9,4,1,1,0,AC
822822,mlb,2026,2026-05-08,55,4,1,0,1,none
822822,mlb,2026,2026-05-08,61,3,1,1,0,VP
823466,mlb,2026,2026-05-08,84,4,4,4,0,VB
823794,mlb,2026,2026-05-08,20,8,1,0,1,none
824768,mlb,2026,2026-05-08,40,4,1,1,0,VB
823792,mlb,2026,2026-05-09,27,8,1,1,0,VP
823792,mlb,2026,2026-05-09,73,4,4,4,0,VB
823869,mlb,2026,2026-05-09,7,6,1,1,0,AB
824444,mlb,2026,2026-05-09,26,3,1,1,0,AC
824444,mlb,2026,2026-05-09,65,6,1,1,0,AC
824444,mlb,2026,2026-05-09,67,4,4,4,0,VB
824444,mlb,2026,2026-05-09,75,4,4,4,0,VB
824523,mlb,2026,2026-05-09,47,9,1,0,1,none
824847,mlb,2026,2026-05-09,39,5,1,1,0,VP
825089,mlb,2026,2026-05-09,38,4,2,2,0,VB
823221,mlb,2026,2026-05-10,94,4,4,4,0,VB
823221,mlb,2026,2026-05-10,95,4,1,1,0,VB
823221,mlb,2026,2026-05-10,100,4,4,4,0,VB
823221,mlb,2026,2026-05-10,105,4,4,4,0,VB
823305,mlb,2026,2026-05-10,71,4,4,4,0,VB
823954,mlb,2026,2026-05-10,30,5,1,1,0,VP
824440,mlb,2026,2026-05-10,78,4,4,4,0,VB
824605,mlb,2026,2026-05-10,25,6,1,0,1,none
824605,mlb,2026,2026-05-10,60,4,4,4,0,VB
825085,mlb,2026,2026-05-10,12,7,1,0,1,none
822901,mlb,2026,2026-05-11,53,4,1,1,0,VB
823953,mlb,2026,2026-05-11,75,5,2,2,0,VB
823951,mlb,2026,2026-05-12,53,4,4,4,0,VB
825011,mlb,2026,2026-05-12,42,8,1,0,1,none
822815,mlb,2026,2026-05-13,33,2,1,0,1,none
823631,mlb,2026,2026-05-13,45,6,1,1,0,VP
823631,mlb,2026,2026-05-13,54,7,1,1,0,AC
823952,mlb,2026,2026-05-13,20,3,1,0,1,none
824195,mlb,2026,2026-05-13,42,4,4,4,0,VB
823950,mlb,2026,2026-05-14,37,3,1,1,0,VP
824517,mlb,2026,2026-05-14,25,1,1,0,1,none
824602,mlb,2026,2026-05-14,25,5,1,1,0,VP
824602,mlb,2026,2026-05-14,69,3,1,0,1,none
825008,mlb,2026,2026-05-14,26,4,1,1,0,VP
823061,mlb,2026,2026-05-15,66,4,3,3,0,VB
823061,mlb,2026,2026-05-15,79,4,2,2,0,VB
823061,mlb,2026,2026-05-15,92,4,4,4,0,VB
824280,mlb,2026,2026-05-15,66,4,2,2,0,VB
824439,mlb,2026,2026-05-15,78,4,3,3,0,VB
823382,mlb,2026,2026-05-16,15,4,4,4,0,VB
824278,mlb,2026,2026-05-16,4,3,1,1,0,VP
824359,mlb,2026,2026-05-16,21,3,1,0,1,none
824435,mlb,2026,2026-05-16,55,4,4,4,0,VB
824435,mlb,2026,2026-05-16,74,4,1,1,0,VP
823138,mlb,2026,2026-05-17,47,8,1,1,0,VP
824599,mlb,2026,2026-05-17,84,4,4,4,0,VB
824599,mlb,2026,2026-05-17,88,4,4,4,0,VB
824599,mlb,2026,2026-05-17,90,4,4,4,0,VB
824923,mlb,2026,2026-05-17,14,8,1,1,0,VP
825006,mlb,2026,2026-05-17,26,7,1,0,1,none
825006,mlb,2026,2026-05-17,62,4,4,4,0,VB
822734,mlb,2026,2026-05-18,83,4,4,4,0,VB
822734,mlb,2026,2026-05-18,86,4,4,4,0,VB
822734,mlb,2026,2026-05-18,102,4,2,2,0,VB
822980,mlb,2026,2026-05-18,7,4,1,1,0,AC
823705,mlb,2026,2026-05-18,27,5,1,0,1,none
823867,mlb,2026,2026-05-18,4,3,1,0,1,none
824277,mlb,2026,2026-05-18,3,6,1,1,0,AC
823302,mlb,2026,2026-05-19,47,6,1,1,0,VP
823302,mlb,2026,2026-05-19,56,4,1,1,0,VB
823865,mlb,2026,2026-05-19,15,5,1,1,0,VC
824033,mlb,2026,2026-05-19,54,7,1,1,0,VP
824276,mlb,2026,2026-05-19,64,3,1,1,0,VP
822977,mlb,2026,2026-05-20,52,2,1,0,1,none
823703,mlb,2026,2026-05-20,32,5,1,1,0,VP
824032,mlb,2026,2026-05-20,17,4,4,4,0,VB
824032,mlb,2026,2026-05-20,78,4,4,4,0,VB
824032,mlb,2026,2026-05-20,82,4,4,4,0,VB
824273,mlb,2026,2026-05-20,38,4,1,1,0,VP
824031,mlb,2026,2026-05-21,55,5,1,1,0,VB
824031,mlb,2026,2026-05-21,70,4,4,4,0,VB
825083,mlb,2026,2026-05-21,63,4,4,4,0,VB
825083,mlb,2026,2026-05-21,68,9,1,1,0,VP
823298,mlb,2026,2026-05-22,6,4,1,0,1,none
823546,mlb,2026,2026-05-22,60,4,4,4,0,VB
823788,mlb,2026,2026-05-22,42,7,1,1,0,VP
824842,mlb,2026,2026-05-22,36,7,1,0,1,none
824842,mlb,2026,2026-05-22,41,4,4,4,0,VB
823787,mlb,2026,2026-05-23,58,4,4,4,0,VB
824516,mlb,2026,2026-05-23,84,4,4,4,0,VB
824674,mlb,2026,2026-05-23,55,4,1,1,0,VB
822813,mlb,2026,2026-05-24,20,5,1,1,0,VP
823544,mlb,2026,2026-05-24,54,4,2,2,0,VB
823861,mlb,2026,2026-05-24,75,4,4,4,0,VB
824108,mlb,2026,2026-05-24,40,4,2,2,0,VB
824108,mlb,2026,2026-05-24,44,11,1,1,0,AC
824759,mlb,2026,2026-05-24,80,2,1,0,1,none
824921,mlb,2026,2026-05-24,48,4,1,1,0,VP
825081,mlb,2026,2026-05-24,4,6,1,1,0,VP
823219,mlb,2026,2026-05-25,49,4,1,1,0,VB
823380,mlb,2026,2026-05-25,39,5,1,0,1,none
824107,mlb,2026,2026-05-25,12,5,1,1,0,AC
824838,mlb,2026,2026-05-25,75,4,2,2,0,VB
824838,mlb,2026,2026-05-25,80,4,4,4,0,VB
824838,mlb,2026,2026-05-25,90,4,4,4,0,VB
822811,mlb,2026,2026-05-26,34,4,1,1,0,VP
823216,mlb,2026,2026-05-26,28,5,1,1,0,AC
823379,mlb,2026,2026-05-26,46,5,1,1,0,VP
824275,mlb,2026,2026-05-26,77,6,1,1,0,VP
824434,mlb,2026,2026-05-26,6,4,1,1,0,VP
824758,mlb,2026,2026-05-26,51,6,1,1,0,VP
822809,mlb,2026,2026-05-27,42,4,4,4,0,VB
822809,mlb,2026,2026-05-27,47,5,1,0,1,none
822897,mlb,2026,2026-05-27,70,4,4,4,0,VB
824432,mlb,2026,2026-05-27,42,3,1,1,0,VP
824272,mlb,2026,2026-05-28,5,7,1,1,0,VP
824272,mlb,2026,2026-05-28,35,4,4,4,0,VB
824272,mlb,2026,2026-05-28,69,5,1,1,0,VP
824834,mlb,2026,2026-05-28,58,4,4,4,0,VB
822732,mlb,2026,2026-05-29,29,6,1,1,0,VP
822732,mlb,2026,2026-05-29,54,7,1,1,0,VP
823135,mlb,2026,2026-05-29,87,4,4,4,0,VB
823377,mlb,2026,2026-05-29,65,4,1,1,0,VP
823946,mlb,2026,2026-05-29,50,4,1,1,0,VP
824191,mlb,2026,2026-05-29,73,4,3,3,0,VB
824433,mlb,2026,2026-05-29,64,3,1,1,0,VP
824515,mlb,2026,2026-05-29,51,4,4,4,0,VB
825002,mlb,2026,2026-05-29,3,5,1,0,1,none
822975,mlb,2026,2026-05-30,19,7,1,1,0,VP
823622,mlb,2026,2026-05-30,1,4,1,1,0,VP
823622,mlb,2026,2026-05-30,22,7,1,0,1,none
824431,mlb,2026,2026-05-30,23,4,4,4,0,VB
822895,mlb,2026,2026-05-31,34,4,1,1,0,VB
823133,mlb,2026,2026-05-31,78,4,4,4,0,VB
823944,mlb,2026,2026-05-31,10,8,1,0,1,none
824187,mlb,2026,2026-05-31,60,6,1,0,1,none
824354,mlb,2026,2026-05-31,50,4,4,4,0,VB
825001,mlb,2026,2026-05-31,16,4,1,1,0,VP
823781,mlb,2026,2026-06-01,41,7,1,1,0,VP
824510,mlb,2026,2026-06-01,50,4,1,1,0,VB
822971,mlb,2026,2026-06-02,49,4,3,3,0,VB
823460,mlb,2026,2026-06-02,38,4,4,4,0,VB
823541,mlb,2026,2026-06-02,32,7,1,1,0,VP
823541,mlb,2026,2026-06-02,56,9,1,0,1,none
823700,mlb,2026,2026-06-02,24,5,1,0,1,none
823700,mlb,2026,2026-06-02,36,5,1,0,1,none
824189,mlb,2026,2026-06-02,82,6,1,0,1,none
825079,mlb,2026,2026-06-02,55,4,4,4,0,VB
823130,mlb,2026,2026-06-03,40,7,1,1,0,AB
823456,mlb,2026,2026-06-03,37,4,4,4,0,VB
824188,mlb,2026,2026-06-03,48,8,1,0,1,none
824509,mlb,2026,2026-06-03,71,4,3,3,0,VB
824755,mlb,2026,2026-06-03,55,10,1,0,1,none
824917,mlb,2026,2026-06-03,38,4,1,0,1,none
823457,mlb,2026,2026-06-04,43,4,1,0,1,none
824185,mlb,2026,2026-06-04,17,7,1,0,1,none
824914,mlb,2026,2026-06-05,69,6,1,1,0,VP
825073,mlb,2026,2026-06-05,68,2,1,1,0,VP
823048,mlb,2026,2026-06-06,53,4,3,3,0,VB|VP
823048,mlb,2026,2026-06-06,64,5,1,1,0,VP
823697,mlb,2026,2026-06-06,19,7,1,1,0,VP
824184,mlb,2026,2026-06-06,19,4,1,1,0,VP
823291,mlb,2026,2026-06-07,6,4,1,1,0,VP
823453,mlb,2026,2026-06-07,6,2,1,1,0,VP
823453,mlb,2026,2026-06-07,27,5,1,1,0,AB
823537,mlb,2026,2026-06-07,43,3,1,1,0,VP
823696,mlb,2026,2026-06-07,11,5,1,0,1,none
823696,mlb,2026,2026-06-07,44,5,1,1,0,VP
823857,mlb,2026,2026-06-07,11,4,1,0,1,none
823857,mlb,2026,2026-06-07,61,4,4,4,0,VB
824268,mlb,2026,2026-06-07,41,2,1,1,0,VP
824268,mlb,2026,2026-06-07,43,4,4,4,0,VB
824268,mlb,2026,2026-06-07,73,3,1,0,1,none
822806,mlb,2026,2026-06-08,20,5,1,1,0,AC
824025,mlb,2026,2026-06-08,40,4,4,4,0,VB
824427,mlb,2026,2026-06-08,70,8,1,1,0,VP
824427,mlb,2026,2026-06-08,80,4,4,4,0,VB
824829,mlb,2026,2026-06-08,45,6,1,1,0,VP
824998,mlb,2026,2026-06-08,91,4,4,4,0,VB
824998,mlb,2026,2026-06-08,106,4,4,4,0,VB
824998,mlb,2026,2026-06-08,115,4,4,4,0,VB
823290,mlb,2026,2026-06-09,54,4,4,4,0,VB
823290,mlb,2026,2026-06-09,70,4,4,4,0,VB
823858,mlb,2026,2026-06-09,81,4,4,4,0,VB
824023,mlb,2026,2026-06-09,80,3,1,1,0,VP
824347,mlb,2026,2026-06-09,74,4,4,4,0,VB
824429,mlb,2026,2026-06-09,7,9,1,1,0,AC
824830,mlb,2026,2026-06-09,70,8,1,1,0,AC
824999,mlb,2026,2026-06-09,73,4,4,4,0,VB
822970,mlb,2026,2026-06-10,38,4,4,4,0,VB
823215,mlb,2026,2026-06-10,35,6,1,1,0,AC
823287,mlb,2026,2026-06-10,60,3,1,1,0,VP
823618,mlb,2026,2026-06-10,13,2,1,1,0,VP
824022,mlb,2026,2026-06-10,55,4,4,4,0,VB
824022,mlb,2026,2026-06-10,66,4,4,4,0,VB
824266,mlb,2026,2026-06-10,42,11,1,0,1,none
824590,mlb,2026,2026-06-10,36,4,1,1,0,AC
824101,mlb,2026,2026-06-11,17,6,1,1,0,VP
823370,mlb,2026,2026-06-12,46,5,1,1,0,VP
823617,mlb,2026,2026-06-12,39,4,4,4,0,VB
824020,mlb,2026,2026-06-12,54,4,4,4,0,VB
824507,mlb,2026,2026-06-12,72,4,4,4,0,VB
824507,mlb,2026,2026-06-12,77,4,4,4,0,VB
824826,mlb,2026,2026-06-12,10,5,1,0,1,none
824826,mlb,2026,2026-06-12,63,4,4,4,0,VB
823776,mlb,2026,2026-06-13,86,4,4,4,0,VB
824100,mlb,2026,2026-06-13,23,5,1,1,0,VP
824508,mlb,2026,2026-06-13,5,7,1,0,1,none
824995,mlb,2026,2026-06-13,55,4,4,4,0,VB
822801,mlb,2026,2026-06-14,65,5,1,0,1,none
823368,mlb,2026,2026-06-14,53,7,1,0,1,none
824099,mlb,2026,2026-06-14,15,2,1,1,0,VP
824586,mlb,2026,2026-06-14,33,4,4,4,0,VB
824751,mlb,2026,2026-06-14,31,6,1,1,0,VP
824994,mlb,2026,2026-06-14,43,4,1,1,0,VP
822887,mlb,2026,2026-06-15,64,3,1,1,0,VP
823046,mlb,2026,2026-06-15,41,5,1,1,0,VP
823046,mlb,2026,2026-06-15,44,2,1,0,1,none
823046,mlb,2026,2026-06-15,57,4,1,0,1,none
823938,mlb,2026,2026-06-15,30,5,1,1,0,VP
822888,mlb,2026,2026-06-16,31,4,4,4,0,VB
822888,mlb,2026,2026-06-16,61,9,1,1,0,VP
824182,mlb,2026,2026-06-16,42,4,1,1,0,VP
824667,mlb,2026,2026-06-16,69,2,1,1,0,VP
824991,mlb,2026,2026-06-16,62,4,4,4,0,VB
823450,mlb,2026,2026-06-17,25,6,1,0,1,none
823940,mlb,2026,2026-06-17,77,4,4,4,0,VB
824668,mlb,2026,2026-06-17,61,5,1,1,0,AC
823533,mlb,2026,2026-06-18,35,6,1,1,0,VP
823772,mlb,2026,2026-06-18,28,4,1,1,0,VB
823772,mlb,2026,2026-06-18,67,7,1,0,1,none
824098,mlb,2026,2026-06-18,25,3,1,0,1,none
824748,mlb,2026,2026-06-18,66,4,1,1,0,AC
822886,mlb,2026,2026-06-19,54,4,4,4,0,VB
823853,mlb,2026,2026-06-19,62,4,4,4,0,VB
824910,mlb,2026,2026-06-19,19,4,2,2,0,VB
824990,mlb,2026,2026-06-19,16,2,1,0,1,none
824990,mlb,2026,2026-06-19,66,6,1,1,0,VP
825069,mlb,2026,2026-06-19,48,3,1,0,1,none
822967,mlb,2026,2026-06-20,77,4,4,4,0,VB
823532,mlb,2026,2026-06-20,8,2,1,1,0,VP
823854,mlb,2026,2026-06-20,16,3,1,1,0,AC
824180,mlb,2026,2026-06-20,5,4,1,1,0,VP
824180,mlb,2026,2026-06-20,8,5,1,1,0,VP
823934,mlb,2026,2026-06-21,63,4,1,1,0,VB
824095,mlb,2026,2026-06-21,37,7,1,0,1,none
824095,mlb,2026,2026-06-21,70,4,1,1,0,VB
824095,mlb,2026,2026-06-21,79,6,1,1,0,VP
824177,mlb,2026,2026-06-21,40,4,4,4,0,VB
825067,mlb,2026,2026-06-21,37,2,1,1,0,VP
822720,mlb,2026,2026-06-22,66,5,4,4,0,VB
823692,mlb,2026,2026-06-22,68,4,4,4,0,VB
823851,mlb,2026,2026-06-22,67,4,4,4,0,VB
822718,mlb,2026,2026-06-23,53,5,1,0,1,none
822799,mlb,2026,2026-06-23,34,4,4,4,0,VB
822799,mlb,2026,2026-06-23,94,4,4,4,0,VB
823210,mlb,2026,2026-06-23,49,4,4,4,0,VB
823286,mlb,2026,2026-06-23,53,4,4,4,0,VB
824340,mlb,2026,2026-06-23,23,6,1,0,1,none
822798,mlb,2026,2026-06-24,50,4,4,4,0,VB
822965,mlb,2026,2026-06-24,25,4,2,2,0,VB
823208,mlb,2026,2026-06-24,60,5,1,1,0,VB
823611,mlb,2026,2026-06-24,55,7,1,1,0,VC
824500,mlb,2026,2026-06-24,60,4,4,4,0,VB
822796,mlb,2026,2026-06-26,74,7,1,1,0,VP
822962,mlb,2026,2026-06-26,45,4,2,2,0,VB
823039,mlb,2026,2026-06-26,13,5,1,0,1,none
823039,mlb,2026,2026-06-26,47,3,1,1,0,AC
823039,mlb,2026,2026-06-26,67,3,1,1,0,AC
823206,mlb,2026,2026-06-26,12,4,1,0,1,none
823285,mlb,2026,2026-06-26,40,5,3,3,0,VB
823285,mlb,2026,2026-06-26,45,4,4,4,0,VB
823688,mlb,2026,2026-06-26,86,4,4,4,0,VB
824582,mlb,2026,2026-06-26,12,4,1,1,0,VP
823364,mlb,2026,2026-06-27,36,3,1,0,1,none
823689,mlb,2026,2026-06-27,47,4,4,4,0,VB
823686,mlb,2026,2026-06-28,62,4,1,1,0,VB
823769,mlb,2026,2026-06-28,48,8,1,0,1,none
823769,mlb,2026,2026-06-28,73,4,3,3,0,VB
824580,mlb,2026,2026-06-28,34,4,1,0,1,none
824744,mlb,2026,2026-06-28,71,5,1,1,0,AC
822792,mlb,2026,2026-06-29,58,4,4,4,0,VB
824176,mlb,2026,2026-06-29,43,2,1,1,0,VP
824176,mlb,2026,2026-06-29,72,5,1,1,0,VP
824420,mlb,2026,2026-06-29,19,7,1,0,1,none
824420,mlb,2026,2026-06-29,49,4,4,4,0,VB
824662,mlb,2026,2026-06-29,66,5,2,2,0,VB
825065,mlb,2026,2026-06-29,51,2,1,1,0,VP
824175,mlb,2026,2026-06-30,17,2,1,0,1,none
824175,mlb,2026,2026-06-30,45,5,1,1,0,VP
822791,mlb,2026,2026-07-01,22,6,1,1,0,VP
823530,mlb,2026,2026-07-01,74,4,4,4,0,VB
823530,mlb,2026,2026-07-01,78,4,4,4,0,VB
823767,mlb,2026,2026-07-01,51,7,1,1,0,AC
824660,mlb,2026,2026-07-01,24,3,1,0,1,none
824660,mlb,2026,2026-07-01,30,4,2,2,0,VB
822884,mlb,2026,2026-07-02,19,2,1,1,0,VP
824416,mlb,2026,2026-07-02,3,8,1,0,1,none
823933,mlb,2026,2026-07-03,60,4,1,1,0,VB
824417,mlb,2026,2026-07-03,56,6,1,1,0,VP
824904,mlb,2026,2026-07-03,2,6,1,1,0,AC
825062,mlb,2026,2026-07-03,78,6,1,0,1,none
825062,mlb,2026,2026-07-03,82,4,4,4,0,VB
825062,mlb,2026,2026-07-03,87,4,4,4,0,VB
823526,mlb,2026,2026-07-04,67,4,1,1,0,VP
823932,mlb,2026,2026-07-04,8,6,1,1,0,VP
823932,mlb,2026,2026-07-04,49,7,1,1,0,VP
824499,mlb,2026,2026-07-04,44,3,1,1,0,VP
824499,mlb,2026,2026-07-04,77,4,4,4,0,VB
824658,mlb,2026,2026-07-04,51,3,1,1,0,VP
825063,mlb,2026,2026-07-04,64,4,2,2,0,VB
822879,mlb,2026,2026-07-05,72,4,3,3,0,VB
823117,mlb,2026,2026-07-05,48,5,1,1,0,VP
823931,mlb,2026,2026-07-05,34,4,4,4,0,VB
824333,mlb,2026,2026-07-05,5,2,1,1,0,VP
824413,mlb,2026,2026-07-05,55,4,4,4,0,VB
824656,mlb,2026,2026-07-05,13,6,1,0,1,none
824656,mlb,2026,2026-07-05,24,4,1,1,0,VP
824656,mlb,2026,2026-07-05,53,7,1,0,1,none
824902,mlb,2026,2026-07-05,50,6,1,1,0,VP
824980,mlb,2026,2026-07-05,26,4,4,4,0,VB
825061,mlb,2026,2026-07-05,64,5,1,1,0,VP
823036,mlb,2026,2026-07-06,3,6,1,1,0,VP
823205,mlb,2026,2026-07-06,39,4,2,2,0,VB
823205,mlb,2026,2026-07-06,41,8,1,1,0,VP
823282,mlb,2026,2026-07-06,3,4,1,0,1,none
823930,mlb,2026,2026-07-06,72,4,4,4,0,VB
823930,mlb,2026,2026-07-06,78,4,4,4,0,VB
823930,mlb,2026,2026-07-06,91,4,4,4,0,VB
824089,mlb,2026,2026-07-06,35,4,1,0,1,none
824900,mlb,2026,2026-07-06,78,6,1,0,1,none
824900,mlb,2026,2026-07-06,92,4,4,4,0,VB
822713,mlb,2026,2026-07-07,56,6,1,1,0,VP
822956,mlb,2026,2026-07-07,62,5,1,1,0,VP
823035,mlb,2026,2026-07-07,44,4,1,1,0,VP
823035,mlb,2026,2026-07-07,57,5,1,1,0,VP
823062,mlb,2026,2026-07-07,53,4,4,4,0,VB
823607,mlb,2026,2026-07-07,4,5,1,0,1,none
822710,mlb,2026,2026-07-08,59,6,1,1,0,AC
823032,mlb,2026,2026-07-08,43,6,1,1,0,AC
823279,mlb,2026,2026-07-08,6,4,1,1,0,VC
823279,mlb,2026,2026-07-08,39,5,1,0,1,none
823605,mlb,2026,2026-07-08,71,4,4,4,0,VB
823928,mlb,2026,2026-07-08,57,4,4,4,0,VB
824496,mlb,2026,2026-07-08,7,6,1,0,1,none
822954,mlb,2026,2026-07-09,42,4,4,4,0,VB
822954,mlb,2026,2026-07-09,46,6,1,1,0,VP
823034,mlb,2026,2026-07-09,76,4,1,1,0,VP
823201,mlb,2026,2026-07-09,58,6,1,1,0,AB
823359,mlb,2026,2026-07-09,78,4,4,4,0,VB
823846,mlb,2026,2026-07-09,12,6,1,0,1,none
822955,mlb,2026,2026-07-10,60,7,1,0,1,none
822955,mlb,2026,2026-07-10,63,4,1,1,0,V
823200,mlb,2026,2026-07-10,15,6,1,0,1,none
823200,mlb,2026,2026-07-10,25,4,4,4,0,VB
823685,mlb,2026,2026-07-10,27,6,1,0,1,none
823927,mlb,2026,2026-07-10,39,5,1,0,1,none
824252,mlb,2026,2026-07-10,51,6,1,0,1,none
822875,mlb,2026,2026-07-11,71,8,1,0,1,none
822953,mlb,2026,2026-07-11,58,4,4,4,0,VB
823198,mlb,2026,2026-07-11,17,4,1,0,1,none
823276,mlb,2026,2026-07-11,37,4,1,1,0,VB
823357,mlb,2026,2026-07-11,8,5,1,1,0,VP
823357,mlb,2026,2026-07-11,18,5,1,1,0,VP
823926,mlb,2026,2026-07-11,43,4,4,4,0,VB
824492,mlb,2026,2026-07-11,19,6,1,0,1,none
822876,mlb,2026,2026-07-12,56,4,4,4,0,VB
822876,mlb,2026,2026-07-12,75,4,2,2,0,VB
823274,mlb,2026,2026-07-12,21,5,1,0,1,none
823274,mlb,2026,2026-07-12,63,4,4,4,0,VB
823842,mlb,2026,2026-07-12,49,6,1,0,1,none
823925,mlb,2026,2026-07-12,9,6,1,0,1,none
824250,mlb,2026,2026-07-12,41,4,1,1,0,VB
824574,mlb,2026,2026-07-12,7,3,1,1,0,VP
824574,mlb,2026,2026-07-12,9,4,2,2,0,VB
824814,mlb,2026,2026-07-12,55,4,1,0,1,none
823440,mlb,2026,2026-07-16,34,4,4,4,0,VB
822789,mlb,2026,2026-07-17,42,4,4,4,0,VB
823524,mlb,2026,2026-07-17,60,4,4,4,0,VB
824090,mlb,2026,2026-07-17,63,5,4,4,0,VB
824090,mlb,2026,2026-07-17,72,4,4,4,0,VB
824766,mlb,2026,2026-07-17,51,4,2,2,0,VB
822790,mlb,2026,2026-07-18,47,4,4,4,0,VB
823116,mlb,2026,2026-07-18,75,4,4,4,0,VB
823116,mlb,2026,2026-07-18,77,2,1,1,0,VP
823763,mlb,2026,2026-07-18,39,4,4,4,0,VB
824088,mlb,2026,2026-07-18,34,2,1,1,0,AC
824169,mlb,2026,2026-07-18,57,4,4,4,0,VB
823113,mlb,2026,2026-07-19,22,3,1,1,0,VP
823523,mlb,2026,2026-07-19,34,4,1,1,0,VP
823523,mlb,2026,2026-07-19,35,4,1,1,0,VB
824086,mlb,2026,2026-07-19,6,6,1,1,0,VP
822788,mlb,2026,2026-07-20,46,6,1,0,1,none
822788,mlb,2026,2026-07-20,70,4,4,4,0,VB
822874,mlb,2026,2026-07-20,70,4,4,4,0,VB
823112,mlb,2026,2026-07-20,40,5,1,1,0,V
823112,mlb,2026,2026-07-20,54,4,4,4,0,VB
823436,mlb,2026,2026-07-20,43,4,4,4,0,VB
823436,mlb,2026,2026-07-20,50,4,4,4,0,VB
824006,mlb,2026,2026-07-20,16,6,1,1,0,VP
824006,mlb,2026,2026-07-20,65,4,4,4,0,VB
824087,mlb,2026,2026-07-20,33,4,1,1,0,AC
824654,mlb,2026,2026-07-20,77,4,4,4,0,VB
824654,mlb,2026,2026-07-20,87,4,4,4,0,VB
824736,mlb,2026,2026-07-20,50,4,1,1,0,VP
824085,mlb,2026,2026-07-21,59,4,4,4,0,VB
824165,mlb,2026,2026-07-21,4,3,1,0,1,none
824895,mlb,2026,2026-07-21,65,8,1,0,1,none
825056,mlb,2026,2026-07-21,84,7,1,1,0,VP
823438,mlb,2026,2026-07-22,34,4,4,4,0,VB
823518,mlb,2026,2026-07-22,41,6,1,0,1,none
823518,mlb,2026,2026-07-22,46,3,1,1,0,AC
824896,mlb,2026,2026-07-22,55,4,3,3,0,VB
824406,mlb,2026,2026-07-23,5,5,1,1,0,VP
824406,mlb,2026,2026-07-23,75,4,4,4,0,VB
824406,mlb,2026,2026-07-23,77,4,4,4,0,VB
824406,mlb,2026,2026-07-23,83,4,4,4,0,VB
822707,mlb,2026,2026-07-24,47,4,1,0,1,none
823196,mlb,2026,2026-07-24,25,4,2,2,0,VB
823196,mlb,2026,2026-07-24,70,4,4,4,0,VB
823352,mlb,2026,2026-07-24,73,4,2,2,0,VB
823843,mlb,2026,2026-07-24,14,5,1,1,0,VP
823843,mlb,2026,2026-07-24,51,4,1,1,0,VP
824573,mlb,2026,2026-07-24,57,6,4,3,1,VB|none
824733,mlb,2026,2026-07-24,77,4,4,4,0,VB
824812,mlb,2026,2026-07-24,49,4,4,4,0,VB
824812,mlb,2026,2026-07-24,73,4,4,4,0,VB
822704,mlb,2026,2026-07-25,27,6,1,0,1,none
822869,mlb,2026,2026-07-25,13,5,1,0,1,none
822869,mlb,2026,2026-07-25,57,9,1,0,1,none
823355,mlb,2026,2026-07-25,2,5,1,0,1,none
823600,mlb,2026,2026-07-25,70,4,4,4,0,VB
823758,mlb,2026,2026-07-25,41,6,1,0,1,none
822706,mlb,2026,2026-07-26,52,4,1,1,0,AC
822706,mlb,2026,2026-07-26,55,4,4,4,0,VB
822706,mlb,2026,2026-07-26,80,6,1,1,0,VP
823028,mlb,2026,2026-07-26,77,4,4,4,0,VB
823433,mlb,2026,2026-07-26,24,4,2,2,0,VB
823678,mlb,2026,2026-07-26,18,5,1,0,1,none
824810,mlb,2026,2026-07-26,80,4,4,4,0,VB
824810,mlb,2026,2026-07-26,86,4,4,4,0,VB
824810,mlb,2026,2026-07-26,92,4,4,4,0,VB
823025,mlb,2026,2026-07-27,10,2,1,1,0,VP
823025,mlb,2026,2026-07-27,51,8,1,1,0,AB
823353,mlb,2026,2026-07-27,68,9,1,0,1,none
823353,mlb,2026,2026-07-27,76,4,4,4,0,VB
824001,mlb,2026,2026-07-27,6,7,1,0,1,none
824001,mlb,2026,2026-07-27,74,4,4,4,0,VB
824570,mlb,2026,2026-07-27,31,7,1,0,1,none
823350,mlb,2026,2026-07-28,97,4,4,4,0,VB
823350,mlb,2026,2026-07-28,99,4,4,4,0,VB
823923,mlb,2026,2026-07-28,21,4,1,1,0,VB
824489,mlb,2026,2026-07-28,8,9,1,1,0,VP
824569,mlb,2026,2026-07-28,15,4,1,1,0,VP
824569,mlb,2026,2026-07-28,45,4,3,3,0,VB
823022,mlb,2026,2026-07-29,65,4,3,3,0,VB
823192,mlb,2026,2026-07-29,41,13,1,0,1,none
823192,mlb,2026,2026-07-29,61,5,1,1,0,VP
823924,mlb,2026,2026-07-29,34,4,4,4,0,VB
824002,mlb,2026,2026-07-29,51,4,4,4,0,VB
824242,mlb,2026,2026-07-29,61,4,4,4,0,VB
824242,mlb,2026,2026-07-29,82,4,4,4,0,VB
824567,mlb,2026,2026-07-29,75,6,1,1,0,VP
824973,mlb,2026,2026-07-29,65,6,1,0,1,none
822946,mlb,2026,2026-07-30,22,4,3,3,0,VB
823595,mlb,2026,2026-07-30,20,6,1,1,0,VP
823595,mlb,2026,2026-07-30,54,6,1,1,0,VP
824488,mlb,2026,2026-07-30,75,4,4,4,0,VB
824568,mlb,2026,2026-07-30,80,4,4,4,0,VB
824568,mlb,2026,2026-07-30,82,4,4,4,0,VB
824894,mlb,2026,2026-07-30,60,5,1,1,0,AC
823272,mlb,2026,2026-07-31,29,10,1,1,0,VP
823922,mlb,2026,2026-07-31,53,4,4,4,0,VB
823922,mlb,2026,2026-07-31,79,4,4,4,0,VB
824164,mlb,2026,2026-07-31,12,1,1,0,1,none
824164,mlb,2026,2026-07-31,67,4,4,4,0,VB
824407,mlb,2026,2026-07-31,38,4,4,4,0,VB
824486,mlb,2026,2026-07-31,79,4,4,4,0,VB
824809,mlb,2026,2026-07-31,61,4,4,4,0,VB
824975,mlb,2026,2026-07-31,3,7,1,0,1,none
823109,mlb,2026,2026-08-01,67,4,4,4,0,VB
823109,mlb,2026,2026-08-01,74,4,4,4,0,VB
823269,mlb,2026,2026-08-01,53,3,1,0,1,none
823269,mlb,2026,2026-08-01,78,4,4,4,0,VB
823594,mlb,2026,2026-08-01,18,5,1,1,0,VP
823920,mlb,2026,2026-08-01,18,4,4,4,0,VB
824162,mlb,2026,2026-08-01,38,4,4,4,0,VB
824162,mlb,2026,2026-08-01,73,4,4,4,0,VB
822783,mlb,2026,2026-08-02,54,4,4,4,0,VB
823592,mlb,2026,2026-08-02,25,3,1,1,0,AC
823919,mlb,2026,2026-08-02,11,6,1,1,0,VP
823919,mlb,2026,2026-08-02,20,4,4,4,0,VB
824404,mlb,2026,2026-08-02,5,2,1,1,0,VP
824483,mlb,2026,2026-08-02,73,4,1,1,0,VP
824891,mlb,2026,2026-08-02,6,6,1,1,0,VP
822867,mlb,2026,2026-08-03,61,4,1,0,1,none
823520,mlb,2026,2026-08-03,64,6,1,1,0,VP
824160,mlb,2026,2026-08-03,53,4,4,4,0,VB
822865,mlb,2026,2026-08-04,66,4,4,4,0,VB
822865,mlb,2026,2026-08-04,77,4,4,4,0,VB
823108,mlb,2026,2026-08-04,46,3,1,0,1,none
823432,mlb,2026,2026-08-04,20,2,1,0,1,none
823517,mlb,2026,2026-08-04,57,4,2,2,0,VB
824321,mlb,2026,2026-08-04,73,4,4,4,0,VB
824321,mlb,2026,2026-08-04,82,4,4,4,0,VB
824484,mlb,2026,2026-08-04,3,6,1,1,0,VP
824731,mlb,2026,2026-08-04,53,5,1,1,0,VP
823106,mlb,2026,2026-08-05,44,4,4,4,0,VB
824322,mlb,2026,2026-08-05,50,2,1,0,1,none
824482,mlb,2026,2026-08-05,48,4,1,0,1,none
824728,mlb,2026,2026-08-05,16,5,1,0,1,none
823430,mlb,2026,2026-08-06,60,4,1,1,0,AC
823754,mlb,2026,2026-08-06,3,7,1,0,1,none
824481,mlb,2026,2026-08-06,31,4,1,1,0,VP
824664,mlb,2026,2026-08-06,66,7,1,0,1,none
824664,mlb,2026,2026-08-06,76,4,4,4,0,VB
824664,mlb,2026,2026-08-06,81,4,4,4,0,VB
824664,mlb,2026,2026-08-06,84,4,4,4,0,VB
824729,mlb,2026,2026-08-06,18,6,1,1,0,VP
824729,mlb,2026,2026-08-06,80,6,1,0,1,none
824729,mlb,2026,2026-08-06,94,4,4,4,0,VB
824729,mlb,2026,2026-08-06,111,4,4,4,0,VB
824729,mlb,2026,2026-08-06,120,4,4,4,0,VB
824804,mlb,2026,2026-08-06,56,4,1,0,1,none
823515,mlb,2026,2026-08-07,79,4,4,4,0,VB
824081,mlb,2026,2026-08-07,64,3,1,1,0,VP
825051,mlb,2026,2026-08-07,64,4,4,4,0,VB
822864,mlb,2026,2026-08-08,55,4,4,4,0,VB
823021,mlb,2026,2026-08-08,78,5,1,0,1,none
823102,mlb,2026,2026-08-08,11,2,1,0,1,none
823188,mlb,2026,2026-08-08,8,4,1,1,0,VP
823426,mlb,2026,2026-08-08,70,2,1,1,0,AC
823514,mlb,2026,2026-08-08,39,4,1,0,1,none
823514,mlb,2026,2026-08-08,53,6,1,1,0,AC
823514,mlb,2026,2026-08-08,54,7,1,1,0,AC
823752,mlb,2026,2026-08-08,26,7,1,0,1,none
825049,mlb,2026,2026-08-08,74,4,4,4,0,VB
822700,mlb,2026,2026-08-09,63,4,4,4,0,VB
823104,mlb,2026,2026-08-09,52,4,4,4,0,VB
823425,mlb,2026,2026-08-09,71,4,4,4,0,VB
823425,mlb,2026,2026-08-09,85,4,4,4,0,VB
823425,mlb,2026,2026-08-09,91,4,4,4,0,VB
823425,mlb,2026,2026-08-09,101,4,4,4,0,VB
823751,mlb,2026,2026-08-09,57,4,2,2,0,VB
823751,mlb,2026,2026-08-09,75,4,4,4,0,VB
823751,mlb,2026,2026-08-09,80,4,4,4,0,VB
823189,mlb,2026,2026-08-10,75,4,4,4,0,VB
823998,mlb,2026,2026-08-10,58,4,4,4,0,VB
823264,mlb,2026,2026-08-11,11,5,1,1,0,VP
823917,mlb,2026,2026-08-11,76,4,4,4,0,VB
823917,mlb,2026,2026-08-11,78,4,4,4,0,VB
823917,mlb,2026,2026-08-11,80,4,4,4,0,VB
824240,mlb,2026,2026-08-11,60,8,1,0,1,none
822779,mlb,2026,2026-08-12,62,4,4,4,0,VB
823187,mlb,2026,2026-08-12,43,3,1,1,0,VP
823263,mlb,2026,2026-08-12,73,9,1,1,0,AC
823263,mlb,2026,2026-08-12,77,4,4,4,0,VB
823263,mlb,2026,2026-08-12,84,4,4,4,0,VB
823511,mlb,2026,2026-08-12,66,4,4,4,0,VB
823916,mlb,2026,2026-08-12,59,2,1,1,0,VP
822696,mlb,2026,2026-08-13,41,5,1,1,0,VP
822776,mlb,2026,2026-08-13,55,4,4,4,0,VB
823829,mlb,2026,2026-08-13,30,3,1,0,1,none
822942,mlb,2026,2026-08-14,53,5,1,1,0,VB
822942,mlb,2026,2026-08-14,80,4,4,4,0,VB
824159,mlb,2026,2026-08-14,21,6,2,1,1,VB|none
824882,mlb,2026,2026-08-14,65,4,4,4,0,VB
822775,mlb,2026,2026-08-15,54,4,4,4,0,VB
822775,mlb,2026,2026-08-15,67,4,4,4,0,VB
822941,mlb,2026,2026-08-15,81,4,4,4,0,VB
823184,mlb,2026,2026-08-15,9,4,1,1,0,AC
823914,mlb,2026,2026-08-15,58,4,4,4,0,VB
823990,mlb,2026,2026-08-15,49,2,1,0,1,none
824239,mlb,2026,2026-08-15,54,4,4,4,0,VB
824400,mlb,2026,2026-08-15,19,4,1,1,0,AC
822774,mlb,2026,2026-08-16,46,4,4,4,0,VB
823182,mlb,2026,2026-08-16,13,6,1,1,0,VP
823670,mlb,2026,2026-08-16,63,4,4,4,0,VB
823912,mlb,2026,2026-08-16,72,5,1,1,0,VP
823991,mlb,2026,2026-08-16,49,4,4,4,0,VB
824477,mlb,2026,2026-08-16,6,8,1,1,0,VP
824477,mlb,2026,2026-08-16,37,6,1,1,0,VP
824880,mlb,2026,2026-08-16,41,4,1,1,0,VB
824880,mlb,2026,2026-08-16,69,8,1,0,1,none
824965,mlb,2026,2026-08-16,5,8,1,0,1,none
822939,mlb,2026,2026-08-17,67,4,4,4,0,VB
823343,mlb,2026,2026-08-17,15,5,1,1,0,VP
823427,mlb,2026,2026-08-17,22,7,1,1,0,AC
823427,mlb,2026,2026-08-17,51,5,1,1,0,VP
823427,mlb,2026,2026-08-17,56,4,4,4,0,VB
823427,mlb,2026,2026-08-17,63,3,1,1,0,AC
824478,mlb,2026,2026-08-17,53,7,1,1,0,VP
824641,mlb,2026,2026-08-17,81,4,4,4,0,VB
823341,mlb,2026,2026-08-18,50,4,1,1,0,VP
823749,mlb,2026,2026-08-18,43,8,1,1,0,AC
824639,mlb,2026,2026-08-18,75,4,4,4,0,VB
824723,mlb,2026,2026-08-18,61,4,1,1,0,VP
823664,mlb,2026,2026-08-19,50,6,1,0,1,none
823664,mlb,2026,2026-08-19,64,4,4,4,0,VB
824076,mlb,2026,2026-08-19,30,3,1,0,1,none
824076,mlb,2026,2026-08-19,70,4,4,4,0,VB
824318,mlb,2026,2026-08-19,48,3,1,1,0,VP
824318,mlb,2026,2026-08-19,63,4,1,1,0,AC
824476,mlb,2026,2026-08-19,65,4,4,4,0,VB
824640,mlb,2026,2026-08-19,21,8,1,1,0,VP
824640,mlb,2026,2026-08-19,65,4,4,4,0,VB
824801,mlb,2026,2026-08-19,33,5,1,1,0,VP
822934,mlb,2026,2026-08-20,51,4,4,4,0,VB
823747,mlb,2026,2026-08-20,31,3,1,1,0,VP
823747,mlb,2026,2026-08-20,41,8,1,1,0,VP
824074,mlb,2026,2026-08-20,40,4,2,2,0,VB
824395,mlb,2026,2026-08-20,32,6,1,1,0,VP
824474,mlb,2026,2026-08-20,60,3,1,0,1,none
824474,mlb,2026,2026-08-20,70,4,4,4,0,VB
822857,mlb,2026,2026-08-21,67,4,4,4,0,VB
822857,mlb,2026,2026-08-21,76,4,4,4,0,VB
823101,mlb,2026,2026-08-21,43,3,1,0,1,none
823101,mlb,2026,2026-08-21,67,4,4,4,0,VB
823101,mlb,2026,2026-08-21,86,4,4,4,0,VB
823420,mlb,2026,2026-08-21,54,4,4,4,0,VB
823830,mlb,2026,2026-08-21,76,4,4,4,0,VB
823911,mlb,2026,2026-08-21,80,4,4,4,0,VB
823911,mlb,2026,2026-08-21,83,4,4,4,0,VB
824152,mlb,2026,2026-08-21,18,8,1,1,0,VP
824317,mlb,2026,2026-08-21,49,5,1,0,1,none
822858,mlb,2026,2026-08-22,56,4,4,4,0,VB
823831,mlb,2026,2026-08-22,11,7,1,1,0,VP
823910,mlb,2026,2026-08-22,52,5,1,1,0,VP
824073,mlb,2026,2026-08-22,63,6,1,0,1,none
824151,mlb,2026,2026-08-22,57,4,4,4,0,VB
824718,mlb,2026,2026-08-22,78,4,4,4,0,VB
822856,mlb,2026,2026-08-23,72,4,3,3,0,VB
823099,mlb,2026,2026-08-23,48,3,1,1,0,VP
824150,mlb,2026,2026-08-23,17,4,4,4,0,VB
824150,mlb,2026,2026-08-23,18,6,1,1,0,VP
824150,mlb,2026,2026-08-23,59,4,4,4,0,VB
824150,mlb,2026,2026-08-23,76,4,4,4,0,VB
824315,mlb,2026,2026-08-23,3,6,1,1,0,AC
824315,mlb,2026,2026-08-23,32,8,1,0,1,none
822695,mlb,2026,2026-08-24,30,6,1,1,0,VP
823260,mlb,2026,2026-08-24,45,8,1,0,1,none
823260,mlb,2026,2026-08-24,76,4,4,4,0,VB
824557,mlb,2026,2026-08-24,64,4,4,4,0,VB
822773,mlb,2026,2026-08-25,50,4,4,4,0,VB
823585,mlb,2026,2026-08-25,80,4,4,4,0,VB
823989,mlb,2026,2026-08-25,90,4,4,4,0,VB
824233,mlb,2026,2026-08-25,41,8,1,0,1,none
824881,mlb,2026,2026-08-25,74,4,4,4,0,VB
822772,mlb,2026,2026-08-26,19,4,2,2,0,VB
823015,mlb,2026,2026-08-26,71,4,4,4,0,VB
823180,mlb,2026,2026-08-26,71,4,2,2,0,VB|VP
823180,mlb,2026,2026-08-26,74,4,4,4,0,VB
823255,mlb,2026,2026-08-26,22,5,1,0,1,none
823506,mlb,2026,2026-08-26,72,7,1,1,0,VP
823988,mlb,2026,2026-08-26,33,4,1,1,0,VP
823988,mlb,2026,2026-08-26,71,4,4,4,0,VB
824555,mlb,2026,2026-08-26,19,5,2,2,0,VB
824555,mlb,2026,2026-08-26,25,5,1,0,1,none
824878,mlb,2026,2026-08-26,45,5,1,1,0,VP
824878,mlb,2026,2026-08-26,73,4,4,4,0,VB
824878,mlb,2026,2026-08-26,79,4,4,4,0,VB
824878,mlb,2026,2026-08-26,87,4,4,4,0,VB
822694,mlb,2026,2026-08-27,39,4,2,2,0,VB
822694,mlb,2026,2026-08-27,60,4,4,4,0,VB
822771,mlb,2026,2026-08-27,51,6,1,0,1,none
823179,mlb,2026,2026-08-27,57,2,1,0,1,none
823581,mlb,2026,2026-08-27,50,4,1,1,0,AC
823666,mlb,2026,2026-08-28,72,3,1,1,0,VP
824231,mlb,2026,2026-08-28,68,4,1,1,0,VB
824960,mlb,2026,2026-08-28,44,4,4,4,0,VB
824960,mlb,2026,2026-08-28,74,4,4,4,0,VB
822690,mlb,2026,2026-08-29,21,6,1,1,0,AC
822690,mlb,2026,2026-08-29,70,4,4,4,0,VB
822936,mlb,2026,2026-08-29,56,4,4,4,0,VB
822936,mlb,2026,2026-08-29,64,4,4,4,0,VB
823011,mlb,2026,2026-08-29,58,5,1,0,1,none
823582,mlb,2026,2026-08-29,9,9,1,0,1,none
823582,mlb,2026,2026-08-29,23,6,1,1,0,VP
823741,mlb,2026,2026-08-29,67,4,3,3,0,VB
823986,mlb,2026,2026-08-29,57,3,1,0,1,none
823986,mlb,2026,2026-08-29,68,4,4,4,0,VB
824230,mlb,2026,2026-08-29,71,4,4,4,0,VB
824392,mlb,2026,2026-08-29,50,4,1,1,0,VP
822688,mlb,2026,2026-08-30,70,5,1,0,1,none
822766,mlb,2026,2026-08-30,58,5,1,1,0,VP
822933,mlb,2026,2026-08-30,50,3,1,1,0,AB
822933,mlb,2026,2026-08-30,67,4,4,4,0,VB
822933,mlb,2026,2026-08-30,78,4,4,4,0,VB
822933,mlb,2026,2026-08-30,85,4,2,2,0,VB
823010,mlb,2026,2026-08-30,48,7,1,1,0,VP
823502,mlb,2026,2026-08-30,66,7,1,0,1,none
823740,mlb,2026,2026-08-30,6,9,1,1,0,AC
823987,mlb,2026,2026-08-30,3,7,1,0,1,none
824232,mlb,2026,2026-08-30,30,3,1,1,0,VP
824959,mlb,2026,2026-08-30,14,6,1,1,0,VP
823982,mlb,2026,2026-08-31,37,7,1,1,0,VP
824149,mlb,2026,2026-08-31,60,4,4,4,0,VB
824719,mlb,2026,2026-08-31,87,4,4,4,0,VB
824719,mlb,2026,2026-08-31,88,4,4,4,0,VB
824911,mlb,2026,2026-08-31,37,3,1,1,0,VP
825040,mlb,2026,2026-08-31,55,7,1,0,1,none
822854,mlb,2026,2026-09-01,35,7,1,1,0,AC
824148,mlb,2026,2026-09-01,74,6,1,1,0,AC
824313,mlb,2026,2026-09-01,47,5,1,1,0,VP
824472,mlb,2026,2026-09-01,62,4,4,4,0,VB
824472,mlb,2026,2026-09-01,67,4,4,4,0,VB
824633,mlb,2026,2026-09-01,44,4,1,0,1,none
822686,mlb,2026,2026-09-02,40,4,4,4,0,VB
823339,mlb,2026,2026-09-02,74,4,4,4,0,VB
823339,mlb,2026,2026-09-02,77,4,4,4,0,VB
823660,mlb,2026,2026-09-02,89,4,4,4,0,VB
823660,mlb,2026,2026-09-02,101,5,1,1,0,VB
824312,mlb,2026,2026-09-02,71,4,4,4,0,VB
824312,mlb,2026,2026-09-02,77,4,4,4,0,VB
824069,mlb,2026,2026-09-03,51,4,1,1,0,VP
824144,mlb,2026,2026-09-03,39,4,4,4,0,VB
824144,mlb,2026,2026-09-03,58,3,1,1,0,AC
822852,mlb,2026,2026-09-04,44,4,1,1,0,VP
823093,mlb,2026,2026-09-04,71,4,4,4,0,VB
823579,mlb,2026,2026-09-04,17,3,1,0,1,none
823905,mlb,2026,2026-09-04,45,4,1,1,0,VP
823905,mlb,2026,2026-09-04,54,4,1,1,0,AC
824311,mlb,2026,2026-09-04,52,4,1,1,0,VP
824387,mlb,2026,2026-09-04,41,5,1,1,0,AC
824471,mlb,2026,2026-09-04,52,6,1,0,1,none
822850,mlb,2026,2026-09-05,71,4,4,4,0,VB
823094,mlb,2026,2026-09-05,2,4,1,1,0,VP
823335,mlb,2026,2026-09-05,34,6,1,0,1,none
823823,mlb,2026,2026-09-05,3,5,1,1,0,AB
824066,mlb,2026,2026-09-05,14,6,1,0,1,none
824145,mlb,2026,2026-09-05,24,4,4,4,0,VB
822848,mlb,2026,2026-09-06,17,4,4,4,0,VB
822848,mlb,2026,2026-09-06,80,4,4,4,0,VB
823253,mlb,2026,2026-09-06,64,2,1,0,1,none
823578,mlb,2026,2026-09-06,60,4,2,2,0,VB
823903,mlb,2026,2026-09-06,18,4,1,1,0,AB
823903,mlb,2026,2026-09-06,33,2,1,0,1,none
823903,mlb,2026,2026-09-06,53,4,4,4,0,VB
824065,mlb,2026,2026-09-06,51,5,2,1,1,VP|none
824552,mlb,2026,2026-09-06,45,5,1,1,0,VP
824552,mlb,2026,2026-09-06,49,4,4,4,0,VB
823175,mlb,2026,2026-09-07,81,5,1,1,0,VB
823175,mlb,2026,2026-09-07,84,4,3,3,0,VB
823820,mlb,2026,2026-09-07,82,5,1,1,0,VP
823902,mlb,2026,2026-09-07,64,4,4,4,0,VB
824062,mlb,2026,2026-09-07,73,4,4,4,0,VB
824958,mlb,2026,2026-09-07,53,6,1,0,1,none
823500,mlb,2026,2026-09-08,4,5,1,1,0,VP
823738,mlb,2026,2026-09-08,63,4,4,4,0,VB
823738,mlb,2026,2026-09-08,81,4,4,4,0,VB
824063,mlb,2026,2026-09-08,82,4,4,4,0,VB
824063,mlb,2026,2026-09-08,84,5,2,2,0,VB
824792,mlb,2026,2026-09-08,62,3,1,1,0,VP
824875,mlb,2026,2026-09-08,34,4,4,4,0,VB
823172,mlb,2026,2026-09-09,21,7,1,0,1,none
823172,mlb,2026,2026-09-09,68,9,1,1,0,AC
824956,mlb,2026,2026-09-09,57,6,1,1,0,VP
823088,mlb,2026,2026-09-10,60,4,4,4,0,VB
823413,mlb,2026,2026-09-10,51,8,1,1,0,VP
823413,mlb,2026,2026-09-10,52,4,1,1,0,VB
824872,mlb,2026,2026-09-10,22,7,1,1,0,VP
822767,mlb,2026,2026-09-11,27,7,1,0,1,none
823173,mlb,2026,2026-09-11,77,2,1,1,0,AC
823817,mlb,2026,2026-09-11,50,4,4,4,0,VB
824711,mlb,2026,2026-09-11,56,4,4,4,0,VB
824711,mlb,2026,2026-09-11,72,4,4,4,0,VB
825036,mlb,2026,2026-09-11,47,4,4,4,0,VB
822685,mlb,2026,2026-09-12,36,5,4,4,0,VB
822685,mlb,2026,2026-09-12,51,8,1,0,1,none
822685,mlb,2026,2026-09-12,83,4,4,4,0,VB
822768,mlb,2026,2026-09-12,38,5,1,1,0,AB
822768,mlb,2026,2026-09-12,44,9,1,1,0,VP
822927,mlb,2026,2026-09-12,64,6,1,1,0,AB
823170,mlb,2026,2026-09-12,77,4,4,4,0,VB
823496,mlb,2026,2026-09-12,48,8,1,1,0,VP
823737,mlb,2026,2026-09-12,55,4,1,1,0,VB
823819,mlb,2026,2026-09-12,43,5,1,0,1,none
823819,mlb,2026,2026-09-12,61,4,4,4,0,VB
824224,mlb,2026,2026-09-12,82,6,1,1,0,VP
823815,mlb,2026,2026-09-13,15,5,1,0,1,none
824628,mlb,2026,2026-09-13,46,7,1,0,1,none
824628,mlb,2026,2026-09-13,52,4,1,1,0,VB
824708,mlb,2026,2026-09-13,71,7,1,1,0,VP
824952,mlb,2026,2026-09-13,49,4,1,1,0,VP
825033,mlb,2026,2026-09-13,77,4,4,4,0,VB
822849,mlb,2026,2026-09-15,63,4,2,2,0,VB
823333,mlb,2026,2026-09-15,13,4,1,1,0,VB
823574,mlb,2026,2026-09-15,69,4,4,4,0,VB
823574,mlb,2026,2026-09-15,78,4,4,4,0,VB
825030,mlb,2026,2026-09-15,77,4,4,4,0,VB
825030,mlb,2026,2026-09-15,82,4,4,4,0,VB
822763,mlb,2026,2026-09-16,62,6,1,1,0,VP
822846,mlb,2026,2026-09-16,38,3,1,0,1,none
823004,mlb,2026,2026-09-16,19,4,1,1,0,VP
823576,mlb,2026,2026-09-16,34,5,1,0,1,none
823655,mlb,2026,2026-09-16,94,4,4,4,0,VB
823979,mlb,2026,2026-09-16,43,4,4,4,0,VB
824140,mlb,2026,2026-09-16,50,4,4,4,0,VB
824467,mlb,2026,2026-09-16,62,5,1,1,0,VB
822845,mlb,2026,2026-09-17,5,5,1,1,0,VP
823978,mlb,2026,2026-09-17,70,4,4,4,0,VB
823978,mlb,2026,2026-09-17,76,4,4,4,0,VB
822847,mlb,2026,2026-09-18,36,8,1,1,0,VP
823331,mlb,2026,2026-09-18,43,4,1,1,0,AB
823898,mlb,2026,2026-09-18,3,5,1,1,0,VP
823977,mlb,2026,2026-09-18,9,6,1,1,0,VP
824303,mlb,2026,2026-09-18,82,5,1,0,1,none
824463,mlb,2026,2026-09-18,5,5,1,1,0,VP
822843,mlb,2026,2026-09-19,9,4,1,1,0,VP
822843,mlb,2026,2026-09-19,47,4,4,4,0,VB
822843,mlb,2026,2026-09-19,66,4,4,4,0,VB
823003,mlb,2026,2026-09-19,92,4,3,3,0,VB
823249,mlb,2026,2026-09-19,30,5,1,0,1,none
823249,mlb,2026,2026-09-19,36,2,1,0,1,none
823249,mlb,2026,2026-09-19,90,4,3,3,0,VB
823976,mlb,2026,2026-09-19,86,4,4,4,0,VB
823976,mlb,2026,2026-09-19,92,4,4,4,0,VB
824545,mlb,2026,2026-09-19,22,5,1,1,0,VP
823329,mlb,2026,2026-09-20,26,5,1,1,0,VP
823329,mlb,2026,2026-09-20,33,4,1,1,0,AB
824381,mlb,2026,2026-09-20,59,5,3,3,0,VB
824546,mlb,2026,2026-09-20,57,4,1,0,1,none
824787,mlb,2026,2026-09-21,1,8,1,1,0,VP
