"test","contrast","estimand","units","mlb_estimator","aaa_window","primary","point","lo95","hi95","contains_zero","verdict","consequence","mlb_change","mlb_change_lo95","mlb_change_hi95","aaa_change","aaa_change_lo95","aaa_change_hi95","n_draws","aaa_games","aaa_dates","rule","role","parallel_trends","coverage"
"pre-trend","2023_to_2024","top_in","in","binned","window","FALSE","0.691905","0.499095","0.938352","FALSE","fail","interval excludes 0: the DiD is reported as descriptive","0.430579","0.354139","0.515160","-0.261326","-0.501827","-0.081545","1000","2023 134, 2024 133","2023 2023-04-28 to 2023-05-14; 2024 2024-04-28 to 2024-05-18","Pre-trend test (SOP W3.20): the AAA-versus-MLB 2023 to 2024 coefficient must have a 95% interval containing 0, or the DiD is reported as descriptive.","The DiD is a supporting arm, not the identification.","Parallel trends, stated explicitly: the DiD is MLB's 2024 to 2025 called-zone change minus AAA's challenge-format change over the same seasons, and it reads as more than that difference only if the two series share one trend. This assumption is strong: different umpire populations, different parks, different Hawk-Eye installations, and a machine-set zone in AAA. Placebo P1 failed, so the DiD is reported as the measured difference only (DEV-89).","2023: all 2,224 Final games; 2024: 696 of 2,232 Final games, complete through 2024-05-18; 2025: all 2,232 Final games"
"pre-trend","2023_to_2024","bot_in","in","binned","window","FALSE","0.110676","-0.172199","0.412367","TRUE","pass","interval contains 0: the pre-trend test passes","0.141070","0.100033","0.183346","0.030394","-0.264138","0.315051","1000","2023 134, 2024 133","2023 2023-04-28 to 2023-05-14; 2024 2024-04-28 to 2024-05-18","Pre-trend test (SOP W3.20): the AAA-versus-MLB 2023 to 2024 coefficient must have a 95% interval containing 0, or the DiD is reported as descriptive.","The DiD is a supporting arm, not the identification.","Parallel trends, stated explicitly: the DiD is MLB's 2024 to 2025 called-zone change minus AAA's challenge-format change over the same seasons, and it reads as more than that difference only if the two series share one trend. This assumption is strong: different umpire populations, different parks, different Hawk-Eye installations, and a machine-set zone in AAA. Placebo P1 failed, so the DiD is reported as the measured difference only (DEV-89).","2023: all 2,224 Final games; 2024: 696 of 2,232 Final games, complete through 2024-05-18; 2025: all 2,232 Final games"
"pre-trend","2023_to_2024","half_width_in","in","binned","window","FALSE","0.098739","-0.080869","0.268406","TRUE","pass","interval contains 0: the pre-trend test passes","0.142633","0.114496","0.171047","0.043893","-0.125654","0.223628","1000","2023 134, 2024 133","2023 2023-04-28 to 2023-05-14; 2024 2024-04-28 to 2024-05-18","Pre-trend test (SOP W3.20): the AAA-versus-MLB 2023 to 2024 coefficient must have a 95% interval containing 0, or the DiD is reported as descriptive.","The DiD is a supporting arm, not the identification.","Parallel trends, stated explicitly: the DiD is MLB's 2024 to 2025 called-zone change minus AAA's challenge-format change over the same seasons, and it reads as more than that difference only if the two series share one trend. This assumption is strong: different umpire populations, different parks, different Hawk-Eye installations, and a machine-set zone in AAA. Placebo P1 failed, so the DiD is reported as the measured difference only (DEV-89).","2023: all 2,224 Final games; 2024: 696 of 2,232 Final games, complete through 2024-05-18; 2025: all 2,232 Final games"
"pre-trend","2023_to_2024","area_sqin","sq in","binned","window","TRUE","16.815708","5.577053","27.785078","FALSE","fail","interval excludes 0: the DiD is reported as descriptive","12.865799","10.371669","15.364207","-3.949908","-14.786297","6.639301","1000","2023 134, 2024 133","2023 2023-04-28 to 2023-05-14; 2024 2024-04-28 to 2024-05-18","Pre-trend test (SOP W3.20): the AAA-versus-MLB 2023 to 2024 coefficient must have a 95% interval containing 0, or the DiD is reported as descriptive.","The DiD is a supporting arm, not the identification.","Parallel trends, stated explicitly: the DiD is MLB's 2024 to 2025 called-zone change minus AAA's challenge-format change over the same seasons, and it reads as more than that difference only if the two series share one trend. This assumption is strong: different umpire populations, different parks, different Hawk-Eye installations, and a machine-set zone in AAA. Placebo P1 failed, so the DiD is reported as the measured difference only (DEV-89).","2023: all 2,224 Final games; 2024: 696 of 2,232 Final games, complete through 2024-05-18; 2025: all 2,232 Final games"
"pre-trend","2023_to_2024","top_in","in","binned","all_on_disk","FALSE","0.942547","0.775038","1.137142","FALSE","fail","interval excludes 0: the DiD is reported as descriptive","0.430579","0.354139","0.515160","-0.511968","-0.691409","-0.374257","1000","2023 977, 2024 350","2023 2023-04-28 to 2023-09-24; 2024 2024-03-29 to 2024-05-19","Pre-trend test (SOP W3.20): the AAA-versus-MLB 2023 to 2024 coefficient must have a 95% interval containing 0, or the DiD is reported as descriptive.","The DiD is a supporting arm, not the identification.","Parallel trends, stated explicitly: the DiD is MLB's 2024 to 2025 called-zone change minus AAA's challenge-format change over the same seasons, and it reads as more than that difference only if the two series share one trend. This assumption is strong: different umpire populations, different parks, different Hawk-Eye installations, and a machine-set zone in AAA. Placebo P1 failed, so the DiD is reported as the measured difference only (DEV-89).","2023: all 2,224 Final games; 2024: 696 of 2,232 Final games, complete through 2024-05-18; 2025: all 2,232 Final games"
"pre-trend","2023_to_2024","bot_in","in","binned","all_on_disk","FALSE","0.199773","0.055329","0.346299","FALSE","fail","interval excludes 0: the DiD is reported as descriptive","0.141070","0.100033","0.183346","-0.058704","-0.203630","0.081366","1000","2023 977, 2024 350","2023 2023-04-28 to 2023-09-24; 2024 2024-03-29 to 2024-05-19","Pre-trend test (SOP W3.20): the AAA-versus-MLB 2023 to 2024 coefficient must have a 95% interval containing 0, or the DiD is reported as descriptive.","The DiD is a supporting arm, not the identification.","Parallel trends, stated explicitly: the DiD is MLB's 2024 to 2025 called-zone change minus AAA's challenge-format change over the same seasons, and it reads as more than that difference only if the two series share one trend. This assumption is strong: different umpire populations, different parks, different Hawk-Eye installations, and a machine-set zone in AAA. Placebo P1 failed, so the DiD is reported as the measured difference only (DEV-89).","2023: all 2,224 Final games; 2024: 696 of 2,232 Final games, complete through 2024-05-18; 2025: all 2,232 Final games"
"pre-trend","2023_to_2024","half_width_in","in","binned","all_on_disk","FALSE","0.115112","0.035729","0.190676","FALSE","fail","interval excludes 0: the DiD is reported as descriptive","0.142633","0.114496","0.171047","0.027521","-0.041510","0.100640","1000","2023 977, 2024 350","2023 2023-04-28 to 2023-09-24; 2024 2024-03-29 to 2024-05-19","Pre-trend test (SOP W3.20): the AAA-versus-MLB 2023 to 2024 coefficient must have a 95% interval containing 0, or the DiD is reported as descriptive.","The DiD is a supporting arm, not the identification.","Parallel trends, stated explicitly: the DiD is MLB's 2024 to 2025 called-zone change minus AAA's challenge-format change over the same seasons, and it reads as more than that difference only if the two series share one trend. This assumption is strong: different umpire populations, different parks, different Hawk-Eye installations, and a machine-set zone in AAA. Placebo P1 failed, so the DiD is reported as the measured difference only (DEV-89).","2023: all 2,224 Final games; 2024: 696 of 2,232 Final games, complete through 2024-05-18; 2025: all 2,232 Final games"
"pre-trend","2023_to_2024","area_sqin","sq in","binned","all_on_disk","FALSE","20.870977","14.979218","26.913566","FALSE","fail","interval excludes 0: the DiD is reported as descriptive","12.865799","10.371669","15.364207","-8.005178","-13.711830","-2.494993","1000","2023 977, 2024 350","2023 2023-04-28 to 2023-09-24; 2024 2024-03-29 to 2024-05-19","Pre-trend test (SOP W3.20): the AAA-versus-MLB 2023 to 2024 coefficient must have a 95% interval containing 0, or the DiD is reported as descriptive.","The DiD is a supporting arm, not the identification.","Parallel trends, stated explicitly: the DiD is MLB's 2024 to 2025 called-zone change minus AAA's challenge-format change over the same seasons, and it reads as more than that difference only if the two series share one trend. This assumption is strong: different umpire populations, different parks, different Hawk-Eye installations, and a machine-set zone in AAA. Placebo P1 failed, so the DiD is reported as the measured difference only (DEV-89).","2023: all 2,224 Final games; 2024: 696 of 2,232 Final games, complete through 2024-05-18; 2025: all 2,232 Final games"
"pre-trend","2023_to_2024","top_in","in","main","window","FALSE","0.734814","0.532528","0.990659","FALSE","fail","interval excludes 0: the DiD is reported as descriptive","0.473488","0.370973","0.571872","-0.261326","-0.501827","-0.081545","1000","2023 134, 2024 133","2023 2023-04-28 to 2023-05-14; 2024 2024-04-28 to 2024-05-18","Pre-trend test (SOP W3.20): the AAA-versus-MLB 2023 to 2024 coefficient must have a 95% interval containing 0, or the DiD is reported as descriptive.","The DiD is a supporting arm, not the identification.","Parallel trends, stated explicitly: the DiD is MLB's 2024 to 2025 called-zone change minus AAA's challenge-format change over the same seasons, and it reads as more than that difference only if the two series share one trend. This assumption is strong: different umpire populations, different parks, different Hawk-Eye installations, and a machine-set zone in AAA. Placebo P1 failed, so the DiD is reported as the measured difference only (DEV-89).","2023: all 2,224 Final games; 2024: 696 of 2,232 Final games, complete through 2024-05-18; 2025: all 2,232 Final games"
"pre-trend","2023_to_2024","bot_in","in","main","window","FALSE","0.128702","-0.174102","0.428898","TRUE","pass","interval contains 0: the pre-trend test passes","0.159096","0.081039","0.244607","0.030394","-0.264138","0.315051","1000","2023 134, 2024 133","2023 2023-04-28 to 2023-05-14; 2024 2024-04-28 to 2024-05-18","Pre-trend test (SOP W3.20): the AAA-versus-MLB 2023 to 2024 coefficient must have a 95% interval containing 0, or the DiD is reported as descriptive.","The DiD is a supporting arm, not the identification.","Parallel trends, stated explicitly: the DiD is MLB's 2024 to 2025 called-zone change minus AAA's challenge-format change over the same seasons, and it reads as more than that difference only if the two series share one trend. This assumption is strong: different umpire populations, different parks, different Hawk-Eye installations, and a machine-set zone in AAA. Placebo P1 failed, so the DiD is reported as the measured difference only (DEV-89).","2023: all 2,224 Final games; 2024: 696 of 2,232 Final games, complete through 2024-05-18; 2025: all 2,232 Final games"
"pre-trend","2023_to_2024","half_width_in","in","main","window","FALSE","0.074874","-0.105545","0.257495","TRUE","pass","interval contains 0: the pre-trend test passes","0.118767","0.060594","0.176976","0.043893","-0.125654","0.223628","1000","2023 134, 2024 133","2023 2023-04-28 to 2023-05-14; 2024 2024-04-28 to 2024-05-18","Pre-trend test (SOP W3.20): the AAA-versus-MLB 2023 to 2024 coefficient must have a 95% interval containing 0, or the DiD is reported as descriptive.","The DiD is a supporting arm, not the identification.","Parallel trends, stated explicitly: the DiD is MLB's 2024 to 2025 called-zone change minus AAA's challenge-format change over the same seasons, and it reads as more than that difference only if the two series share one trend. This assumption is strong: different umpire populations, different parks, different Hawk-Eye installations, and a machine-set zone in AAA. Placebo P1 failed, so the DiD is reported as the measured difference only (DEV-89).","2023: all 2,224 Final games; 2024: 696 of 2,232 Final games, complete through 2024-05-18; 2025: all 2,232 Final games"
"pre-trend","2023_to_2024","area_sqin","sq in","main","window","FALSE","14.736256","3.067738","26.179402","FALSE","fail","interval excludes 0: the DiD is reported as descriptive","10.786347","7.132207","14.436080","-3.949908","-14.786297","6.639301","1000","2023 134, 2024 133","2023 2023-04-28 to 2023-05-14; 2024 2024-04-28 to 2024-05-18","Pre-trend test (SOP W3.20): the AAA-versus-MLB 2023 to 2024 coefficient must have a 95% interval containing 0, or the DiD is reported as descriptive.","The DiD is a supporting arm, not the identification.","Parallel trends, stated explicitly: the DiD is MLB's 2024 to 2025 called-zone change minus AAA's challenge-format change over the same seasons, and it reads as more than that difference only if the two series share one trend. This assumption is strong: different umpire populations, different parks, different Hawk-Eye installations, and a machine-set zone in AAA. Placebo P1 failed, so the DiD is reported as the measured difference only (DEV-89).","2023: all 2,224 Final games; 2024: 696 of 2,232 Final games, complete through 2024-05-18; 2025: all 2,232 Final games"
"pre-trend","2023_to_2024","top_in","in","main","all_on_disk","FALSE","0.985455","0.814237","1.193830","FALSE","fail","interval excludes 0: the DiD is reported as descriptive","0.473488","0.370973","0.571872","-0.511968","-0.691409","-0.374257","1000","2023 977, 2024 350","2023 2023-04-28 to 2023-09-24; 2024 2024-03-29 to 2024-05-19","Pre-trend test (SOP W3.20): the AAA-versus-MLB 2023 to 2024 coefficient must have a 95% interval containing 0, or the DiD is reported as descriptive.","The DiD is a supporting arm, not the identification.","Parallel trends, stated explicitly: the DiD is MLB's 2024 to 2025 called-zone change minus AAA's challenge-format change over the same seasons, and it reads as more than that difference only if the two series share one trend. This assumption is strong: different umpire populations, different parks, different Hawk-Eye installations, and a machine-set zone in AAA. Placebo P1 failed, so the DiD is reported as the measured difference only (DEV-89).","2023: all 2,224 Final games; 2024: 696 of 2,232 Final games, complete through 2024-05-18; 2025: all 2,232 Final games"
"pre-trend","2023_to_2024","bot_in","in","main","all_on_disk","FALSE","0.217799","0.055152","0.382565","FALSE","fail","interval excludes 0: the DiD is reported as descriptive","0.159096","0.081039","0.244607","-0.058704","-0.203630","0.081366","1000","2023 977, 2024 350","2023 2023-04-28 to 2023-09-24; 2024 2024-03-29 to 2024-05-19","Pre-trend test (SOP W3.20): the AAA-versus-MLB 2023 to 2024 coefficient must have a 95% interval containing 0, or the DiD is reported as descriptive.","The DiD is a supporting arm, not the identification.","Parallel trends, stated explicitly: the DiD is MLB's 2024 to 2025 called-zone change minus AAA's challenge-format change over the same seasons, and it reads as more than that difference only if the two series share one trend. This assumption is strong: different umpire populations, different parks, different Hawk-Eye installations, and a machine-set zone in AAA. Placebo P1 failed, so the DiD is reported as the measured difference only (DEV-89).","2023: all 2,224 Final games; 2024: 696 of 2,232 Final games, complete through 2024-05-18; 2025: all 2,232 Final games"
"pre-trend","2023_to_2024","half_width_in","in","main","all_on_disk","FALSE","0.091247","-0.002784","0.182031","TRUE","pass","interval contains 0: the pre-trend test passes","0.118767","0.060594","0.176976","0.027521","-0.041510","0.100640","1000","2023 977, 2024 350","2023 2023-04-28 to 2023-09-24; 2024 2024-03-29 to 2024-05-19","Pre-trend test (SOP W3.20): the AAA-versus-MLB 2023 to 2024 coefficient must have a 95% interval containing 0, or the DiD is reported as descriptive.","The DiD is a supporting arm, not the identification.","Parallel trends, stated explicitly: the DiD is MLB's 2024 to 2025 called-zone change minus AAA's challenge-format change over the same seasons, and it reads as more than that difference only if the two series share one trend. This assumption is strong: different umpire populations, different parks, different Hawk-Eye installations, and a machine-set zone in AAA. Placebo P1 failed, so the DiD is reported as the measured difference only (DEV-89).","2023: all 2,224 Final games; 2024: 696 of 2,232 Final games, complete through 2024-05-18; 2025: all 2,232 Final games"
"pre-trend","2023_to_2024","area_sqin","sq in","main","all_on_disk","FALSE","18.791525","12.271212","25.172506","FALSE","fail","interval excludes 0: the DiD is reported as descriptive","10.786347","7.132207","14.436080","-8.005178","-13.711830","-2.494993","1000","2023 977, 2024 350","2023 2023-04-28 to 2023-09-24; 2024 2024-03-29 to 2024-05-19","Pre-trend test (SOP W3.20): the AAA-versus-MLB 2023 to 2024 coefficient must have a 95% interval containing 0, or the DiD is reported as descriptive.","The DiD is a supporting arm, not the identification.","Parallel trends, stated explicitly: the DiD is MLB's 2024 to 2025 called-zone change minus AAA's challenge-format change over the same seasons, and it reads as more than that difference only if the two series share one trend. This assumption is strong: different umpire populations, different parks, different Hawk-Eye installations, and a machine-set zone in AAA. Placebo P1 failed, so the DiD is reported as the measured difference only (DEV-89).","2023: all 2,224 Final games; 2024: 696 of 2,232 Final games, complete through 2024-05-18; 2025: all 2,232 Final games"
