"contrast","mlb_step","estimand","units","mlb_estimator","aaa_window","primary","point","lo95","hi95","mlb_change","mlb_change_lo95","mlb_change_hi95","aaa_change","aaa_change_lo95","aaa_change_hi95","n_draws","aaa_games","aaa_dates","pretrend_point","pretrend_lo95","pretrend_hi95","pretrend_verdict","reading","status","role","parallel_trends","sign","coverage"
"2024_to_2025","2025 grading-buffer cut","top_in","in","binned","window","FALSE","-0.209641","-0.402099","-0.053177","-0.075710","-0.131339","-0.021545","0.133931","-0.014904","0.319570","1000","2024 133, 2025 266","2024 2024-04-28 to 2024-05-18; 2025 2025-04-29 to 2025-05-18","0.691905","0.499095","0.938352","fail","descriptive: placebo P1 failed; the pre-trend 95% interval excludes 0","estimated","The DiD is a supporting arm, not the identification.","Parallel trends, stated explicitly: had the 2025 grading-buffer cut not happened, MLB's called zone would have changed from 2024 to 2025 as AAA's challenge-format called zone did. This assumption is strong: different umpire populations, different parks, different Hawk-Eye installations, and a machine-set zone in AAA.","MLB change minus AAA change; negative area: MLB's zone shrank more than AAA's","2023: all 2,224 Final games; 2024: 696 of 2,232 Final games, complete through 2024-05-18; 2025: all 2,232 Final games"
"2024_to_2025","2025 grading-buffer cut","bot_in","in","binned","window","FALSE","0.106679","-0.207484","0.314899","0.248863","0.204159","0.293288","0.142184","-0.063461","0.449503","1000","2024 133, 2025 266","2024 2024-04-28 to 2024-05-18; 2025 2025-04-29 to 2025-05-18","0.110676","-0.172199","0.412367","pass","descriptive: placebo P1 failed","estimated","The DiD is a supporting arm, not the identification.","Parallel trends, stated explicitly: had the 2025 grading-buffer cut not happened, MLB's called zone would have changed from 2024 to 2025 as AAA's challenge-format called zone did. This assumption is strong: different umpire populations, different parks, different Hawk-Eye installations, and a machine-set zone in AAA.","MLB change minus AAA change; negative area: MLB's zone shrank more than AAA's","2023: all 2,224 Final games; 2024: 696 of 2,232 Final games, complete through 2024-05-18; 2025: all 2,232 Final games"
"2024_to_2025","2025 grading-buffer cut","half_width_in","in","binned","window","FALSE","-0.256208","-0.393549","-0.091295","-0.462252","-0.504523","-0.423861","-0.206044","-0.367960","-0.071193","1000","2024 133, 2025 266","2024 2024-04-28 to 2024-05-18; 2025 2025-04-29 to 2025-05-18","0.098739","-0.080869","0.268406","pass","descriptive: placebo P1 failed","estimated","The DiD is a supporting arm, not the identification.","Parallel trends, stated explicitly: had the 2025 grading-buffer cut not happened, MLB's called zone would have changed from 2024 to 2025 as AAA's challenge-format called zone did. This assumption is strong: different umpire populations, different parks, different Hawk-Eye installations, and a machine-set zone in AAA.","MLB change minus AAA change; negative area: MLB's zone shrank more than AAA's","2023: all 2,224 Final games; 2024: 696 of 2,232 Final games, complete through 2024-05-18; 2025: all 2,232 Final games"
"2024_to_2025","2025 grading-buffer cut","area_sqin","sq in","binned","window","TRUE","-19.230776","-27.447991","-9.301936","-28.483340","-30.952253","-26.095963","-9.252564","-18.506471","-1.921738","1000","2024 133, 2025 266","2024 2024-04-28 to 2024-05-18; 2025 2025-04-29 to 2025-05-18","16.815708","5.577053","27.785078","fail","descriptive: placebo P1 failed; the pre-trend 95% interval excludes 0","estimated","The DiD is a supporting arm, not the identification.","Parallel trends, stated explicitly: had the 2025 grading-buffer cut not happened, MLB's called zone would have changed from 2024 to 2025 as AAA's challenge-format called zone did. This assumption is strong: different umpire populations, different parks, different Hawk-Eye installations, and a machine-set zone in AAA.","MLB change minus AAA change; negative area: MLB's zone shrank more than AAA's","2023: all 2,224 Final games; 2024: 696 of 2,232 Final games, complete through 2024-05-18; 2025: all 2,232 Final games"
"2024_to_2025","2025 grading-buffer cut","top_in","in","binned","all_on_disk","FALSE","-0.326920","-0.489185","-0.203482","-0.075710","-0.131339","-0.021545","0.251210","0.139555","0.399545","1000","2024 350, 2025 2222","2024 2024-03-29 to 2024-05-19; 2025 2025-03-28 to 2025-09-21","0.942547","0.775038","1.137142","fail","descriptive: placebo P1 failed; the pre-trend 95% interval excludes 0","estimated","The DiD is a supporting arm, not the identification.","Parallel trends, stated explicitly: had the 2025 grading-buffer cut not happened, MLB's called zone would have changed from 2024 to 2025 as AAA's challenge-format called zone did. This assumption is strong: different umpire populations, different parks, different Hawk-Eye installations, and a machine-set zone in AAA.","MLB change minus AAA change; negative area: MLB's zone shrank more than AAA's","2023: all 2,224 Final games; 2024: 696 of 2,232 Final games, complete through 2024-05-18; 2025: all 2,232 Final games"
"2024_to_2025","2025 grading-buffer cut","bot_in","in","binned","all_on_disk","FALSE","-0.012427","-0.177697","0.113682","0.248863","0.204159","0.293288","0.261290","0.138730","0.413669","1000","2024 350, 2025 2222","2024 2024-03-29 to 2024-05-19; 2025 2025-03-28 to 2025-09-21","0.199773","0.055329","0.346299","fail","descriptive: placebo P1 failed; the pre-trend 95% interval excludes 0","estimated","The DiD is a supporting arm, not the identification.","Parallel trends, stated explicitly: had the 2025 grading-buffer cut not happened, MLB's called zone would have changed from 2024 to 2025 as AAA's challenge-format called zone did. This assumption is strong: different umpire populations, different parks, different Hawk-Eye installations, and a machine-set zone in AAA.","MLB change minus AAA change; negative area: MLB's zone shrank more than AAA's","2023: all 2,224 Final games; 2024: 696 of 2,232 Final games, complete through 2024-05-18; 2025: all 2,232 Final games"
"2024_to_2025","2025 grading-buffer cut","half_width_in","in","binned","all_on_disk","FALSE","-0.256075","-0.336389","-0.172595","-0.462252","-0.504523","-0.423861","-0.206177","-0.277263","-0.135613","1000","2024 350, 2025 2222","2024 2024-03-29 to 2024-05-19; 2025 2025-03-28 to 2025-09-21","0.115112","0.035729","0.190676","fail","descriptive: placebo P1 failed; the pre-trend 95% interval excludes 0","estimated","The DiD is a supporting arm, not the identification.","Parallel trends, stated explicitly: had the 2025 grading-buffer cut not happened, MLB's called zone would have changed from 2024 to 2025 as AAA's challenge-format called zone did. This assumption is strong: different umpire populations, different parks, different Hawk-Eye installations, and a machine-set zone in AAA.","MLB change minus AAA change; negative area: MLB's zone shrank more than AAA's","2023: all 2,224 Final games; 2024: 696 of 2,232 Final games, complete through 2024-05-18; 2025: all 2,232 Final games"
"2024_to_2025","2025 grading-buffer cut","area_sqin","sq in","binned","all_on_disk","FALSE","-19.195200","-24.870125","-13.363228","-28.483340","-30.952253","-26.095963","-9.288140","-14.845283","-4.217946","1000","2024 350, 2025 2222","2024 2024-03-29 to 2024-05-19; 2025 2025-03-28 to 2025-09-21","20.870977","14.979218","26.913566","fail","descriptive: placebo P1 failed; the pre-trend 95% interval excludes 0","estimated","The DiD is a supporting arm, not the identification.","Parallel trends, stated explicitly: had the 2025 grading-buffer cut not happened, MLB's called zone would have changed from 2024 to 2025 as AAA's challenge-format called zone did. This assumption is strong: different umpire populations, different parks, different Hawk-Eye installations, and a machine-set zone in AAA.","MLB change minus AAA change; negative area: MLB's zone shrank more than AAA's","2023: all 2,224 Final games; 2024: 696 of 2,232 Final games, complete through 2024-05-18; 2025: all 2,232 Final games"
"2024_to_2025","2025 grading-buffer cut","top_in","in","main","window","FALSE","-0.182715","-0.384294","-0.000528","-0.048784","-0.154808","0.055418","0.133931","-0.014904","0.319570","1000","2024 133, 2025 266","2024 2024-04-28 to 2024-05-18; 2025 2025-04-29 to 2025-05-18","0.734814","0.532528","0.990659","fail","descriptive: placebo P1 failed; the pre-trend 95% interval excludes 0","estimated","The DiD is a supporting arm, not the identification.","Parallel trends, stated explicitly: had the 2025 grading-buffer cut not happened, MLB's called zone would have changed from 2024 to 2025 as AAA's challenge-format called zone did. This assumption is strong: different umpire populations, different parks, different Hawk-Eye installations, and a machine-set zone in AAA.","MLB change minus AAA change; negative area: MLB's zone shrank more than AAA's","2023: all 2,224 Final games; 2024: 696 of 2,232 Final games, complete through 2024-05-18; 2025: all 2,232 Final games"
"2024_to_2025","2025 grading-buffer cut","bot_in","in","main","window","FALSE","0.093115","-0.227632","0.308352","0.235299","0.154585","0.323064","0.142184","-0.063461","0.449503","1000","2024 133, 2025 266","2024 2024-04-28 to 2024-05-18; 2025 2025-04-29 to 2025-05-18","0.128702","-0.174102","0.428898","pass","descriptive: placebo P1 failed","estimated","The DiD is a supporting arm, not the identification.","Parallel trends, stated explicitly: had the 2025 grading-buffer cut not happened, MLB's called zone would have changed from 2024 to 2025 as AAA's challenge-format called zone did. This assumption is strong: different umpire populations, different parks, different Hawk-Eye installations, and a machine-set zone in AAA.","MLB change minus AAA change; negative area: MLB's zone shrank more than AAA's","2023: all 2,224 Final games; 2024: 696 of 2,232 Final games, complete through 2024-05-18; 2025: all 2,232 Final games"
"2024_to_2025","2025 grading-buffer cut","half_width_in","in","main","window","FALSE","-0.238574","-0.383111","-0.062632","-0.444618","-0.513899","-0.374512","-0.206044","-0.367960","-0.071193","1000","2024 133, 2025 266","2024 2024-04-28 to 2024-05-18; 2025 2025-04-29 to 2025-05-18","0.074874","-0.105545","0.257495","pass","descriptive: placebo P1 failed","estimated","The DiD is a supporting arm, not the identification.","Parallel trends, stated explicitly: had the 2025 grading-buffer cut not happened, MLB's called zone would have changed from 2024 to 2025 as AAA's challenge-format called zone did. This assumption is strong: different umpire populations, different parks, different Hawk-Eye installations, and a machine-set zone in AAA.","MLB change minus AAA change; negative area: MLB's zone shrank more than AAA's","2023: all 2,224 Final games; 2024: 696 of 2,232 Final games, complete through 2024-05-18; 2025: all 2,232 Final games"
"2024_to_2025","2025 grading-buffer cut","area_sqin","sq in","main","window","FALSE","-13.923912","-22.537069","-3.338214","-23.176476","-26.884998","-19.551382","-9.252564","-18.506471","-1.921738","1000","2024 133, 2025 266","2024 2024-04-28 to 2024-05-18; 2025 2025-04-29 to 2025-05-18","14.736256","3.067738","26.179402","fail","descriptive: placebo P1 failed; the pre-trend 95% interval excludes 0","estimated","The DiD is a supporting arm, not the identification.","Parallel trends, stated explicitly: had the 2025 grading-buffer cut not happened, MLB's called zone would have changed from 2024 to 2025 as AAA's challenge-format called zone did. This assumption is strong: different umpire populations, different parks, different Hawk-Eye installations, and a machine-set zone in AAA.","MLB change minus AAA change; negative area: MLB's zone shrank more than AAA's","2023: all 2,224 Final games; 2024: 696 of 2,232 Final games, complete through 2024-05-18; 2025: all 2,232 Final games"
"2024_to_2025","2025 grading-buffer cut","top_in","in","main","all_on_disk","FALSE","-0.299994","-0.488946","-0.152410","-0.048784","-0.154808","0.055418","0.251210","0.139555","0.399545","1000","2024 350, 2025 2222","2024 2024-03-29 to 2024-05-19; 2025 2025-03-28 to 2025-09-21","0.985455","0.814237","1.193830","fail","descriptive: placebo P1 failed; the pre-trend 95% interval excludes 0","estimated","The DiD is a supporting arm, not the identification.","Parallel trends, stated explicitly: had the 2025 grading-buffer cut not happened, MLB's called zone would have changed from 2024 to 2025 as AAA's challenge-format called zone did. This assumption is strong: different umpire populations, different parks, different Hawk-Eye installations, and a machine-set zone in AAA.","MLB change minus AAA change; negative area: MLB's zone shrank more than AAA's","2023: all 2,224 Final games; 2024: 696 of 2,232 Final games, complete through 2024-05-18; 2025: all 2,232 Final games"
"2024_to_2025","2025 grading-buffer cut","bot_in","in","main","all_on_disk","FALSE","-0.025991","-0.204897","0.119523","0.235299","0.154585","0.323064","0.261290","0.138730","0.413669","1000","2024 350, 2025 2222","2024 2024-03-29 to 2024-05-19; 2025 2025-03-28 to 2025-09-21","0.217799","0.055152","0.382565","fail","descriptive: placebo P1 failed; the pre-trend 95% interval excludes 0","estimated","The DiD is a supporting arm, not the identification.","Parallel trends, stated explicitly: had the 2025 grading-buffer cut not happened, MLB's called zone would have changed from 2024 to 2025 as AAA's challenge-format called zone did. This assumption is strong: different umpire populations, different parks, different Hawk-Eye installations, and a machine-set zone in AAA.","MLB change minus AAA change; negative area: MLB's zone shrank more than AAA's","2023: all 2,224 Final games; 2024: 696 of 2,232 Final games, complete through 2024-05-18; 2025: all 2,232 Final games"
"2024_to_2025","2025 grading-buffer cut","half_width_in","in","main","all_on_disk","FALSE","-0.238441","-0.334859","-0.140129","-0.444618","-0.513899","-0.374512","-0.206177","-0.277263","-0.135613","1000","2024 350, 2025 2222","2024 2024-03-29 to 2024-05-19; 2025 2025-03-28 to 2025-09-21","0.091247","-0.002784","0.182031","pass","descriptive: placebo P1 failed","estimated","The DiD is a supporting arm, not the identification.","Parallel trends, stated explicitly: had the 2025 grading-buffer cut not happened, MLB's called zone would have changed from 2024 to 2025 as AAA's challenge-format called zone did. This assumption is strong: different umpire populations, different parks, different Hawk-Eye installations, and a machine-set zone in AAA.","MLB change minus AAA change; negative area: MLB's zone shrank more than AAA's","2023: all 2,224 Final games; 2024: 696 of 2,232 Final games, complete through 2024-05-18; 2025: all 2,232 Final games"
"2024_to_2025","2025 grading-buffer cut","area_sqin","sq in","main","all_on_disk","FALSE","-13.888336","-20.467510","-7.307472","-23.176476","-26.884998","-19.551382","-9.288140","-14.845283","-4.217946","1000","2024 350, 2025 2222","2024 2024-03-29 to 2024-05-19; 2025 2025-03-28 to 2025-09-21","18.791525","12.271212","25.172506","fail","descriptive: placebo P1 failed; the pre-trend 95% interval excludes 0","estimated","The DiD is a supporting arm, not the identification.","Parallel trends, stated explicitly: had the 2025 grading-buffer cut not happened, MLB's called zone would have changed from 2024 to 2025 as AAA's challenge-format called zone did. This assumption is strong: different umpire populations, different parks, different Hawk-Eye installations, and a machine-set zone in AAA.","MLB change minus AAA change; negative area: MLB's zone shrank more than AAA's","2023: all 2,224 Final games; 2024: 696 of 2,232 Final games, complete through 2024-05-18; 2025: all 2,232 Final games"
"2025_to_2026","2026 challenge system","top_in","in","binned","window","FALSE","","","","","","","","","","0","","","","","","","not estimated","not estimated: no AAA 2026 feed is in the lake, and this phase makes no request","The DiD is a supporting arm, not the identification.","Parallel trends, stated explicitly: had the 2025 grading-buffer cut not happened, MLB's called zone would have changed from 2024 to 2025 as AAA's challenge-format called zone did. This assumption is strong: different umpire populations, different parks, different Hawk-Eye installations, and a machine-set zone in AAA.","MLB change minus AAA change; negative area: MLB's zone shrank more than AAA's","2023: all 2,224 Final games; 2024: 696 of 2,232 Final games, complete through 2024-05-18; 2025: all 2,232 Final games"
"2025_to_2026","2026 challenge system","bot_in","in","binned","window","FALSE","","","","","","","","","","0","","","","","","","not estimated","not estimated: no AAA 2026 feed is in the lake, and this phase makes no request","The DiD is a supporting arm, not the identification.","Parallel trends, stated explicitly: had the 2025 grading-buffer cut not happened, MLB's called zone would have changed from 2024 to 2025 as AAA's challenge-format called zone did. This assumption is strong: different umpire populations, different parks, different Hawk-Eye installations, and a machine-set zone in AAA.","MLB change minus AAA change; negative area: MLB's zone shrank more than AAA's","2023: all 2,224 Final games; 2024: 696 of 2,232 Final games, complete through 2024-05-18; 2025: all 2,232 Final games"
"2025_to_2026","2026 challenge system","half_width_in","in","binned","window","FALSE","","","","","","","","","","0","","","","","","","not estimated","not estimated: no AAA 2026 feed is in the lake, and this phase makes no request","The DiD is a supporting arm, not the identification.","Parallel trends, stated explicitly: had the 2025 grading-buffer cut not happened, MLB's called zone would have changed from 2024 to 2025 as AAA's challenge-format called zone did. This assumption is strong: different umpire populations, different parks, different Hawk-Eye installations, and a machine-set zone in AAA.","MLB change minus AAA change; negative area: MLB's zone shrank more than AAA's","2023: all 2,224 Final games; 2024: 696 of 2,232 Final games, complete through 2024-05-18; 2025: all 2,232 Final games"
"2025_to_2026","2026 challenge system","area_sqin","sq in","binned","window","FALSE","","","","","","","","","","0","","","","","","","not estimated","not estimated: no AAA 2026 feed is in the lake, and this phase makes no request","The DiD is a supporting arm, not the identification.","Parallel trends, stated explicitly: had the 2025 grading-buffer cut not happened, MLB's called zone would have changed from 2024 to 2025 as AAA's challenge-format called zone did. This assumption is strong: different umpire populations, different parks, different Hawk-Eye installations, and a machine-set zone in AAA.","MLB change minus AAA change; negative area: MLB's zone shrank more than AAA's","2023: all 2,224 Final games; 2024: 696 of 2,232 Final games, complete through 2024-05-18; 2025: all 2,232 Final games"
