"text","value","digits","suffix","source","key_col","key","column"
"100",100,0,"","SOP W3.19","","",""
"181",181,0,"","out/tables/ch1_framing_validity.csv","id","framing_a11:pooled_2022_2024:cnt","n"
"0.949",0.949258727132851,3,"","out/tables/ch1_framing_validity.csv","id","framing_a11:pooled_2022_2024:cnt","pearson_r"
"0.933",0.932513799176762,3,"","out/tables/ch1_framing_validity.csv","id","framing_a11:pooled_2022_2024:cnt","lo95"
"0.962",0.961930688319062,3,"","out/tables/ch1_framing_validity.csv","id","framing_a11:pooled_2022_2024:cnt","hi95"
"0.85",0.85,2,"","SOP W3.19","","",""
"1,829,610",1829610,0,"","out/ch1/tab/framing_sample.csv","season","all","called_pitches"
"0.426",0.425588765258047,3,"","out/ch1/tab/framing_centring.csv","id","season:2026:cnt_original","league_runs_per100"
"0.036",0.0359915960701117,3,"","out/ch1/tab/framing_sanity.csv","check","tango_00_ball","value"
"-0.041",-0.0408246476840942,3,"","out/ch1/tab/framing_sanity.csv","check","tango_00_strike","value"
"0.034",0.034,3,"","SOP W3.19","","",""
"-0.042",-0.042,3,"","SOP W3.19","","",""
"0.010",0.01,3,"","R/ch1/30_framing.R TANGO_TOL","","",""
"0.125",0.125,3,"","SOP W3.19","","",""
"1,000",1000,0,"","R/lib/ch1_fits.R N_DRAWS","","",""
"1.171",1.17061450415221,3,"","out/tables/ch1_framing_by_regime.csv","id","framing:pre_buffer:sd_signal_per100:cnt:original","point"
"0.978",0.978336422683437,3,"","out/tables/ch1_framing_by_regime.csv","id","framing:pre_buffer:sd_signal_per100:cnt:original","lo95"
"1.333",1.33294130080098,3,"","out/tables/ch1_framing_by_regime.csv","id","framing:pre_buffer:sd_signal_per100:cnt:original","hi95"
"0.945",0.945120779994328,3,"","out/tables/ch1_framing_by_regime.csv","id","framing:buffer_2025:sd_signal_per100:cnt:original","point"
"0.697",0.697155575667417,3,"","out/tables/ch1_framing_by_regime.csv","id","framing:buffer_2025:sd_signal_per100:cnt:original","lo95"
"1.162",1.16247897486901,3,"","out/tables/ch1_framing_by_regime.csv","id","framing:buffer_2025:sd_signal_per100:cnt:original","hi95"
"0.746",0.745892245064985,3,"","out/tables/ch1_framing_by_regime.csv","id","framing:abs_2026:sd_signal_per100:cnt:original","point"
"0.575",0.574929920733288,3,"","out/tables/ch1_framing_by_regime.csv","id","framing:abs_2026:sd_signal_per100:cnt:original","lo95"
"0.885",0.884900617354183,3,"","out/tables/ch1_framing_by_regime.csv","id","framing:abs_2026:sd_signal_per100:cnt:original","hi95"
"1.249",1.24899948998791,3,"","out/tables/ch1_framing_by_regime.csv","id","framing:pre_buffer:sd_raw_per100:cnt:original","point"
"1.032",1.03220399264537,3,"","out/tables/ch1_framing_by_regime.csv","id","framing:buffer_2025:sd_raw_per100:cnt:original","point"
"0.862",0.862270029302927,3,"","out/tables/ch1_framing_by_regime.csv","id","framing:abs_2026:sd_raw_per100:cnt:original","point"
"160",160,0,"","out/tables/ch1_framing_by_regime.csv","id","framing:pre_buffer:sd_signal_per100:cnt:original","n_qualified"
"50",50,0,"","out/tables/ch1_framing_by_regime.csv","id","framing:buffer_2025:sd_signal_per100:cnt:original","n_qualified"
"54",54,0,"","out/tables/ch1_framing_by_regime.csv","id","framing:abs_2026:sd_signal_per100:cnt:original","n_qualified"
"0.576",0.576173930085869,3,"","out/tables/ch1_framing_doolittle.csv","id","framing_doolittle:top30_2025:cnt","point"
"0.199",0.198956410737586,3,"","out/tables/ch1_framing_doolittle.csv","id","framing_doolittle:top30_2025:cnt","lo95"
"0.981",0.981268246435413,3,"","out/tables/ch1_framing_doolittle.csv","id","framing_doolittle:top30_2025:cnt","hi95"
"0.821",0.821042129924987,3,"","out/tables/ch1_framing_doolittle.csv","id","framing_doolittle:top30_2026_through_05-18:cnt","point"
"0.372",0.371771363903189,3,"","out/tables/ch1_framing_doolittle.csv","id","framing_doolittle:top30_2026_through_05-18:cnt","lo95"
"1.178",1.17805043923807,3,"","out/tables/ch1_framing_doolittle.csv","id","framing_doolittle:top30_2026_through_05-18:cnt","hi95"
"42.5%",42.499007166573,1,"%","out/tables/ch1_framing_doolittle.csv","id","framing_doolittle:change_pct_2026_through_05-18_vs_2025:cnt","point"
"-38.7%",-38.6639205191009,1,"%","out/tables/ch1_framing_doolittle.csv","id","framing_doolittle:change_pct_2026_through_05-18_vs_2025:cnt","lo95"
"316.3%",316.339953557266,1,"%","out/tables/ch1_framing_doolittle.csv","id","framing_doolittle:change_pct_2026_through_05-18_vs_2025:cnt","hi95"
"0.704",0.704,3,"","out/tables/ch1_framing_doolittle.csv","id","framing_doolittle:top30_2025:cnt","doolittle"
"0.565",0.565,3,"","out/tables/ch1_framing_doolittle.csv","id","framing_doolittle:top30_2026_through_05-18:cnt","doolittle"
"-19.7%",-19.7443181818182,1,"%","out/tables/ch1_framing_doolittle.csv","id","framing_doolittle:change_pct_2026_through_05-18_vs_2025:cnt","doolittle"
"0.645",0.644750119981059,3,"","out/tables/ch1_framing_doolittle.csv","id","framing_doolittle:top30_2026:cnt","point"
"0.372",0.371778845368771,3,"","out/tables/ch1_framing_doolittle.csv","id","framing_doolittle:top30_2026:cnt","lo95"
"0.844",0.844399527989309,3,"","out/tables/ch1_framing_doolittle.csv","id","framing_doolittle:top30_2026:cnt","hi95"
"0.85",0.853016383605743,2,"","out/tables/ch1_framing_by_regime.csv","id","framing:pre_buffer:reliability_sb:cnt:original","point"
"0.77",0.771134017439575,2,"","out/tables/ch1_framing_by_regime.csv","id","framing:pre_buffer:reliability_sb:cnt:original","lo95"
"0.89",0.893764754730869,2,"","out/tables/ch1_framing_by_regime.csv","id","framing:pre_buffer:reliability_sb:cnt:original","hi95"
"0.82",0.815043241149333,2,"","out/tables/ch1_framing_by_regime.csv","id","framing:buffer_2025:reliability_sb:cnt:original","point"
"0.67",0.674470811352938,2,"","out/tables/ch1_framing_by_regime.csv","id","framing:buffer_2025:reliability_sb:cnt:original","lo95"
"0.89",0.888867190629263,2,"","out/tables/ch1_framing_by_regime.csv","id","framing:buffer_2025:reliability_sb:cnt:original","hi95"
"0.56",0.558551934409265,2,"","out/tables/ch1_framing_by_regime.csv","id","framing:abs_2026:reliability_sb:cnt:original","point"
"0.32",0.318735426582216,2,"","out/tables/ch1_framing_by_regime.csv","id","framing:abs_2026:reliability_sb:cnt:original","lo95"
"0.71",0.70755468853423,2,"","out/tables/ch1_framing_by_regime.csv","id","framing:abs_2026:reliability_sb:cnt:original","hi95"
"-0.26",-0.256491306740068,2,"","out/tables/ch1_framing_reliability.csv","id","framing_rel:2026_minus_2025:cnt:original","point"
"-0.49",-0.486658705535911,2,"","out/tables/ch1_framing_reliability.csv","id","framing_rel:2026_minus_2025:cnt:original","lo95"
"-0.05",-0.0495064252776405,2,"","out/tables/ch1_framing_reliability.csv","id","framing_rel:2026_minus_2025:cnt:original","hi95"
"-0.25",-0.254721640921296,2,"","out/tables/ch1_framing_reliability.csv","id","framing_rel:delta_abs:cnt:original","point"
"-0.49",-0.492234550230638,2,"","out/tables/ch1_framing_reliability.csv","id","framing_rel:delta_abs:cnt:original","lo95"
"-0.03",-0.0269792508163962,2,"","out/tables/ch1_framing_reliability.csv","id","framing_rel:delta_abs:cnt:original","hi95"
"-0.101",-0.101360467469187,3,"","out/tables/ch1_framing_decomposition.csv","id","framing_decomp:sd_signal_per100:delta_buffer:cnt:original","point"
"-0.417",-0.417146445426313,3,"","out/tables/ch1_framing_decomposition.csv","id","framing_decomp:sd_signal_per100:delta_buffer:cnt:original","lo95"
"0.235",0.235277841749989,3,"","out/tables/ch1_framing_decomposition.csv","id","framing_decomp:sd_signal_per100:delta_buffer:cnt:original","hi95"
"-0.136",-0.136105579269101,3,"","out/tables/ch1_framing_decomposition.csv","id","framing_decomp:sd_signal_per100:delta_abs:cnt:original","point"
"-0.523",-0.522642799189823,3,"","out/tables/ch1_framing_decomposition.csv","id","framing_decomp:sd_signal_per100:delta_abs:cnt:original","lo95"
"0.230",0.229606399101264,3,"","out/tables/ch1_framing_decomposition.csv","id","framing_decomp:sd_signal_per100:delta_abs:cnt:original","hi95"
"-0.253",-0.253228819303112,3,"","out/tables/ch1_framing_decomposition.csv","id","framing_decomp:top30_mean_per100:delta_buffer:cnt:original","point"
"-0.815",-0.814546216489713,3,"","out/tables/ch1_framing_decomposition.csv","id","framing_decomp:top30_mean_per100:delta_buffer:cnt:original","lo95"
"0.328",0.327787719924362,3,"","out/tables/ch1_framing_decomposition.csv","id","framing_decomp:top30_mean_per100:delta_buffer:cnt:original","hi95"
"0.110",0.110013547641999,3,"","out/tables/ch1_framing_decomposition.csv","id","framing_decomp:top30_mean_per100:delta_abs:cnt:original","point"
"-0.483",-0.482581699761053,3,"","out/tables/ch1_framing_decomposition.csv","id","framing_decomp:top30_mean_per100:delta_abs:cnt:original","lo95"
"0.608",0.607546270265947,3,"","out/tables/ch1_framing_decomposition.csv","id","framing_decomp:top30_mean_per100:delta_abs:cnt:original","hi95"
"0.621",0.62111526323623,3,"","out/tables/ch1_framing_by_regime.csv","id","framing:abs_2026:sd_signal_per100:cnt:sis","point"
"0.475",0.474971859309502,3,"","out/tables/ch1_framing_by_regime.csv","id","framing:abs_2026:sd_signal_per100:cnt:sis","lo95"
"0.742",0.742350086854152,3,"","out/tables/ch1_framing_by_regime.csv","id","framing:abs_2026:sd_signal_per100:cnt:sis","hi95"
"0.72",0.724183243858855,2,"","out/tables/ch1_framing_by_regime.csv","id","framing:abs_2026:reliability_sb:cnt:sis","point"
"0.58",0.579741834206716,2,"","out/tables/ch1_framing_by_regime.csv","id","framing:abs_2026:reliability_sb:cnt:sis","lo95"
"0.82",0.8192520252459,2,"","out/tables/ch1_framing_by_regime.csv","id","framing:abs_2026:reliability_sb:cnt:sis","hi95"
"0.705",0.704724608208957,3,"","out/tables/ch1_framing_by_regime.csv","id","framing:abs_2026:sd_signal_per100:flat:original","point"
"0.550",0.549874425385864,3,"","out/tables/ch1_framing_by_regime.csv","id","framing:abs_2026:sd_signal_per100:flat:original","lo95"
"0.839",0.83946515677145,3,"","out/tables/ch1_framing_by_regime.csv","id","framing:abs_2026:sd_signal_per100:flat:original","hi95"
"1.000",0.99993530178093,3,"","out/ch1/tab/framing_arms.csv","id","band_surface_main:pooled","cor_with_compared"
"264",264,0,"","out/ch1/tab/framing_arms.csv","id","band_surface_main:pooled","n_qualified"
"1.000",0.999725679011376,3,"","out/ch1/tab/framing_arms.csv","id","p1_surface_abs_cohort:pooled","cor_with_compared"
