"variant","period","metric","share"
"cnt_original","2022","sd_raw_per100",1
"cnt_original","2022","sd_signal_per100",1
"cnt_original","2022","top30_mean_per100",1
"cnt_original","2022","mean_per100",1
"cnt_original","2022","split_half_r",1
"cnt_original","2022","reliability_sb",1
"cnt_original","2023","sd_raw_per100",1
"cnt_original","2023","sd_signal_per100",1
"cnt_original","2023","top30_mean_per100",1
"cnt_original","2023","mean_per100",1
"cnt_original","2023","split_half_r",1
"cnt_original","2023","reliability_sb",1
"cnt_original","2024","sd_raw_per100",1
"cnt_original","2024","sd_signal_per100",1
"cnt_original","2024","top30_mean_per100",1
"cnt_original","2024","mean_per100",1
"cnt_original","2024","split_half_r",1
"cnt_original","2024","reliability_sb",1
"cnt_original","2025","sd_raw_per100",1
"cnt_original","2025","sd_signal_per100",1
"cnt_original","2025","top30_mean_per100",1
"cnt_original","2025","mean_per100",1
"cnt_original","2025","split_half_r",1
"cnt_original","2025","reliability_sb",1
"cnt_original","2026","sd_raw_per100",1
"cnt_original","2026","sd_signal_per100",1
"cnt_original","2026","top30_mean_per100",1
"cnt_original","2026","mean_per100",1
"cnt_original","2026","split_half_r",1
"cnt_original","2026","reliability_sb",1
"cnt_original","2026_through_05-18","sd_raw_per100",1
"cnt_original","2026_through_05-18","sd_signal_per100",1
"cnt_original","2026_through_05-18","top30_mean_per100",1
"cnt_original","2026_through_05-18","mean_per100",1
"cnt_original","2026_through_05-18","split_half_r",1
"cnt_original","2026_through_05-18","reliability_sb",1
"flat_original","2022","sd_raw_per100",1
"flat_original","2022","sd_signal_per100",1
"flat_original","2022","top30_mean_per100",1
"flat_original","2022","mean_per100",1
"flat_original","2022","split_half_r",1
"flat_original","2022","reliability_sb",1
"flat_original","2023","sd_raw_per100",1
"flat_original","2023","sd_signal_per100",1
"flat_original","2023","top30_mean_per100",1
"flat_original","2023","mean_per100",1
"flat_original","2023","split_half_r",1
"flat_original","2023","reliability_sb",1
"flat_original","2024","sd_raw_per100",1
"flat_original","2024","sd_signal_per100",1
"flat_original","2024","top30_mean_per100",1
"flat_original","2024","mean_per100",1
"flat_original","2024","split_half_r",1
"flat_original","2024","reliability_sb",1
"flat_original","2025","sd_raw_per100",1
"flat_original","2025","sd_signal_per100",1
"flat_original","2025","top30_mean_per100",1
"flat_original","2025","mean_per100",1
"flat_original","2025","split_half_r",1
"flat_original","2025","reliability_sb",1
"flat_original","2026","sd_raw_per100",1
"flat_original","2026","sd_signal_per100",1
"flat_original","2026","top30_mean_per100",1
"flat_original","2026","mean_per100",1
"flat_original","2026","split_half_r",1
"flat_original","2026","reliability_sb",1
"flat_original","2026_through_05-18","sd_raw_per100",1
"flat_original","2026_through_05-18","sd_signal_per100",1
"flat_original","2026_through_05-18","top30_mean_per100",1
"flat_original","2026_through_05-18","mean_per100",1
"flat_original","2026_through_05-18","split_half_r",1
"flat_original","2026_through_05-18","reliability_sb",1
"cnt_sis","2022","sd_raw_per100",1
"cnt_sis","2022","sd_signal_per100",1
"cnt_sis","2022","top30_mean_per100",1
"cnt_sis","2022","mean_per100",1
"cnt_sis","2022","split_half_r",1
"cnt_sis","2022","reliability_sb",1
"cnt_sis","2023","sd_raw_per100",1
"cnt_sis","2023","sd_signal_per100",1
"cnt_sis","2023","top30_mean_per100",1
"cnt_sis","2023","mean_per100",1
"cnt_sis","2023","split_half_r",1
"cnt_sis","2023","reliability_sb",1
"cnt_sis","2024","sd_raw_per100",1
"cnt_sis","2024","sd_signal_per100",1
"cnt_sis","2024","top30_mean_per100",1
"cnt_sis","2024","mean_per100",1
"cnt_sis","2024","split_half_r",1
"cnt_sis","2024","reliability_sb",1
"cnt_sis","2025","sd_raw_per100",1
"cnt_sis","2025","sd_signal_per100",1
"cnt_sis","2025","top30_mean_per100",1
"cnt_sis","2025","mean_per100",1
"cnt_sis","2025","split_half_r",1
"cnt_sis","2025","reliability_sb",1
"cnt_sis","2026","sd_raw_per100",1
"cnt_sis","2026","sd_signal_per100",1
"cnt_sis","2026","top30_mean_per100",1
"cnt_sis","2026","mean_per100",1
"cnt_sis","2026","split_half_r",1
"cnt_sis","2026","reliability_sb",1
"cnt_sis","2026_through_05-18","sd_raw_per100",1
"cnt_sis","2026_through_05-18","sd_signal_per100",1
"cnt_sis","2026_through_05-18","top30_mean_per100",1
"cnt_sis","2026_through_05-18","mean_per100",1
"cnt_sis","2026_through_05-18","split_half_r",1
"cnt_sis","2026_through_05-18","reliability_sb",1
"flat_sis","2022","sd_raw_per100",1
"flat_sis","2022","sd_signal_per100",1
"flat_sis","2022","top30_mean_per100",1
"flat_sis","2022","mean_per100",1
"flat_sis","2022","split_half_r",1
"flat_sis","2022","reliability_sb",1
"flat_sis","2023","sd_raw_per100",1
"flat_sis","2023","sd_signal_per100",1
"flat_sis","2023","top30_mean_per100",1
"flat_sis","2023","mean_per100",1
"flat_sis","2023","split_half_r",1
"flat_sis","2023","reliability_sb",1
"flat_sis","2024","sd_raw_per100",1
"flat_sis","2024","sd_signal_per100",1
"flat_sis","2024","top30_mean_per100",1
"flat_sis","2024","mean_per100",1
"flat_sis","2024","split_half_r",1
"flat_sis","2024","reliability_sb",1
"flat_sis","2025","sd_raw_per100",1
"flat_sis","2025","sd_signal_per100",1
"flat_sis","2025","top30_mean_per100",1
"flat_sis","2025","mean_per100",1
"flat_sis","2025","split_half_r",1
"flat_sis","2025","reliability_sb",1
"flat_sis","2026","sd_raw_per100",1
"flat_sis","2026","sd_signal_per100",1
"flat_sis","2026","top30_mean_per100",1
"flat_sis","2026","mean_per100",1
"flat_sis","2026","split_half_r",1
"flat_sis","2026","reliability_sb",1
"flat_sis","2026_through_05-18","sd_raw_per100",1
"flat_sis","2026_through_05-18","sd_signal_per100",1
"flat_sis","2026_through_05-18","top30_mean_per100",1
"flat_sis","2026_through_05-18","mean_per100",1
"flat_sis","2026_through_05-18","split_half_r",1
"flat_sis","2026_through_05-18","reliability_sb",1
