"fit","arm","sample","season","regime","estimand","units","point","lo95","hi95","lo90","hi90","n_draws","n_complete","estimator","n_rows_fit"
"main","primary","P0, roster + cohort-specific offset (D-P4-04)",2022,"pre_buffer","top_in","in",40.9571496442381,40.8651005255521,41.0486376927398,40.8809835367652,41.0352920468706,1000,1000,"bam, frozen specification (annex 2); 95% interval from 1,000 draws of N(beta, Vc); 2024 reference mix; 72-in batter",1153067
"main","primary","P0, roster + cohort-specific offset (D-P4-04)",2022,"pre_buffer","bot_in","in",16.6775990259716,16.6073030066914,16.7560940084389,16.6170625496924,16.74328428099,1000,1000,"bam, frozen specification (annex 2); 95% interval from 1,000 draws of N(beta, Vc); 2024 reference mix; 72-in batter",1153067
"main","primary","P0, roster + cohort-specific offset (D-P4-04)",2022,"pre_buffer","half_width_in","in",11.1250853838995,11.0544689882829,11.1874515163442,11.0652885774623,11.1787303266304,1000,1000,"bam, frozen specification (annex 2); 95% interval from 1,000 draws of N(beta, Vc); 2024 reference mix; 72-in batter",1153067
"main","primary","P0, roster + cohort-specific offset (D-P4-04)",2022,"pre_buffer","area_sqin","sq in",494.641598639206,490.38447945468,498.655537892861,491.067573282286,498.115432220837,1000,1000,"bam, frozen specification (annex 2); 95% interval from 1,000 draws of N(beta, Vc); 2024 reference mix; 72-in batter",1153067
"main","primary","P0, roster + cohort-specific offset (D-P4-04)",2022,"pre_buffer","shadow_rate","pct",59.0388884832182,58.391721297935,59.6657589565503,58.5188765227543,59.5627488931207,1000,1000,"bam, frozen specification (annex 2); 95% interval from 1,000 draws of N(beta, Vc); 2024 reference mix; 72-in batter",1153067
"main","primary","P0, roster + cohort-specific offset (D-P4-04)",2022,"pre_buffer","count_bias","pp",4.54542262991451,4.29895828510345,4.82036928718285,4.33746225154744,4.78407787550469,1000,1000,"bam, frozen specification (annex 2); 95% interval from 1,000 draws of N(beta, Vc); 2024 reference mix; 72-in batter",1153067
"main","primary","P0, roster + cohort-specific offset (D-P4-04)",2023,"pre_buffer","top_in","in",40.7623844070507,40.6657204938055,40.8535519064662,40.6784795374422,40.8375013026212,1000,1000,"bam, frozen specification (annex 2); 95% interval from 1,000 draws of N(beta, Vc); 2024 reference mix; 72-in batter",1153067
"main","primary","P0, roster + cohort-specific offset (D-P4-04)",2023,"pre_buffer","bot_in","in",16.6289455432939,16.5600400592953,16.7035400585321,16.5706064962448,16.6939304085214,1000,1000,"bam, frozen specification (annex 2); 95% interval from 1,000 draws of N(beta, Vc); 2024 reference mix; 72-in batter",1153067
"main","primary","P0, roster + cohort-specific offset (D-P4-04)",2023,"pre_buffer","half_width_in","in",10.941695808363,10.8700593955175,11.0006859863404,10.8818642080795,10.993778963897,1000,1000,"bam, frozen specification (annex 2); 95% interval from 1,000 draws of N(beta, Vc); 2024 reference mix; 72-in batter",1153067
"main","primary","P0, roster + cohort-specific offset (D-P4-04)",2023,"pre_buffer","area_sqin","sq in",484.309032220194,480.128223694652,488.0753700111,480.896040243406,487.381527774335,1000,1000,"bam, frozen specification (annex 2); 95% interval from 1,000 draws of N(beta, Vc); 2024 reference mix; 72-in batter",1153067
"main","primary","P0, roster + cohort-specific offset (D-P4-04)",2023,"pre_buffer","shadow_rate","pct",57.3274655049646,56.6971308647537,57.9293802495846,56.8100204398886,57.8207604108778,1000,1000,"bam, frozen specification (annex 2); 95% interval from 1,000 draws of N(beta, Vc); 2024 reference mix; 72-in batter",1153067
"main","primary","P0, roster + cohort-specific offset (D-P4-04)",2023,"pre_buffer","count_bias","pp",4.74650866688327,4.48438432034614,5.02346872431217,4.52337589248897,4.98579375652151,1000,1000,"bam, frozen specification (annex 2); 95% interval from 1,000 draws of N(beta, Vc); 2024 reference mix; 72-in batter",1153067
"main","primary","P0, roster + cohort-specific offset (D-P4-04)",2024,"pre_buffer","top_in","in",41.2358720155319,41.135874741213,41.3275274296221,41.1528539654832,41.3139776248142,1000,1000,"bam, frozen specification (annex 2); 95% interval from 1,000 draws of N(beta, Vc); 2024 reference mix; 72-in batter",1153067
"main","primary","P0, roster + cohort-specific offset (D-P4-04)",2024,"pre_buffer","bot_in","in",16.7880411914683,16.7197813975155,16.8631322183005,16.7280649486827,16.8503223668973,1000,1000,"bam, frozen specification (annex 2); 95% interval from 1,000 draws of N(beta, Vc); 2024 reference mix; 72-in batter",1153067
"main","primary","P0, roster + cohort-specific offset (D-P4-04)",2024,"pre_buffer","half_width_in","in",11.0604631658076,10.9912370207161,11.12573976627,11.0012100045003,11.1149803257054,1000,1000,"bam, frozen specification (annex 2); 95% interval from 1,000 draws of N(beta, Vc); 2024 reference mix; 72-in batter",1153067
"main","primary","P0, roster + cohort-specific offset (D-P4-04)",2024,"pre_buffer","area_sqin","sq in",495.095379572909,490.814981032057,499.120907599294,491.388058745977,498.426063227037,1000,1000,"bam, frozen specification (annex 2); 95% interval from 1,000 draws of N(beta, Vc); 2024 reference mix; 72-in batter",1153067
"main","primary","P0, roster + cohort-specific offset (D-P4-04)",2024,"pre_buffer","shadow_rate","pct",58.867943814745,58.2398125736549,59.4618637361017,58.3159486862349,59.3745239969522,1000,1000,"bam, frozen specification (annex 2); 95% interval from 1,000 draws of N(beta, Vc); 2024 reference mix; 72-in batter",1153067
"main","primary","P0, roster + cohort-specific offset (D-P4-04)",2024,"pre_buffer","count_bias","pp",4.50876087351409,4.26523281065264,4.77867607283205,4.29801647760601,4.7440247191035,1000,1000,"bam, frozen specification (annex 2); 95% interval from 1,000 draws of N(beta, Vc); 2024 reference mix; 72-in batter",1153067
"main","primary","P0, roster + cohort-specific offset (D-P4-04)",2025,"buffer_2025","top_in","in",41.1870881074834,41.0893446596712,41.280284076983,41.1090050244918,41.2652812362906,1000,1000,"bam, frozen specification (annex 2); 95% interval from 1,000 draws of N(beta, Vc); 2024 reference mix; 72-in batter",1153067
"main","primary","P0, roster + cohort-specific offset (D-P4-04)",2025,"buffer_2025","bot_in","in",17.0233401559305,16.9496192328114,17.0988023306226,16.9637147111264,17.0893318644281,1000,1000,"bam, frozen specification (annex 2); 95% interval from 1,000 draws of N(beta, Vc); 2024 reference mix; 72-in batter",1153067
"main","primary","P0, roster + cohort-specific offset (D-P4-04)",2025,"buffer_2025","half_width_in","in",10.6158451689125,10.5475746390709,10.6812413368375,10.5557731799789,10.6712860778456,1000,1000,"bam, frozen specification (annex 2); 95% interval from 1,000 draws of N(beta, Vc); 2024 reference mix; 72-in batter",1153067
"main","primary","P0, roster + cohort-specific offset (D-P4-04)",2025,"buffer_2025","area_sqin","sq in",471.918904060984,468.008368249086,475.722053906828,468.569059083484,475.168258304046,1000,1000,"bam, frozen specification (annex 2); 95% interval from 1,000 draws of N(beta, Vc); 2024 reference mix; 72-in batter",1153067
"main","primary","P0, roster + cohort-specific offset (D-P4-04)",2025,"buffer_2025","shadow_rate","pct",54.318928495256,53.7176520670407,54.9368107504993,53.800467938384,54.8433508105687,1000,1000,"bam, frozen specification (annex 2); 95% interval from 1,000 draws of N(beta, Vc); 2024 reference mix; 72-in batter",1153067
"main","primary","P0, roster + cohort-specific offset (D-P4-04)",2025,"buffer_2025","count_bias","pp",5.0322918450223,4.74639265873956,5.3311166985544,4.79772322401402,5.28268488897745,1000,1000,"bam, frozen specification (annex 2); 95% interval from 1,000 draws of N(beta, Vc); 2024 reference mix; 72-in batter",1153067
"main","primary","P0, roster + cohort-specific offset (D-P4-04)",2026,"abs_2026","top_in","in",40.6921833121008,40.5928663118606,40.7909424619069,40.6058446437316,40.7753216976605,1000,1000,"bam, frozen specification (annex 2); 95% interval from 1,000 draws of N(beta, Vc); 2024 reference mix; 72-in batter",1153067
"main","primary","P0, roster + cohort-specific offset (D-P4-04)",2026,"abs_2026","bot_in","in",17.7279061482442,17.6540439187618,17.8021939033253,17.6644824980392,17.7885262993619,1000,1000,"bam, frozen specification (annex 2); 95% interval from 1,000 draws of N(beta, Vc); 2024 reference mix; 72-in batter",1153067
"main","primary","P0, roster + cohort-specific offset (D-P4-04)",2026,"abs_2026","half_width_in","in",10.3376700971713,10.2707896541298,10.4043981032669,10.2823501077991,10.392586737075,1000,1000,"bam, frozen specification (annex 2); 95% interval from 1,000 draws of N(beta, Vc); 2024 reference mix; 72-in batter",1153067
"main","primary","P0, roster + cohort-specific offset (D-P4-04)",2026,"abs_2026","area_sqin","sq in",439.072873641492,435.25673165123,442.383231215663,435.932532885589,441.911355510729,1000,1000,"bam, frozen specification (annex 2); 95% interval from 1,000 draws of N(beta, Vc); 2024 reference mix; 72-in batter",1153067
"main","primary","P0, roster + cohort-specific offset (D-P4-04)",2026,"abs_2026","shadow_rate","pct",48.1828531879371,47.5470010108348,48.7479159684311,47.6745229400417,48.6673789839763,1000,1000,"bam, frozen specification (annex 2); 95% interval from 1,000 draws of N(beta, Vc); 2024 reference mix; 72-in batter",1153067
"main","primary","P0, roster + cohort-specific offset (D-P4-04)",2026,"abs_2026","count_bias","pp",5.73248736322258,5.42797841046855,6.04066309700977,5.48888618415638,5.99699232394583,1000,1000,"bam, frozen specification (annex 2); 95% interval from 1,000 draws of N(beta, Vc); 2024 reference mix; 72-in batter",1153067
"undersmooth","SENS-B1-UNDERSMOOTH","P0, roster + cohort-specific offset (D-P4-04)",2022,"pre_buffer","top_in","in",40.956958090028,40.8635694276027,41.0537264036867,40.8772502736272,41.0388095961664,1000,1000,"bam, frozen specification with the season by-term at k = 24, SENS-B1-UNDERSMOOTH (annex 8.7); 95% interval from 1,000 draws of N(beta, Vc); 2024 reference mix; 72-in batter",1153067
"undersmooth","SENS-B1-UNDERSMOOTH","P0, roster + cohort-specific offset (D-P4-04)",2023,"pre_buffer","top_in","in",40.7623411203197,40.6702920083408,40.8536135170754,40.6859020907851,40.8334986699607,1000,1000,"bam, frozen specification with the season by-term at k = 24, SENS-B1-UNDERSMOOTH (annex 8.7); 95% interval from 1,000 draws of N(beta, Vc); 2024 reference mix; 72-in batter",1153067
"undersmooth","SENS-B1-UNDERSMOOTH","P0, roster + cohort-specific offset (D-P4-04)",2024,"pre_buffer","top_in","in",41.2355343514577,41.1399971811185,41.3374292045198,41.1558182000703,41.3226923795739,1000,1000,"bam, frozen specification with the season by-term at k = 24, SENS-B1-UNDERSMOOTH (annex 8.7); 95% interval from 1,000 draws of N(beta, Vc); 2024 reference mix; 72-in batter",1153067
"undersmooth","SENS-B1-UNDERSMOOTH","P0, roster + cohort-specific offset (D-P4-04)",2025,"buffer_2025","top_in","in",41.1869795479011,41.0901558715338,41.2818415405691,41.1081692208545,41.2677419800125,1000,1000,"bam, frozen specification with the season by-term at k = 24, SENS-B1-UNDERSMOOTH (annex 8.7); 95% interval from 1,000 draws of N(beta, Vc); 2024 reference mix; 72-in batter",1153067
"undersmooth","SENS-B1-UNDERSMOOTH","P0, roster + cohort-specific offset (D-P4-04)",2026,"abs_2026","top_in","in",40.692351534423,40.5957481884787,40.7864539890455,40.6113458509355,40.7771189452446,1000,1000,"bam, frozen specification with the season by-term at k = 24, SENS-B1-UNDERSMOOTH (annex 8.7); 95% interval from 1,000 draws of N(beta, Vc); 2024 reference mix; 72-in batter",1153067
"abs_cohort","ABS-measured arm","P1, H_abs",2022,"pre_buffer","top_in","in",40.968382582271,40.8672353887394,41.069339952198,40.8849192869007,41.0528961671329,1000,1000,"bam, frozen specification (annex 2); 95% interval from 1,000 draws of N(beta, Vc); 2024 reference mix; 72-in batter",938015
"abs_cohort","ABS-measured arm","P1, H_abs",2022,"pre_buffer","bot_in","in",16.6498233975643,16.5696764416754,16.7319972576882,16.5826073518585,16.7165964485956,1000,1000,"bam, frozen specification (annex 2); 95% interval from 1,000 draws of N(beta, Vc); 2024 reference mix; 72-in batter",938015
"abs_cohort","ABS-measured arm","P1, H_abs",2022,"pre_buffer","half_width_in","in",11.139461527905,11.0725703407183,11.204448781813,11.0802519063502,11.1978233400078,1000,1000,"bam, frozen specification (annex 2); 95% interval from 1,000 draws of N(beta, Vc); 2024 reference mix; 72-in batter",938015
"abs_cohort","ABS-measured arm","P1, H_abs",2022,"pre_buffer","area_sqin","sq in",496.587204566374,492.443065272971,500.644798575639,493.104844125021,499.982224289317,1000,1000,"bam, frozen specification (annex 2); 95% interval from 1,000 draws of N(beta, Vc); 2024 reference mix; 72-in batter",938015
"abs_cohort","ABS-measured arm","P1, H_abs",2022,"pre_buffer","shadow_rate","pct",59.2701225474248,58.6095434779628,59.8817896608049,58.7235258312447,59.793291892124,1000,1000,"bam, frozen specification (annex 2); 95% interval from 1,000 draws of N(beta, Vc); 2024 reference mix; 72-in batter",938015
"abs_cohort","ABS-measured arm","P1, H_abs",2022,"pre_buffer","count_bias","pp",4.44866653683705,4.17455915820166,4.75958092334686,4.22049883640351,4.71256740801092,1000,1000,"bam, frozen specification (annex 2); 95% interval from 1,000 draws of N(beta, Vc); 2024 reference mix; 72-in batter",938015
"abs_cohort","ABS-measured arm","P1, H_abs",2023,"pre_buffer","top_in","in",40.7488125842998,40.6551381865221,40.8457972589201,40.6676525490503,40.8338204181288,1000,1000,"bam, frozen specification (annex 2); 95% interval from 1,000 draws of N(beta, Vc); 2024 reference mix; 72-in batter",938015
"abs_cohort","ABS-measured arm","P1, H_abs",2023,"pre_buffer","bot_in","in",16.6006680198918,16.5190697725033,16.6759220971707,16.5288141673678,16.6663482568108,1000,1000,"bam, frozen specification (annex 2); 95% interval from 1,000 draws of N(beta, Vc); 2024 reference mix; 72-in batter",938015
"abs_cohort","ABS-measured arm","P1, H_abs",2023,"pre_buffer","half_width_in","in",10.9592077655451,10.8893987762658,11.0256050522575,10.8994563607673,11.0134554940171,1000,1000,"bam, frozen specification (annex 2); 95% interval from 1,000 draws of N(beta, Vc); 2024 reference mix; 72-in batter",938015
"abs_cohort","ABS-measured arm","P1, H_abs",2023,"pre_buffer","area_sqin","sq in",485.183694715378,481.054970416245,489.223842849006,481.757406048851,488.53167223342,1000,1000,"bam, frozen specification (annex 2); 95% interval from 1,000 draws of N(beta, Vc); 2024 reference mix; 72-in batter",938015
"abs_cohort","ABS-measured arm","P1, H_abs",2023,"pre_buffer","shadow_rate","pct",57.4005450181559,56.7395831146979,58.0068700867293,56.8445941452117,57.8933180889564,1000,1000,"bam, frozen specification (annex 2); 95% interval from 1,000 draws of N(beta, Vc); 2024 reference mix; 72-in batter",938015
"abs_cohort","ABS-measured arm","P1, H_abs",2023,"pre_buffer","count_bias","pp",4.70144019621005,4.41742315159444,5.01949587127449,4.46679451368212,4.97187843027278,1000,1000,"bam, frozen specification (annex 2); 95% interval from 1,000 draws of N(beta, Vc); 2024 reference mix; 72-in batter",938015
"abs_cohort","ABS-measured arm","P1, H_abs",2024,"pre_buffer","top_in","in",41.2557927154827,41.1555743615048,41.3543941281046,41.1702954203389,41.3417280426706,1000,1000,"bam, frozen specification (annex 2); 95% interval from 1,000 draws of N(beta, Vc); 2024 reference mix; 72-in batter",938015
"abs_cohort","ABS-measured arm","P1, H_abs",2024,"pre_buffer","bot_in","in",16.7963273789469,16.7163894285314,16.8707174655021,16.7297532254219,16.859309126617,1000,1000,"bam, frozen specification (annex 2); 95% interval from 1,000 draws of N(beta, Vc); 2024 reference mix; 72-in batter",938015
"abs_cohort","ABS-measured arm","P1, H_abs",2024,"pre_buffer","half_width_in","in",11.0747934020396,11.0094644942726,11.1366176027142,11.0175675949798,11.1261924684689,1000,1000,"bam, frozen specification (annex 2); 95% interval from 1,000 draws of N(beta, Vc); 2024 reference mix; 72-in batter",938015
"abs_cohort","ABS-measured arm","P1, H_abs",2024,"pre_buffer","area_sqin","sq in",496.027836420067,491.994276297005,500.445700062489,492.731507887551,499.755460826045,1000,1000,"bam, frozen specification (annex 2); 95% interval from 1,000 draws of N(beta, Vc); 2024 reference mix; 72-in batter",938015
"abs_cohort","ABS-measured arm","P1, H_abs",2024,"pre_buffer","shadow_rate","pct",58.892513588786,58.2733443812134,59.4963366495181,58.3902211047384,59.4124895953188,1000,1000,"bam, frozen specification (annex 2); 95% interval from 1,000 draws of N(beta, Vc); 2024 reference mix; 72-in batter",938015
"abs_cohort","ABS-measured arm","P1, H_abs",2024,"pre_buffer","count_bias","pp",4.46619810589218,4.20136286244795,4.77119407820459,4.23906233163945,4.72897428756741,1000,1000,"bam, frozen specification (annex 2); 95% interval from 1,000 draws of N(beta, Vc); 2024 reference mix; 72-in batter",938015
"abs_cohort","ABS-measured arm","P1, H_abs",2025,"buffer_2025","top_in","in",41.1629833813655,41.0630297690825,41.2673409457657,41.0748899975748,41.2514667870559,1000,1000,"bam, frozen specification (annex 2); 95% interval from 1,000 draws of N(beta, Vc); 2024 reference mix; 72-in batter",938015
"abs_cohort","ABS-measured arm","P1, H_abs",2025,"buffer_2025","bot_in","in",17.0112644407929,16.9339547524973,17.0864383592259,16.9452828490185,17.0751767955386,1000,1000,"bam, frozen specification (annex 2); 95% interval from 1,000 draws of N(beta, Vc); 2024 reference mix; 72-in batter",938015
"abs_cohort","ABS-measured arm","P1, H_abs",2025,"buffer_2025","half_width_in","in",10.6287595737411,10.5634606414618,10.6970420265994,10.5738572175972,10.6860139360839,1000,1000,"bam, frozen specification (annex 2); 95% interval from 1,000 draws of N(beta, Vc); 2024 reference mix; 72-in batter",938015
"abs_cohort","ABS-measured arm","P1, H_abs",2025,"buffer_2025","area_sqin","sq in",471.933448473253,468.198442964489,475.961735475516,468.726714661998,475.398539155148,1000,1000,"bam, frozen specification (annex 2); 95% interval from 1,000 draws of N(beta, Vc); 2024 reference mix; 72-in batter",938015
"abs_cohort","ABS-measured arm","P1, H_abs",2025,"buffer_2025","shadow_rate","pct",54.2701364407294,53.6575327912712,54.8968485245194,53.7249116596491,54.807854214644,1000,1000,"bam, frozen specification (annex 2); 95% interval from 1,000 draws of N(beta, Vc); 2024 reference mix; 72-in batter",938015
"abs_cohort","ABS-measured arm","P1, H_abs",2025,"buffer_2025","count_bias","pp",4.99820818783567,4.69138959878682,5.32845868011033,4.74349838555074,5.2891855095545,1000,1000,"bam, frozen specification (annex 2); 95% interval from 1,000 draws of N(beta, Vc); 2024 reference mix; 72-in batter",938015
"abs_cohort","ABS-measured arm","P1, H_abs",2026,"abs_2026","top_in","in",40.6874853293862,40.5913869305363,40.7939908084189,40.6053978051801,40.7685128916181,1000,1000,"bam, frozen specification (annex 2); 95% interval from 1,000 draws of N(beta, Vc); 2024 reference mix; 72-in batter",938015
"abs_cohort","ABS-measured arm","P1, H_abs",2026,"abs_2026","bot_in","in",17.724879574551,17.6544047184875,17.7994371896535,17.6635899000624,17.7879147335625,1000,1000,"bam, frozen specification (annex 2); 95% interval from 1,000 draws of N(beta, Vc); 2024 reference mix; 72-in batter",938015
"abs_cohort","ABS-measured arm","P1, H_abs",2026,"abs_2026","half_width_in","in",10.3528208101546,10.2837095120877,10.4221785648647,10.2954112989992,10.4102179723084,1000,1000,"bam, frozen specification (annex 2); 95% interval from 1,000 draws of N(beta, Vc); 2024 reference mix; 72-in batter",938015
"abs_cohort","ABS-measured arm","P1, H_abs",2026,"abs_2026","area_sqin","sq in",439.477347200045,435.989000091862,443.105022758764,436.542134311938,442.677166078205,1000,1000,"bam, frozen specification (annex 2); 95% interval from 1,000 draws of N(beta, Vc); 2024 reference mix; 72-in batter",938015
"abs_cohort","ABS-measured arm","P1, H_abs",2026,"abs_2026","shadow_rate","pct",48.1893593461333,47.5985198609717,48.7688862506451,47.7005777638236,48.673011511693,1000,1000,"bam, frozen specification (annex 2); 95% interval from 1,000 draws of N(beta, Vc); 2024 reference mix; 72-in batter",938015
"abs_cohort","ABS-measured arm","P1, H_abs",2026,"abs_2026","count_bias","pp",5.6604871017683,5.33172376070899,6.02568273384401,5.38221623981153,5.95858462165099,1000,1000,"bam, frozen specification (annex 2); 95% interval from 1,000 draws of N(beta, Vc); 2024 reference mix; 72-in batter",938015
"single_offset","SENS-HEIGHT-SINGLE","P0, roster + D-R0-02's one offset for every batter",2022,"pre_buffer","top_in","in",40.8698909917448,40.7772388620064,40.9573814767858,40.7883393950908,40.9456309717388,1000,1000,"bam, frozen specification (annex 2); 95% interval from 1,000 draws of N(beta, Vc); 2024 reference mix; 72-in batter",1153207
"single_offset","SENS-HEIGHT-SINGLE","P0, roster + D-R0-02's one offset for every batter",2022,"pre_buffer","bot_in","in",16.6451156932132,16.5772081903106,16.7190232912154,16.5866344643611,16.7083758445354,1000,1000,"bam, frozen specification (annex 2); 95% interval from 1,000 draws of N(beta, Vc); 2024 reference mix; 72-in batter",1153207
"single_offset","SENS-HEIGHT-SINGLE","P0, roster + D-R0-02's one offset for every batter",2022,"pre_buffer","half_width_in","in",11.120690503078,11.0490992684436,11.1867084308863,11.0632020403161,11.1766163643402,1000,1000,"bam, frozen specification (annex 2); 95% interval from 1,000 draws of N(beta, Vc); 2024 reference mix; 72-in batter",1153207
"single_offset","SENS-HEIGHT-SINGLE","P0, roster + D-R0-02's one offset for every batter",2022,"pre_buffer","area_sqin","sq in",493.560013985286,489.284561479253,497.543768538372,490.113727717912,496.947024840077,1000,1000,"bam, frozen specification (annex 2); 95% interval from 1,000 draws of N(beta, Vc); 2024 reference mix; 72-in batter",1153207
"single_offset","SENS-HEIGHT-SINGLE","P0, roster + D-R0-02's one offset for every batter",2022,"pre_buffer","shadow_rate","pct",58.965167028062,58.333264526208,59.5815208734761,58.4355315166183,59.4886394400555,1000,1000,"bam, frozen specification (annex 2); 95% interval from 1,000 draws of N(beta, Vc); 2024 reference mix; 72-in batter",1153207
"single_offset","SENS-HEIGHT-SINGLE","P0, roster + D-R0-02's one offset for every batter",2022,"pre_buffer","count_bias","pp",4.5739255505524,4.33871765046619,4.84010487209171,4.37069516664363,4.79544302161352,1000,1000,"bam, frozen specification (annex 2); 95% interval from 1,000 draws of N(beta, Vc); 2024 reference mix; 72-in batter",1153207
"single_offset","SENS-HEIGHT-SINGLE","P0, roster + D-R0-02's one offset for every batter",2023,"pre_buffer","top_in","in",40.7039196161135,40.6094442404476,40.7961052437329,40.6235094778787,40.7836668935008,1000,1000,"bam, frozen specification (annex 2); 95% interval from 1,000 draws of N(beta, Vc); 2024 reference mix; 72-in batter",1153207
"single_offset","SENS-HEIGHT-SINGLE","P0, roster + D-R0-02's one offset for every batter",2023,"pre_buffer","bot_in","in",16.6061213109262,16.5342381430545,16.6818307243369,16.5431879845272,16.6672463541465,1000,1000,"bam, frozen specification (annex 2); 95% interval from 1,000 draws of N(beta, Vc); 2024 reference mix; 72-in batter",1153207
"single_offset","SENS-HEIGHT-SINGLE","P0, roster + D-R0-02's one offset for every batter",2023,"pre_buffer","half_width_in","in",10.9397488542245,10.8704107044811,11.0031172846575,10.8820681544543,10.994260265756,1000,1000,"bam, frozen specification (annex 2); 95% interval from 1,000 draws of N(beta, Vc); 2024 reference mix; 72-in batter",1153207
"single_offset","SENS-HEIGHT-SINGLE","P0, roster + D-R0-02's one offset for every batter",2023,"pre_buffer","area_sqin","sq in",483.624507229695,479.46516113536,487.720466945156,480.169357742548,487.076582962289,1000,1000,"bam, frozen specification (annex 2); 95% interval from 1,000 draws of N(beta, Vc); 2024 reference mix; 72-in batter",1153207
"single_offset","SENS-HEIGHT-SINGLE","P0, roster + D-R0-02's one offset for every batter",2023,"pre_buffer","shadow_rate","pct",57.2887768477337,56.6551858873794,57.9155013164972,56.7567365579662,57.8023058601124,1000,1000,"bam, frozen specification (annex 2); 95% interval from 1,000 draws of N(beta, Vc); 2024 reference mix; 72-in batter",1153207
"single_offset","SENS-HEIGHT-SINGLE","P0, roster + D-R0-02's one offset for every batter",2023,"pre_buffer","count_bias","pp",4.76665483502028,4.51885020779577,5.04398340236922,4.54838466705001,5.00345562883432,1000,1000,"bam, frozen specification (annex 2); 95% interval from 1,000 draws of N(beta, Vc); 2024 reference mix; 72-in batter",1153207
"single_offset","SENS-HEIGHT-SINGLE","P0, roster + D-R0-02's one offset for every batter",2024,"pre_buffer","top_in","in",41.1986051930132,41.1028211188606,41.2950313700781,41.1173594375506,41.2802926338931,1000,1000,"bam, frozen specification (annex 2); 95% interval from 1,000 draws of N(beta, Vc); 2024 reference mix; 72-in batter",1153207
"single_offset","SENS-HEIGHT-SINGLE","P0, roster + D-R0-02's one offset for every batter",2024,"pre_buffer","bot_in","in",16.7734479103453,16.7050590574933,16.8466391903557,16.7147445933442,16.8354810796228,1000,1000,"bam, frozen specification (annex 2); 95% interval from 1,000 draws of N(beta, Vc); 2024 reference mix; 72-in batter",1153207
"single_offset","SENS-HEIGHT-SINGLE","P0, roster + D-R0-02's one offset for every batter",2024,"pre_buffer","half_width_in","in",11.0580344678342,10.9934539327885,11.1226594298093,11.0039819471862,11.1132118193861,1000,1000,"bam, frozen specification (annex 2); 95% interval from 1,000 draws of N(beta, Vc); 2024 reference mix; 72-in batter",1153207
"single_offset","SENS-HEIGHT-SINGLE","P0, roster + D-R0-02's one offset for every batter",2024,"pre_buffer","area_sqin","sq in",494.652067410174,490.739570967655,498.330979546493,491.470089106252,497.95461439086,1000,1000,"bam, frozen specification (annex 2); 95% interval from 1,000 draws of N(beta, Vc); 2024 reference mix; 72-in batter",1153207
"single_offset","SENS-HEIGHT-SINGLE","P0, roster + D-R0-02's one offset for every batter",2024,"pre_buffer","shadow_rate","pct",58.8541076812839,58.257987877378,59.4610798027077,58.3478906888857,59.3772709521692,1000,1000,"bam, frozen specification (annex 2); 95% interval from 1,000 draws of N(beta, Vc); 2024 reference mix; 72-in batter",1153207
"single_offset","SENS-HEIGHT-SINGLE","P0, roster + D-R0-02's one offset for every batter",2024,"pre_buffer","count_bias","pp",4.52590919526115,4.28486423010703,4.77003940866455,4.32113090199739,4.73521469815486,1000,1000,"bam, frozen specification (annex 2); 95% interval from 1,000 draws of N(beta, Vc); 2024 reference mix; 72-in batter",1153207
"single_offset","SENS-HEIGHT-SINGLE","P0, roster + D-R0-02's one offset for every batter",2025,"buffer_2025","top_in","in",41.1728945006013,41.0718104022965,41.2669729347762,41.0901339598765,41.253310420246,1000,1000,"bam, frozen specification (annex 2); 95% interval from 1,000 draws of N(beta, Vc); 2024 reference mix; 72-in batter",1153207
"single_offset","SENS-HEIGHT-SINGLE","P0, roster + D-R0-02's one offset for every batter",2025,"buffer_2025","bot_in","in",17.017522559232,16.9477077816412,17.0932002161494,16.9556150023729,17.0847685708814,1000,1000,"bam, frozen specification (annex 2); 95% interval from 1,000 draws of N(beta, Vc); 2024 reference mix; 72-in batter",1153207
"single_offset","SENS-HEIGHT-SINGLE","P0, roster + D-R0-02's one offset for every batter",2025,"buffer_2025","half_width_in","in",10.6143871226263,10.5492311201061,10.679397490829,10.5594449501223,10.668124802524,1000,1000,"bam, frozen specification (annex 2); 95% interval from 1,000 draws of N(beta, Vc); 2024 reference mix; 72-in batter",1153207
"single_offset","SENS-HEIGHT-SINGLE","P0, roster + D-R0-02's one offset for every batter",2025,"buffer_2025","area_sqin","sq in",471.773088175792,468.067484139169,475.308744742604,468.582814163209,474.853572338006,1000,1000,"bam, frozen specification (annex 2); 95% interval from 1,000 draws of N(beta, Vc); 2024 reference mix; 72-in batter",1153207
"single_offset","SENS-HEIGHT-SINGLE","P0, roster + D-R0-02's one offset for every batter",2025,"buffer_2025","shadow_rate","pct",54.3250275733663,53.706800859854,54.8966446462882,53.8022096968634,54.8182308359902,1000,1000,"bam, frozen specification (annex 2); 95% interval from 1,000 draws of N(beta, Vc); 2024 reference mix; 72-in batter",1153207
"single_offset","SENS-HEIGHT-SINGLE","P0, roster + D-R0-02's one offset for every batter",2025,"buffer_2025","count_bias","pp",5.04183525090552,4.78190789709044,5.31311483599984,4.81676257448991,5.27880082521927,1000,1000,"bam, frozen specification (annex 2); 95% interval from 1,000 draws of N(beta, Vc); 2024 reference mix; 72-in batter",1153207
"single_offset","SENS-HEIGHT-SINGLE","P0, roster + D-R0-02's one offset for every batter",2026,"abs_2026","top_in","in",40.6925292702695,40.5926791949262,40.7836683406045,40.6119979487476,40.769686536299,1000,1000,"bam, frozen specification (annex 2); 95% interval from 1,000 draws of N(beta, Vc); 2024 reference mix; 72-in batter",1153207
"single_offset","SENS-HEIGHT-SINGLE","P0, roster + D-R0-02's one offset for every batter",2026,"abs_2026","bot_in","in",17.7277327264602,17.6564894138682,17.7993850041744,17.6683765523307,17.7869628145671,1000,1000,"bam, frozen specification (annex 2); 95% interval from 1,000 draws of N(beta, Vc); 2024 reference mix; 72-in batter",1153207
"single_offset","SENS-HEIGHT-SINGLE","P0, roster + D-R0-02's one offset for every batter",2026,"abs_2026","half_width_in","in",10.3370203656159,10.2689772357277,10.3981554922084,10.2795880926476,10.3883305834194,1000,1000,"bam, frozen specification (annex 2); 95% interval from 1,000 draws of N(beta, Vc); 2024 reference mix; 72-in batter",1153207
"single_offset","SENS-HEIGHT-SINGLE","P0, roster + D-R0-02's one offset for every batter",2026,"abs_2026","area_sqin","sq in",439.096047960682,435.536785566994,442.21971448745,436.175513614777,441.793902130256,1000,1000,"bam, frozen specification (annex 2); 95% interval from 1,000 draws of N(beta, Vc); 2024 reference mix; 72-in batter",1153207
"single_offset","SENS-HEIGHT-SINGLE","P0, roster + D-R0-02's one offset for every batter",2026,"abs_2026","shadow_rate","pct",48.1997495067287,47.6000140826951,48.7271554158097,47.6907390037821,48.6403581624148,1000,1000,"bam, frozen specification (annex 2); 95% interval from 1,000 draws of N(beta, Vc); 2024 reference mix; 72-in batter",1153207
"single_offset","SENS-HEIGHT-SINGLE","P0, roster + D-R0-02's one offset for every batter",2026,"abs_2026","count_bias","pp",5.74121744573935,5.45355584443172,6.04967661096744,5.50240063295968,6.00402862178615,1000,1000,"bam, frozen specification (annex 2); 95% interval from 1,000 draws of N(beta, Vc); 2024 reference mix; 72-in batter",1153207
"panel","CH1-A14 balanced panel","balanced umpire panel of P0, roster + cohort-specific offset (D-P4-04)",2022,"pre_buffer","top_in","in",41.0191550847058,40.913382433227,41.1251385883712,40.931719759836,41.0990242741704,1000,1000,"bam, frozen specification (annex 2); 95% interval from 1,000 draws of N(beta, Vc); 2024 reference mix; 72-in batter",857364
"panel","CH1-A14 balanced panel","balanced umpire panel of P0, roster + cohort-specific offset (D-P4-04)",2022,"pre_buffer","bot_in","in",16.6252228400421,16.5392327536257,16.7084021268798,16.5537463855513,16.6900075625033,1000,1000,"bam, frozen specification (annex 2); 95% interval from 1,000 draws of N(beta, Vc); 2024 reference mix; 72-in batter",857364
"panel","CH1-A14 balanced panel","balanced umpire panel of P0, roster + cohort-specific offset (D-P4-04)",2022,"pre_buffer","half_width_in","in",11.0922570528518,11.0182612342128,11.168414981834,11.0309863975296,11.1533195974845,1000,1000,"bam, frozen specification (annex 2); 95% interval from 1,000 draws of N(beta, Vc); 2024 reference mix; 72-in batter",857364
"panel","CH1-A14 balanced panel","balanced umpire panel of P0, roster + cohort-specific offset (D-P4-04)",2022,"pre_buffer","area_sqin","sq in",496.664165008711,491.937455641481,501.592319319999,492.452820960934,500.889766223306,1000,1000,"bam, frozen specification (annex 2); 95% interval from 1,000 draws of N(beta, Vc); 2024 reference mix; 72-in batter",857364
"panel","CH1-A14 balanced panel","balanced umpire panel of P0, roster + cohort-specific offset (D-P4-04)",2022,"pre_buffer","shadow_rate","pct",59.2598928389055,58.4711535605211,60.0437321006136,58.604916472925,59.8972301406034,1000,1000,"bam, frozen specification (annex 2); 95% interval from 1,000 draws of N(beta, Vc); 2024 reference mix; 72-in batter",857364
"panel","CH1-A14 balanced panel","balanced umpire panel of P0, roster + cohort-specific offset (D-P4-04)",2022,"pre_buffer","count_bias","pp",4.62013461126853,4.33058341781809,4.92748657619254,4.38455486577065,4.88484768865416,1000,1000,"bam, frozen specification (annex 2); 95% interval from 1,000 draws of N(beta, Vc); 2024 reference mix; 72-in batter",857364
"panel","CH1-A14 balanced panel","balanced umpire panel of P0, roster + cohort-specific offset (D-P4-04)",2023,"pre_buffer","top_in","in",40.8081106274601,40.6993334013351,40.9175967331717,40.7218265276475,40.8989871432865,1000,1000,"bam, frozen specification (annex 2); 95% interval from 1,000 draws of N(beta, Vc); 2024 reference mix; 72-in batter",857364
"panel","CH1-A14 balanced panel","balanced umpire panel of P0, roster + cohort-specific offset (D-P4-04)",2023,"pre_buffer","bot_in","in",16.5659852996509,16.4851400602742,16.6470502475743,16.4946676559665,16.6364947380354,1000,1000,"bam, frozen specification (annex 2); 95% interval from 1,000 draws of N(beta, Vc); 2024 reference mix; 72-in batter",857364
"panel","CH1-A14 balanced panel","balanced umpire panel of P0, roster + cohort-specific offset (D-P4-04)",2023,"pre_buffer","half_width_in","in",10.9390529399829,10.8609426585971,11.0101473515629,10.874344171059,11.0013613445058,1000,1000,"bam, frozen specification (annex 2); 95% interval from 1,000 draws of N(beta, Vc); 2024 reference mix; 72-in batter",857364
"panel","CH1-A14 balanced panel","balanced umpire panel of P0, roster + cohort-specific offset (D-P4-04)",2023,"pre_buffer","area_sqin","sq in",486.650678052141,481.589216338231,491.576290176119,482.638916666897,490.906089620355,1000,1000,"bam, frozen specification (annex 2); 95% interval from 1,000 draws of N(beta, Vc); 2024 reference mix; 72-in batter",857364
"panel","CH1-A14 balanced panel","balanced umpire panel of P0, roster + cohort-specific offset (D-P4-04)",2023,"pre_buffer","shadow_rate","pct",57.6452364435622,56.8295561227659,58.3990442919146,56.9592277169592,58.2848356793655,1000,1000,"bam, frozen specification (annex 2); 95% interval from 1,000 draws of N(beta, Vc); 2024 reference mix; 72-in batter",857364
"panel","CH1-A14 balanced panel","balanced umpire panel of P0, roster + cohort-specific offset (D-P4-04)",2023,"pre_buffer","count_bias","pp",4.89443397264606,4.5948764007711,5.19011289971639,4.65496659415376,5.14654957956744,1000,1000,"bam, frozen specification (annex 2); 95% interval from 1,000 draws of N(beta, Vc); 2024 reference mix; 72-in batter",857364
"panel","CH1-A14 balanced panel","balanced umpire panel of P0, roster + cohort-specific offset (D-P4-04)",2024,"pre_buffer","top_in","in",41.1750009643981,41.0540894481758,41.2777870844201,41.0779152299043,41.2644653929192,1000,1000,"bam, frozen specification (annex 2); 95% interval from 1,000 draws of N(beta, Vc); 2024 reference mix; 72-in batter",857364
"panel","CH1-A14 balanced panel","balanced umpire panel of P0, roster + cohort-specific offset (D-P4-04)",2024,"pre_buffer","bot_in","in",16.7674551859669,16.6867166805083,16.8503909929455,16.6998710409076,16.8386827407103,1000,1000,"bam, frozen specification (annex 2); 95% interval from 1,000 draws of N(beta, Vc); 2024 reference mix; 72-in batter",857364
"panel","CH1-A14 balanced panel","balanced umpire panel of P0, roster + cohort-specific offset (D-P4-04)",2024,"pre_buffer","half_width_in","in",11.0329353466509,10.9532482646331,11.1018310828655,10.969254158624,11.0903775215755,1000,1000,"bam, frozen specification (annex 2); 95% interval from 1,000 draws of N(beta, Vc); 2024 reference mix; 72-in batter",857364
"panel","CH1-A14 balanced panel","balanced umpire panel of P0, roster + cohort-specific offset (D-P4-04)",2024,"pre_buffer","area_sqin","sq in",494.527296734431,489.169819751424,499.895625722009,490.457960491401,498.900251161066,1000,1000,"bam, frozen specification (annex 2); 95% interval from 1,000 draws of N(beta, Vc); 2024 reference mix; 72-in batter",857364
"panel","CH1-A14 balanced panel","balanced umpire panel of P0, roster + cohort-specific offset (D-P4-04)",2024,"pre_buffer","shadow_rate","pct",58.6899170376764,57.8631143552265,59.4947769338042,58.0158929135679,59.3480185671087,1000,1000,"bam, frozen specification (annex 2); 95% interval from 1,000 draws of N(beta, Vc); 2024 reference mix; 72-in batter",857364
"panel","CH1-A14 balanced panel","balanced umpire panel of P0, roster + cohort-specific offset (D-P4-04)",2024,"pre_buffer","count_bias","pp",4.79208857191297,4.49950627565378,5.11923017169943,4.54163148519324,5.06077213327276,1000,1000,"bam, frozen specification (annex 2); 95% interval from 1,000 draws of N(beta, Vc); 2024 reference mix; 72-in batter",857364
"panel","CH1-A14 balanced panel","balanced umpire panel of P0, roster + cohort-specific offset (D-P4-04)",2025,"buffer_2025","top_in","in",41.2292542873439,41.1221307078306,41.3390297292211,41.1419665289005,41.3211325699072,1000,1000,"bam, frozen specification (annex 2); 95% interval from 1,000 draws of N(beta, Vc); 2024 reference mix; 72-in batter",857364
"panel","CH1-A14 balanced panel","balanced umpire panel of P0, roster + cohort-specific offset (D-P4-04)",2025,"buffer_2025","bot_in","in",16.97099437657,16.8832404471813,17.0545830040627,16.8962877491537,17.0418371354154,1000,1000,"bam, frozen specification (annex 2); 95% interval from 1,000 draws of N(beta, Vc); 2024 reference mix; 72-in batter",857364
"panel","CH1-A14 balanced panel","balanced umpire panel of P0, roster + cohort-specific offset (D-P4-04)",2025,"buffer_2025","half_width_in","in",10.641535343639,10.5708998977192,10.7119355809055,10.5805840662355,10.6982437465229,1000,1000,"bam, frozen specification (annex 2); 95% interval from 1,000 draws of N(beta, Vc); 2024 reference mix; 72-in batter",857364
"panel","CH1-A14 balanced panel","balanced umpire panel of P0, roster + cohort-specific offset (D-P4-04)",2025,"buffer_2025","area_sqin","sq in",473.05303784329,468.597394568464,477.886864651918,469.146457815522,477.088348205243,1000,1000,"bam, frozen specification (annex 2); 95% interval from 1,000 draws of N(beta, Vc); 2024 reference mix; 72-in batter",857364
"panel","CH1-A14 balanced panel","balanced umpire panel of P0, roster + cohort-specific offset (D-P4-04)",2025,"buffer_2025","shadow_rate","pct",54.5353556278736,53.7765363122624,55.2608948922319,53.8814677603282,55.1711097407036,1000,1000,"bam, frozen specification (annex 2); 95% interval from 1,000 draws of N(beta, Vc); 2024 reference mix; 72-in batter",857364
"panel","CH1-A14 balanced panel","balanced umpire panel of P0, roster + cohort-specific offset (D-P4-04)",2025,"buffer_2025","count_bias","pp",5.24976753890764,4.91697304720958,5.57427250259266,4.97548040788956,5.53271333999981,1000,1000,"bam, frozen specification (annex 2); 95% interval from 1,000 draws of N(beta, Vc); 2024 reference mix; 72-in batter",857364
"panel","CH1-A14 balanced panel","balanced umpire panel of P0, roster + cohort-specific offset (D-P4-04)",2026,"abs_2026","top_in","in",40.6511061783185,40.5416283196038,40.7707665135005,40.5581426363801,40.7477563209091,1000,1000,"bam, frozen specification (annex 2); 95% interval from 1,000 draws of N(beta, Vc); 2024 reference mix; 72-in batter",857364
"panel","CH1-A14 balanced panel","balanced umpire panel of P0, roster + cohort-specific offset (D-P4-04)",2026,"abs_2026","bot_in","in",17.6756689790393,17.5952689847982,17.7614107615679,17.6071691934731,17.7465141256833,1000,1000,"bam, frozen specification (annex 2); 95% interval from 1,000 draws of N(beta, Vc); 2024 reference mix; 72-in batter",857364
"panel","CH1-A14 balanced panel","balanced umpire panel of P0, roster + cohort-specific offset (D-P4-04)",2026,"abs_2026","half_width_in","in",10.3356876922379,10.2631100174577,10.4093020302902,10.2762470517688,10.3978237092156,1000,1000,"bam, frozen specification (annex 2); 95% interval from 1,000 draws of N(beta, Vc); 2024 reference mix; 72-in batter",857364
"panel","CH1-A14 balanced panel","balanced umpire panel of P0, roster + cohort-specific offset (D-P4-04)",2026,"abs_2026","area_sqin","sq in",438.053504408669,433.886798364711,442.271587689282,434.38810781454,441.671999484029,1000,1000,"bam, frozen specification (annex 2); 95% interval from 1,000 draws of N(beta, Vc); 2024 reference mix; 72-in batter",857364
"panel","CH1-A14 balanced panel","balanced umpire panel of P0, roster + cohort-specific offset (D-P4-04)",2026,"abs_2026","shadow_rate","pct",48.0399382454865,47.2910949122606,48.7747910790489,47.4144136939346,48.6559092424323,1000,1000,"bam, frozen specification (annex 2); 95% interval from 1,000 draws of N(beta, Vc); 2024 reference mix; 72-in batter",857364
"panel","CH1-A14 balanced panel","balanced umpire panel of P0, roster + cohort-specific offset (D-P4-04)",2026,"abs_2026","count_bias","pp",6.09014171624424,5.7179232623375,6.46116056188368,5.78336476436738,6.40285061434838,1000,1000,"bam, frozen specification (annex 2); 95% interval from 1,000 draws of N(beta, Vc); 2024 reference mix; 72-in batter",857364
"binned","CH1-A5 binned logistic","P0, roster + cohort-specific offset (D-P4-04)",2022,"pre_buffer","top_in","in",40.4802754916931,40.4218240828429,40.5375755615542,40.4355522279696,40.5288997437184,1000,1000,"binned logistic (annex 5), CH1-A5 secondary; interval from 1,000 draws of each edge glm's N(beta, vcov); 2024 count and stand mix",1153067
"binned","CH1-A5 binned logistic","P0, roster + cohort-specific offset (D-P4-04)",2022,"pre_buffer","bot_in","in",17.024324703181,16.9903902522799,17.060125578899,16.9954617262339,17.0552796131245,1000,1000,"binned logistic (annex 5), CH1-A5 secondary; interval from 1,000 draws of each edge glm's N(beta, vcov); 2024 count and stand mix",1153067
"binned","CH1-A5 binned logistic","P0, roster + cohort-specific offset (D-P4-04)",2022,"pre_buffer","half_width_in","in",10.7624662613342,10.733718253517,10.7894538402529,10.7386724655301,10.7856390158596,1000,1000,"binned logistic (annex 5), CH1-A5 secondary; interval from 1,000 draws of each edge glm's N(beta, vcov); 2024 count and stand mix",1153067
"binned","CH1-A5 binned logistic","P0, roster + cohort-specific offset (D-P4-04)",2022,"pre_buffer","area_sqin","sq in",504.887757977754,502.952857083212,506.858523491505,503.188070213955,506.548403594896,1000,1000,"binned logistic (annex 5), CH1-A5 secondary; interval from 1,000 draws of each edge glm's N(beta, vcov); 2024 count and stand mix",1153067
"binned","CH1-A5 binned logistic","P0, roster + cohort-specific offset (D-P4-04)",2023,"pre_buffer","top_in","in",40.2810987692704,40.2228492642656,40.3445393459395,40.2307970621689,40.3341799406955,1000,1000,"binned logistic (annex 5), CH1-A5 secondary; interval from 1,000 draws of each edge glm's N(beta, vcov); 2024 count and stand mix",1153067
"binned","CH1-A5 binned logistic","P0, roster + cohort-specific offset (D-P4-04)",2023,"pre_buffer","bot_in","in",16.9769972040775,16.9452741909064,17.0122858467221,16.9493684243104,17.0062824192899,1000,1000,"binned logistic (annex 5), CH1-A5 secondary; interval from 1,000 draws of each edge glm's N(beta, vcov); 2024 count and stand mix",1153067
"binned","CH1-A5 binned logistic","P0, roster + cohort-specific offset (D-P4-04)",2023,"pre_buffer","half_width_in","in",10.5961572653435,10.5707655410745,10.6226834182613,10.5740743006335,10.6189361387075,1000,1000,"binned logistic (annex 5), CH1-A5 secondary; interval from 1,000 draws of each edge glm's N(beta, vcov); 2024 count and stand mix",1153067
"binned","CH1-A5 binned logistic","P0, roster + cohort-specific offset (D-P4-04)",2023,"pre_buffer","area_sqin","sq in",493.867850224643,491.987000736559,495.93843760559,492.27659306596,495.621391067631,1000,1000,"binned logistic (annex 5), CH1-A5 secondary; interval from 1,000 draws of each edge glm's N(beta, vcov); 2024 count and stand mix",1153067
"binned","CH1-A5 binned logistic","P0, roster + cohort-specific offset (D-P4-04)",2024,"pre_buffer","top_in","in",40.7116777608618,40.6591164266193,40.7742398089909,40.6663281927127,40.7644619762107,1000,1000,"binned logistic (annex 5), CH1-A5 secondary; interval from 1,000 draws of each edge glm's N(beta, vcov); 2024 count and stand mix",1153067
"binned","CH1-A5 binned logistic","P0, roster + cohort-specific offset (D-P4-04)",2024,"pre_buffer","bot_in","in",17.1180671842053,17.0797280547307,17.1581833488066,17.0873683538095,17.1535306873723,1000,1000,"binned logistic (annex 5), CH1-A5 secondary; interval from 1,000 draws of each edge glm's N(beta, vcov); 2024 count and stand mix",1153067
"binned","CH1-A5 binned logistic","P0, roster + cohort-specific offset (D-P4-04)",2024,"pre_buffer","half_width_in","in",10.738789810352,10.7114047351192,10.7681710270432,10.7162272415884,10.7634968055897,1000,1000,"binned logistic (annex 5), CH1-A5 secondary; interval from 1,000 draws of each edge glm's N(beta, vcov); 2024 count and stand mix",1153067
"binned","CH1-A5 binned logistic","P0, roster + cohort-specific offset (D-P4-04)",2024,"pre_buffer","area_sqin","sq in",506.733649700022,504.840347996655,508.744779942436,505.057659834249,508.354214875327,1000,1000,"binned logistic (annex 5), CH1-A5 secondary; interval from 1,000 draws of each edge glm's N(beta, vcov); 2024 count and stand mix",1153067
"binned","CH1-A5 binned logistic","P0, roster + cohort-specific offset (D-P4-04)",2025,"buffer_2025","top_in","in",40.6359680131825,40.5887407647062,40.6969417744167,40.5949066699604,40.6830394117884,1000,1000,"binned logistic (annex 5), CH1-A5 secondary; interval from 1,000 draws of each edge glm's N(beta, vcov); 2024 count and stand mix",1153067
"binned","CH1-A5 binned logistic","P0, roster + cohort-specific offset (D-P4-04)",2025,"buffer_2025","bot_in","in",17.3669301200857,17.3251384130075,17.4081253267997,17.3326557239151,17.4015041569064,1000,1000,"binned logistic (annex 5), CH1-A5 secondary; interval from 1,000 draws of each edge glm's N(beta, vcov); 2024 count and stand mix",1153067
"binned","CH1-A5 binned logistic","P0, roster + cohort-specific offset (D-P4-04)",2025,"buffer_2025","half_width_in","in",10.2765381112648,10.247201707549,10.3043450412116,10.2518199141709,10.3008604635638,1000,1000,"binned logistic (annex 5), CH1-A5 secondary; interval from 1,000 draws of each edge glm's N(beta, vcov); 2024 count and stand mix",1153067
"binned","CH1-A5 binned logistic","P0, roster + cohort-specific offset (D-P4-04)",2025,"buffer_2025","area_sqin","sq in",478.250309441749,476.271258580935,480.196316065086,476.575533217733,479.884211891462,1000,1000,"binned logistic (annex 5), CH1-A5 secondary; interval from 1,000 draws of each edge glm's N(beta, vcov); 2024 count and stand mix",1153067
"binned","CH1-A5 binned logistic","P0, roster + cohort-specific offset (D-P4-04)",2026,"abs_2026","top_in","in",40.0228906236119,39.9654374293736,40.0822674821599,39.9791099912237,40.0737147707457,1000,1000,"binned logistic (annex 5), CH1-A5 secondary; interval from 1,000 draws of each edge glm's N(beta, vcov); 2024 count and stand mix",1153067
"binned","CH1-A5 binned logistic","P0, roster + cohort-specific offset (D-P4-04)",2026,"abs_2026","bot_in","in",18.0350512981068,17.9978000082323,18.0753329010597,18.0041265311653,18.0692808971727,1000,1000,"binned logistic (annex 5), CH1-A5 secondary; interval from 1,000 draws of each edge glm's N(beta, vcov); 2024 count and stand mix",1153067
"binned","CH1-A5 binned logistic","P0, roster + cohort-specific offset (D-P4-04)",2026,"abs_2026","half_width_in","in",9.97134669919422,9.94476811428121,9.99682388703426,9.9478584988252,9.99245079509108,1000,1000,"binned logistic (annex 5), CH1-A5 secondary; interval from 1,000 draws of each edge glm's N(beta, vcov); 2024 count and stand mix",1153067
"binned","CH1-A5 binned logistic","P0, roster + cohort-specific offset (D-P4-04)",2026,"abs_2026","area_sqin","sq in",438.496738161576,436.660697562786,440.38542578562,436.975210000164,440.084921323771,1000,1000,"binned logistic (annex 5), CH1-A5 secondary; interval from 1,000 draws of each edge glm's N(beta, vcov); 2024 count and stand mix",1153067
