"fit","arm","estimand","component","point","lo95","hi95","lo90","hi90","units","reported","n_draws","identity_residual","weights_2022_2023_2024","ci95_half_width","estimator","abs_cohort_point","abs_cohort_lo95","abs_cohort_hi95","sign_agrees_abs_cohort","single_offset_point","single_offset_lo95","single_offset_hi95","sign_agrees_single_offset","height_cohort_flag","height_cohort_flag_read_on","panel_point","panel_lo95","panel_hi95","panel_minus_primary","binned_point","binned_minus_bam","binned_inside_bam95","ch1_a5_tolerance","ch1_a5_within","undersmooth_point","undersmooth_lo95","undersmooth_hi95","undersmooth_minus_primary","recovery_disclosure"
"main","primary","top_in","g",0.134603062999804,0.0864051560148306,0.179677857748082,0.0953764062186435,0.173630710802116,"in per season",TRUE,1000,7.105427357601e-15,"0.3411;0.3449;0.3141",0.0466363508666257,"bam primary: P0, roster + cohort-specific offset; 95% percentile interval over 1000 joint draws of N(beta, Vc), W3.14",0.143225505981069,0.0897004265724037,0.199011622886105,,0.16082695127217,0.113571501147369,0.216578815075915,,"agree","area_sqin delta_buffer and delta_abs, ABS-measured arm against the primary",0.0705498510940166,0.0263322784441187,0.116533455904846,-0.0640532119057876,0.111023454279055,-0.0235796087207496,TRUE,,,0.136132605096437,0.0855559369480305,0.184969358209415,0.00152954209663289,"annex 8.7, D-R0-04: in the synthetic recovery the top edge's 95% interval covered the truth in 91 of 100 injected replicates (bound 93), and its null 90% interval lay inside +/-0.10 in in 44 of 50 (bound 47), so an equivalence reading of the top edge is underpowered"
"main","primary","top_in","delta_buffer",-0.183386971048307,-0.321007409298702,-0.0484866882402617,-0.28995964954056,-0.0734023294245248,"in",TRUE,1000,7.105427357601e-15,"0.3411;0.3449;0.3141",0.13626036052922,"bam primary: P0, roster + cohort-specific offset; 95% percentile interval over 1000 joint draws of N(beta, Vc), W3.14",-0.23603484009827,-0.376450088453283,-0.0872739718835087,TRUE,-0.186537643684069,-0.331240702217748,-0.0493524982778522,TRUE,"agree","area_sqin delta_buffer and delta_abs, ABS-measured arm against the primary",-0.0162965281482172,-0.156658633392604,0.129897743854088,0.16709044290009,-0.186733201958354,-0.00334623091004715,TRUE,0.15,TRUE,-0.184687408653033,-0.324496031987922,-0.0343540414424075,-0.00130043760472631,"annex 8.7, D-R0-04: in the synthetic recovery the top edge's 95% interval covered the truth in 91 of 100 injected replicates (bound 93), and its null 90% interval lay inside +/-0.10 in in 44 of 50 (bound 47), so an equivalence reading of the top edge is underpowered"
"main","primary","top_in","delta_abs",-0.629507858382397,-0.757709363312923,-0.504192135932619,-0.737303490814891,-0.52597627035208,"in",TRUE,1000,7.105427357601e-15,"0.3411;0.3449;0.3141",0.126758613690152,"bam primary: P0, roster + cohort-specific offset; 95% percentile interval over 1000 joint draws of N(beta, Vc), W3.14",-0.618723557960372,-0.743698071989462,-0.494093926252418,TRUE,-0.641192181603969,-0.770166099841268,-0.516941972211846,TRUE,"agree","area_sqin delta_buffer and delta_abs, ABS-measured arm against the primary",-0.648697960119414,-0.796801160154783,-0.50674587850129,-0.0191901017370171,-0.724100843849655,-0.0945929854672585,TRUE,0.15,TRUE,-0.630760618574541,-0.760665613577828,-0.498174781184074,-0.00125276019214482,"annex 8.7, D-R0-04: in the synthetic recovery the top edge's 95% interval covered the truth in 91 of 100 injected replicates (bound 93), and its null 90% interval lay inside +/-0.10 in in 44 of 50 (bound 47), so an equivalence reading of the top edge is underpowered"
"main","primary","top_in","delta_total",-0.543688703431101,-0.651996270566683,-0.430193448733566,-0.639260414946786,-0.45109415062716,"in",TRUE,1000,7.105427357601e-15,"0.3411;0.3449;0.3141",0.110901410916559,"bam primary: P0, roster + cohort-specific offset; 95% percentile interval over 1000 joint draws of N(beta, Vc), W3.14",-0.5683073860965,-0.689450421825216,-0.446357289335122,,-0.506075922743698,-0.623103382073523,-0.396484717752341,,"agree","area_sqin delta_buffer and delta_abs, ABS-measured arm against the primary",-0.523894786079602,-0.649417198313791,-0.391691381593088,0.0197939173514996,-0.688787137249896,-0.145098433818795,FALSE,,,-0.543182817034705,-0.65493980646207,-0.424847698419457,0.000505886396396704,"annex 8.7, D-R0-04: in the synthetic recovery the top edge's 95% interval covered the truth in 91 of 100 injected replicates (bound 93), and its null 90% interval lay inside +/-0.10 in in 44 of 50 (bound 47), so an equivalence reading of the top edge is underpowered"
"main","primary","top_in","sum_components",-0.812894829430704,-0.983842984940859,-0.63716549667698,-0.955330837893994,-0.664847989075611,"in",TRUE,1000,7.105427357601e-15,"0.3411;0.3449;0.3141",0.173338744131939,"bam primary: P0, roster + cohort-specific offset; 95% percentile interval over 1000 joint draws of N(beta, Vc), W3.14",-0.854758398058642,-1.05608821397332,-0.650109484400604,,-0.827729825288039,-1.03059341199476,-0.649632460909081,,"agree","area_sqin delta_buffer and delta_abs, ABS-measured arm against the primary",-0.664994488267631,-0.850713254282984,-0.4812620353156,0.147900341163073,-0.910834045808009,-0.0979392163773056,TRUE,,,-0.815448027227575,-0.995036874635996,-0.619827375590495,-0.00255319779687113,"annex 8.7, D-R0-04: in the synthetic recovery the top edge's 95% interval covered the truth in 91 of 100 injected replicates (bound 93), and its null 90% interval lay inside +/-0.10 in in 44 of 50 (bound 47), so an equivalence reading of the top edge is underpowered"
"main","primary","top_in","share_abs",0.77440258640009,0.651549565579719,0.923777334987737,0.67385096727312,0.898451803135935,"ratio",TRUE,1000,7.105427357601e-15,"0.3411;0.3449;0.3141",0.136113884704009,"bam primary: P0, roster + cohort-specific offset; 95% percentile interval over 1000 joint draws of N(beta, Vc), W3.14",0.723857828557917,0.604041690347024,0.872842030381935,,0.774639456033668,0.649171179322964,0.927515018772701,,"agree","area_sqin delta_buffer and delta_abs, ABS-measured arm against the primary",0.975493739518547,0.797199710586766,1.24554213303075,0.201091153118457,0.794986580905963,0.0205839945058739,TRUE,,,0.773514187923235,0.649923955265534,0.947461570926282,-0.000888398476854735,"annex 8.7, D-R0-04: in the synthetic recovery the top edge's 95% interval covered the truth in 91 of 100 injected replicates (bound 93), and its null 90% interval lay inside +/-0.10 in in 44 of 50 (bound 47), so an equivalence reading of the top edge is underpowered"
"main","primary","bot_in","g",0.0555985841565339,0.0161700317807036,0.0925438844128237,0.0254849588132574,0.0874914149975657,"in per season",TRUE,1000,3.5527136788005e-15,"0.3251;0.3428;0.3321",0.03818692631606,"bam primary: P0, roster + cohort-specific offset; 95% percentile interval over 1000 joint draws of N(beta, Vc), W3.14",0.0735262870269424,0.0312033297196734,0.114749581663993,,0.0644992024544973,0.026160406678315,0.101637498852487,,"agree","area_sqin delta_buffer and delta_abs, ABS-measured arm against the primary",0.0702594815787749,0.0359478754983662,0.104940233077243,0.014660897422241,0.0438857513228284,-0.0117128328337055,TRUE,,,,,,,""
"main","primary","bot_in","delta_buffer",0.179700380305668,0.0767631909846226,0.287209568825735,0.090956769628977,0.267939076239651,"in",TRUE,1000,3.5527136788005e-15,"0.3251;0.3428;0.3321",0.105223188920556,"bam primary: P0, roster + cohort-specific offset; 95% percentile interval over 1000 joint draws of N(beta, Vc), W3.14",0.141410774819057,0.0334129904358803,0.249949105978298,TRUE,0.179575446432199,0.0795355891013222,0.284155250647104,TRUE,"agree","area_sqin delta_buffer and delta_abs, ABS-measured arm against the primary",0.133279709024329,0.0241281608125481,0.237332610491689,-0.0464206712813393,0.204977184557571,0.0252768042519023,TRUE,0.15,TRUE,,,,,""
"main","primary","bot_in","delta_abs",0.648967408157166,0.554485562466021,0.743204939123051,0.571596849386061,0.731142867468335,"in",TRUE,1000,3.5527136788005e-15,"0.3251;0.3428;0.3321",0.094359688328515,"bam primary: P0, roster + cohort-specific offset; 95% percentile interval over 1000 joint draws of N(beta, Vc), W3.14",0.640088846731157,0.541264508430556,0.74528054565204,TRUE,0.645710964773702,0.553814307856766,0.744341102120401,TRUE,"agree","area_sqin delta_buffer and delta_abs, ABS-measured arm against the primary",0.634415120890527,0.533707530777432,0.73326331549989,-0.014552287266639,0.62423542669827,-0.0247319814588955,TRUE,0.15,TRUE,,,,,""
"main","primary","bot_in","delta_total",0.939864956775903,0.85342647029149,1.02698869655225,0.867177773719725,1.0092279573355,"in",TRUE,1000,3.5527136788005e-15,"0.3251;0.3428;0.3321",0.0867811131303781,"bam primary: P0, roster + cohort-specific offset; 95% percentile interval over 1000 joint draws of N(beta, Vc), W3.14",0.928552195604102,0.842730259388236,1.02276641577224,,0.9542848161149,0.864065089928685,1.03848184132752,,"agree","area_sqin delta_buffer and delta_abs, ABS-measured arm against the primary",0.908213793072402,0.816472026925472,1.00096284088827,-0.0316511637035006,0.916984113901499,-0.0228808428744038,TRUE,,,,,,,""
"main","primary","bot_in","sum_components",0.828667788462834,0.690073962081008,0.963125024219508,0.710383587560137,0.937888658780939,"in",TRUE,1000,3.5527136788005e-15,"0.3251;0.3428;0.3321",0.13652553106925,"bam primary: P0, roster + cohort-specific offset; 95% percentile interval over 1000 joint draws of N(beta, Vc), W3.14",0.781499621550214,0.636628746579865,0.92606603149404,,0.825286411205902,0.694369097797749,0.965506365588519,,"agree","area_sqin delta_buffer and delta_abs, ABS-measured arm against the primary",0.767694829914856,0.6334333816911,0.897042337832046,-0.0609729585479784,0.829212611255841,0.000544822793006716,TRUE,,,,,,,""
"main","primary","bot_in","share_abs",0.783145450073533,0.683259351873441,0.895864039005173,0.699824141330242,0.877772732359307,"ratio",TRUE,1000,3.5527136788005e-15,"0.3251;0.3428;0.3321",0.106302343565866,"bam primary: P0, roster + cohort-specific offset; 95% percentile interval over 1000 joint draws of N(beta, Vc), W3.14",0.819052023929904,0.716366451740518,0.9565502698864,,0.782408332436002,0.686609382196338,0.889826613787157,,"agree","area_sqin delta_buffer and delta_abs, ABS-measured arm against the primary",0.826389726971184,0.718121892841408,0.964610272397169,0.0432442768976501,0.752805032418486,-0.0303404176550479,TRUE,,,,,,,""
"main","primary","half_width_in","g",-0.0323876523898134,-0.0599380036554605,-0.006572138526789,-0.0567105129258842,-0.00926301849399422,"in per season",TRUE,1000,1.77635683940025e-15,"0.3331;0.3348;0.3321",0.0266829325643358,"bam primary: P0, roster + cohort-specific offset; 95% percentile interval over 1000 joint draws of N(beta, Vc), W3.14",-0.0313928145718661,-0.0631935140008463,-0.00321833848174284,,-0.0294647637967118,-0.0593207744755656,7.08888463806716e-05,,"agree","area_sqin delta_buffer and delta_abs, ABS-measured arm against the primary",-0.029204351891423,-0.0596448627847611,0.00215036993909741,0.00318330049839035,-0.0124010722615926,0.0199865801282207,TRUE,,,,,,,"annex 8.7, D-R0-04: in the synthetic recovery the half-width's null 90% interval covered zero in 42 of 50 replicates (bound 43)"
"main","primary","half_width_in","delta_buffer",-0.412230344505286,-0.494715651711566,-0.325737908954912,-0.482343834112364,-0.337633350957827,"in",TRUE,1000,1.77635683940025e-15,"0.3331;0.3348;0.3321",0.0844888713783266,"bam primary: P0, roster + cohort-specific offset; 95% percentile interval over 1000 joint draws of N(beta, Vc), W3.14",-0.414641013726634,-0.501662423177375,-0.322693031671387,TRUE,-0.41418258141119,-0.509440960335724,-0.330095613458096,TRUE,"agree","area_sqin delta_buffer and delta_abs, ABS-measured arm against the primary",-0.362195651120478,-0.443436419080877,-0.26984641592547,0.0500346933848075,-0.449850626825606,-0.0376202823203204,TRUE,0.15,TRUE,,,,,"annex 8.7, D-R0-04: in the synthetic recovery the half-width's null 90% interval covered zero in 42 of 50 replicates (bound 43)"
"main","primary","half_width_in","delta_abs",-0.245787419351387,-0.320535870010747,-0.160432844876458,-0.309610105379294,-0.173525064045291,"in",TRUE,1000,1.77635683940025e-15,"0.3331;0.3348;0.3321",0.0800515125671448,"bam primary: P0, roster + cohort-specific offset; 95% percentile interval over 1000 joint draws of N(beta, Vc), W3.14",-0.244545949014633,-0.319331712403054,-0.164708159101225,TRUE,-0.247901993213688,-0.33461811138835,-0.16599784336211,TRUE,"agree","area_sqin delta_buffer and delta_abs, ABS-measured arm against the primary",-0.276643299509676,-0.360990294338283,-0.196057150865027,-0.0308558801582883,-0.292790339808988,-0.0470029204576008,TRUE,0.15,TRUE,,,,,"annex 8.7, D-R0-04: in the synthetic recovery the half-width's null 90% interval covered zero in 42 of 50 replicates (bound 43)"
"main","primary","half_width_in","delta_total",-0.7227930686363,-0.796399322046127,-0.644858939401313,-0.782803017644896,-0.65825515074181,"in",TRUE,1000,1.77635683940025e-15,"0.3331;0.3348;0.3321",0.075770191322407,"bam primary: P0, roster + cohort-specific offset; 95% percentile interval over 1000 joint draws of N(beta, Vc), W3.14",-0.721972591884999,-0.795249612051649,-0.643580514813118,,-0.721014102218302,-0.80101828878653,-0.65044388768384,,"agree","area_sqin delta_buffer and delta_abs, ABS-measured arm against the primary",-0.697247654412999,-0.768190035631859,-0.617109068592276,0.0255454142233003,-0.76744311115778,-0.0446500425214804,TRUE,,,,,,,"annex 8.7, D-R0-04: in the synthetic recovery the half-width's null 90% interval covered zero in 42 of 50 replicates (bound 43)"
"main","primary","half_width_in","sum_components",-0.658017763856673,-0.763569066872088,-0.541821381100637,-0.747957170565749,-0.562954648081763,"in",TRUE,1000,1.77635683940025e-15,"0.3331;0.3348;0.3321",0.110873842885725,"bam primary: P0, roster + cohort-specific offset; 95% percentile interval over 1000 joint draws of N(beta, Vc), W3.14",-0.659186962741266,-0.763362392030029,-0.538664650561096,,-0.662084574624878,-0.785384524213401,-0.547501318446008,,"agree","area_sqin delta_buffer and delta_abs, ABS-measured arm against the primary",-0.638838950630154,-0.751244061899368,-0.518542268717566,0.0191788132265192,-0.742640966634594,-0.0846232027779212,TRUE,,,,,,,"annex 8.7, D-R0-04: in the synthetic recovery the half-width's null 90% interval covered zero in 42 of 50 replicates (bound 43)"
"main","primary","half_width_in","share_abs",0.373527027463234,0.268718822742451,0.464243413573813,0.287069778712381,0.452497641908721,"ratio",TRUE,1000,1.77635683940025e-15,"0.3331;0.3348;0.3321",0.0977622954156813,"bam primary: P0, roster + cohort-specific offset; 95% percentile interval over 1000 joint draws of N(beta, Vc), W3.14",0.370981167463741,0.277097536562054,0.459878966878359,,0.374426474675299,0.267533062610528,0.471157417858593,,"agree","area_sqin delta_buffer and delta_abs, ABS-measured arm against the primary",0.433040751877752,0.338744507278133,0.535868377237806,0.0595137244145176,0.394255572966595,0.0207285455033613,TRUE,,,,,,,"annex 8.7, D-R0-04: in the synthetic recovery the half-width's null 90% interval covered zero in 42 of 50 replicates (bound 43)"
"main","primary","area_sqin","g",0.255104039883034,-1.64745504479232,2.19964623228236,-1.39380228122388,1.80480744137076,"sq in per season",TRUE,1000,5.6843418860808e-14,"0.3186;0.3579;0.3234",1.92355063853734,"bam primary: P0, roster + cohort-specific offset; 95% percentile interval over 1000 joint draws of N(beta, Vc), W3.14",-0.254400547020986,-2.28893410965119,1.90745416577284,,0.699758916932096,-1.27124955574878,2.71756572440395,,"agree","area_sqin delta_buffer and delta_abs, ABS-measured arm against the primary",-1.18410099298381,-3.49327910821835,1.1802481246359,-1.43920503286684,0.970424518533024,0.71532047864999,TRUE,,,,,,,""
"main","primary","area_sqin","delta_buffer",-23.431579551808,-28.3180170876189,-18.5724894168008,-27.5982735205463,-19.1690223652116,"sq in",TRUE,1000,5.6843418860808e-14,"0.3186;0.3579;0.3234",4.87276383540903,"bam primary: P0, roster + cohort-specific offset; 95% percentile interval over 1000 joint draws of N(beta, Vc), W3.14",-23.839987399793,-29.3291380940688,-18.4002067972452,TRUE,-23.5787381513141,-28.8112186767914,-18.8770173882734,TRUE,"agree","area_sqin delta_buffer and delta_abs, ABS-measured arm against the primary",-20.2901578981572,-25.9735748363928,-13.9626189715662,3.14142165365081,-29.4537647768061,-6.02218522499805,FALSE,3,FALSE,,,,,""
"main","primary","area_sqin","delta_abs",-33.101134459375,-37.4559952260529,-28.740883241359,-36.6036431948538,-29.5865159016381,"sq in",TRUE,1000,5.6843418860808e-14,"0.3186;0.3579;0.3234",4.357555992347,"bam primary: P0, roster + cohort-specific offset; 95% percentile interval over 1000 joint draws of N(beta, Vc), W3.14",-32.201700726187,-36.7698796539122,-27.901587495131,TRUE,-33.3767991320421,-37.8433694430111,-29.4789116601727,TRUE,"agree","area_sqin delta_buffer and delta_abs, ABS-measured arm against the primary",-33.8154324416371,-38.578002911287,-28.7932701112788,-0.71429798226211,-40.723995798706,-7.622861339331,FALSE,3,FALSE,,,,,""
"main","primary","area_sqin","delta_total",-56.022505931417,-59.5682473944862,-51.9793814290132,-59.0016619439478,-52.7350051328725,"sq in",TRUE,1000,5.6843418860808e-14,"0.3186;0.3579;0.3234",3.79443298273652,"bam primary: P0, roster + cohort-specific offset; 95% percentile interval over 1000 joint draws of N(beta, Vc), W3.14",-56.550489220022,-60.2192616185127,-52.6254610816344,,-55.5560194494921,-59.4831034513898,-52.1703641398377,,"agree","area_sqin delta_buffer and delta_abs, ABS-measured arm against the primary",-56.473792325762,-60.9847524043252,-52.107603070687,-0.451286394344947,-68.236911538446,-12.214405607029,FALSE,,,,,,,""
"main","primary","area_sqin","sum_components",-56.532714011183,-62.7822406828654,-49.7466322542741,-61.6542288365162,-50.7145841852371,"sq in",TRUE,1000,5.6843418860808e-14,"0.3186;0.3579;0.3234",6.51780421429563,"bam primary: P0, roster + cohort-specific offset; 95% percentile interval over 1000 joint draws of N(beta, Vc), W3.14",-56.04168812598,-63.0319069940896,-48.923692218902,,-56.9555372833562,-63.8437047239328,-50.5789224604066,,"agree","area_sqin delta_buffer and delta_abs, ABS-measured arm against the primary",-54.1055903397943,-62.1033279303301,-46.1542015257217,2.4271236713887,-70.1777605755121,-13.645046564329,FALSE,,,,,,,""
"main","primary","area_sqin","share_abs",0.585521764492452,0.527039690903951,0.647026321106358,0.536981877173694,0.639281775785631,"ratio",TRUE,1000,5.6843418860808e-14,"0.3186;0.3579;0.3234",0.0599933151012035,"bam primary: P0, roster + cohort-specific offset; 95% percentile interval over 1000 joint draws of N(beta, Vc), W3.14",0.574602618211617,0.515413541387793,0.641262007143457,,0.586014999138558,0.52655217999345,0.642884314281123,,"agree","area_sqin delta_buffer and delta_abs, ABS-measured arm against the primary",0.624989621761249,0.557009166625657,0.710884000929297,0.0394678572687973,0.580297739123302,-0.00522402536915001,TRUE,,,,,,,""
"main","primary","shadow_rate","g",-0.0871879260852528,-0.406181917279844,0.240272039552293,-0.363733840630145,0.171630123673722,"pct per season",TRUE,1000,7.105427357601e-15,"0.3219;0.3581;0.3200",0.323226978416069,"bam primary: P0, roster + cohort-specific offset; 95% percentile interval over 1000 joint draws of N(beta, Vc), W3.14",-0.174656719206961,-0.517151550941804,0.178113387830782,,-0.0402223847483388,-0.366023154254783,0.295501367175164,,"agree","area_sqin delta_buffer and delta_abs, ABS-measured arm against the primary",-0.296839881698954,-0.677148921722273,0.0920518194472491,-0.209651955613701,,,,,,,,,,""
"main","primary","shadow_rate","delta_buffer",-4.46182739340374,-5.27694113113898,-3.63309561829487,-5.11875811192583,-3.75896617047031,"pct",TRUE,1000,7.105427357601e-15,"0.3219;0.3581;0.3200",0.821922756422055,"bam primary: P0, roster + cohort-specific offset; 95% percentile interval over 1000 joint draws of N(beta, Vc), W3.14",-4.44772042884964,-5.33554882610367,-3.56668458277305,TRUE,-4.48885772316926,-5.33516211411278,-3.7036111625681,TRUE,"agree","area_sqin delta_buffer and delta_abs, ABS-measured arm against the primary",-3.85772152810384,-4.83168009105189,-2.81861764807238,0.6041058652999,,,,,,,,,,""
"main","primary","shadow_rate","delta_abs",-6.04888738123365,-6.81313584522308,-5.30951091780609,-6.6555423104672,-5.4518061833841,"pct",TRUE,1000,7.105427357601e-15,"0.3219;0.3581;0.3200",0.751812463708496,"bam primary: P0, roster + cohort-specific offset; 95% percentile interval over 1000 joint draws of N(beta, Vc), W3.14",-5.90612037538914,-6.65282673484729,-5.16970677013087,TRUE,-6.08505568188926,-6.84560842409128,-5.42084257938942,TRUE,"agree","area_sqin delta_buffer and delta_abs, ABS-measured arm against the primary",-6.19857750068814,-6.97550698621484,-5.33917840350379,-0.149690119454483,,,,,,,,,,""
"main","primary","shadow_rate","delta_total",-10.6850906268079,-11.2765582417966,-10.0383763033982,-11.1810656338213,-10.131633584136,"pct",TRUE,1000,7.105427357601e-15,"0.3219;0.3581;0.3200",0.619090969199203,"bam primary: P0, roster + cohort-specific offset; 95% percentile interval over 1000 joint draws of N(beta, Vc), W3.14",-10.7031542426527,-11.2934139400153,-10.0125894658186,,-10.6543581745552,-11.3031336950036,-10.0651987443053,,"agree","area_sqin delta_buffer and delta_abs, ABS-measured arm against the primary",-10.6499787921899,-11.3909086889818,-9.89047914227703,0.0351118346180002,,,,,,,,,,""
"main","primary","shadow_rate","sum_components",-10.5107147746374,-11.5231208725143,-9.40966688514307,-11.3830595766831,-9.54590434852488,"pct",TRUE,1000,7.105427357601e-15,"0.3219;0.3581;0.3200",1.05672699368559,"bam primary: P0, roster + cohort-specific offset; 95% percentile interval over 1000 joint draws of N(beta, Vc), W3.14",-10.3538408042388,-11.4762971267869,-9.19014679834252,,-10.5739134050585,-11.7598396746911,-9.57028216663639,,"agree","area_sqin delta_buffer and delta_abs, ABS-measured arm against the primary",-10.056299028792,-11.4271060603731,-8.71582870109976,0.454415745845417,,,,,,,,,,""
"main","primary","shadow_rate","share_abs",0.575497243615607,0.521784323697412,0.631055454998827,0.532501951875705,0.625195099115782,"ratio",TRUE,1000,7.105427357601e-15,"0.3219;0.3581;0.3200",0.0546355656507073,"bam primary: P0, roster + cohort-specific offset; 95% percentile interval over 1000 joint draws of N(beta, Vc), W3.14",0.570427968428027,0.517199383424732,0.630647514457489,,0.575478108131488,0.520349868221887,0.625856176545395,,"agree","area_sqin delta_buffer and delta_abs, ABS-measured arm against the primary",0.616387548037416,0.551522909405795,0.693532781512277,0.0408903044218094,,,,,,,,,,""
"main","primary","count_bias","g",-0.018681511359533,-0.0819156102567729,0.0465429983204434,-0.0726780482661535,0.038502503333761,"pp per season",TRUE,1000,8.88178419700125e-16,"0.3390;0.3186;0.3424",0.0642293042886081,"bam primary: P0, roster + cohort-specific offset; 95% percentile interval over 1000 joint draws of N(beta, Vc), W3.14",0.0071216342346258,-0.0622832237412332,0.0833525075594577,,-0.0255632059168335,-0.0959030856851573,0.0361650871225699,,"agree","area_sqin delta_buffer and delta_abs, ABS-measured arm against the primary",0.0892578823603287,0.0135846235058838,0.167773292451924,0.107939393719862,,,,,,,,,,""
"main","primary","count_bias","delta_buffer",0.542212482867743,0.355231668856076,0.717717911698943,0.38363075383936,0.690061886434838,"pp",TRUE,1000,8.88178419700125e-16,"0.3390;0.3186;0.3424",0.181243121421433,"bam primary: P0, roster + cohort-specific offset; 95% percentile interval over 1000 joint draws of N(beta, Vc), W3.14",0.524888447708864,0.331057714104602,0.712014153373048,TRUE,0.541489261561204,0.374825875569599,0.719798672548304,TRUE,"agree","area_sqin delta_buffer and delta_abs, ABS-measured arm against the primary",0.368421084634341,0.157664395791922,0.579396415384372,-0.173791398233402,,,,,,,,,,""
"main","primary","count_bias","delta_abs",0.718877029559813,0.561201868199536,0.881064424504222,0.581873541857799,0.847690938663661,"pp",TRUE,1000,8.88178419700125e-16,"0.3390;0.3186;0.3424",0.159931278152343,"bam primary: P0, roster + cohort-specific offset; 95% percentile interval over 1000 joint draws of N(beta, Vc), W3.14",0.655157279698005,0.496539892162484,0.810871583251939,TRUE,0.724945400750664,0.55788967171753,0.896598663747239,TRUE,"agree","area_sqin delta_buffer and delta_abs, ABS-measured arm against the primary",0.751116294976272,0.574611033728067,0.927465276642451,0.0322392654164583,,,,,,,,,,""
"main","primary","count_bias","delta_total",1.22372648970849,1.07335331580182,1.36518478089578,1.09606023241448,1.3443893994054,"pp",TRUE,1000,8.88178419700125e-16,"0.3390;0.3186;0.3424",0.145915732546981,"bam primary: P0, roster + cohort-specific offset; 95% percentile interval over 1000 joint draws of N(beta, Vc), W3.14",1.19428899587612,1.04066428641558,1.33699497939818,,1.2153082504782,1.07523628914125,1.36939724746792,,"agree","area_sqin delta_buffer and delta_abs, ABS-measured arm against the primary",1.29805314433127,1.1149918484212,1.46867129629765,0.0743266546227801,,,,,,,,,,""
"main","primary","count_bias","sum_components",1.26108951242756,0.998776299333063,1.49408331669745,1.04401671543327,1.45520958150621,"pp",TRUE,1000,8.88178419700125e-16,"0.3390;0.3186;0.3424",0.247653508682193,"bam primary: P0, roster + cohort-specific offset; 95% percentile interval over 1000 joint draws of N(beta, Vc), W3.14",1.18004572740687,0.920506084789376,1.41458108835322,,1.26643466231187,1.04377147687682,1.51796188202692,,"agree","area_sqin delta_buffer and delta_abs, ABS-measured arm against the primary",1.11953737961061,0.857762871381986,1.39266467917289,-0.141552132816944,,,,,,,,,,""
"main","primary","count_bias","share_abs",0.570044411975164,0.482943561492011,0.680556698793191,0.49622703047018,0.661745786027767,"ratio",TRUE,1000,8.88178419700125e-16,"0.3390;0.3186;0.3424",0.0988065686505897,"bam primary: P0, roster + cohort-specific offset; 95% percentile interval over 1000 joint draws of N(beta, Vc), W3.14",0.555196518644834,0.459320129836761,0.667172779292978,,0.572430163453739,0.484025633990096,0.671691227510496,,"agree","area_sqin delta_buffer and delta_abs, ABS-measured arm against the primary",0.670916673847476,0.550364199020392,0.836911748323303,0.100872261872312,,,,,,,,,,""
