"placebo","season","quantity","value","n","lo95","hi95"
"P2",2022,"top_in",0.340878236236833,,,
"P2",2023,"top_in",0.160629127227288,,,
"P2",2024,"top_in",0.433201166594039,,,
"P2",2025,"top_in",0.466591430412855,,,
"P2",2026,"top_in",0.213296031235487,,,
"P2",2022,"bot_in",-0.014521817276556,,,
"P2",2023,"bot_in",0.00684923276270766,,,
"P2",2024,"bot_in",-0.0163796202456936,,,
"P2",2025,"bot_in",0.00995414589187149,,,
"P2",2026,"bot_in",0.088213233130201,,,
"P2",2022,"half_width_in",-0.0447490676947204,,,
"P2",2023,"half_width_in",-0.012404863951625,,,
"P2",2024,"half_width_in",-0.0565813593557714,,,
"P2",2025,"half_width_in",-0.086056236326268,,,
"P2",2026,"half_width_in",0.0887675009414508,,,
"P2",2022,"area_sqin",5.24114416038071,,,
"P2",2023,"area_sqin",2.93708237635224,,,
"P2",2024,"area_sqin",6.8432551607383,,,
"P2",2025,"area_sqin",6.0908566554038,,,
"P2",2026,"area_sqin",5.14381401142924,,,
"P4",2022,"called-strike rate, d > 6 in",0.00106457074582241,176597,0.000922944507229154,0.00122790288253108
"P4",2023,"called-strike rate, d > 6 in",0.000971348040178998,178103,0.000837039503488469,0.00112718295992579
"P4",2024,"called-strike rate, d > 6 in",0.00108523960499551,175998,0.000941922759271667,0.00125033531986575
"P4",2025,"called-strike rate, d > 6 in",0.00054172127566623,171675,0.000442263434953597,0.000663530716894549
"P4",2026,"called-strike rate, d > 6 in",0.000157171417434711,159062,0.000106466673168996,0.000232018688537113
"P4",2022,"called-strike rate, d < - 6 in",1,7833,0.999509820518706,1
"P4",2023,"called-strike rate, d < - 6 in",1,8149,0.999528819626793,1
"P4",2024,"called-strike rate, d < - 6 in",1,7788,0.999506989599113,1
"P4",2025,"called-strike rate, d < - 6 in",0.999881178707224,8416,0.99932720215825,0.999979024816471
"P4",2026,"called-strike rate, d < - 6 in",1,8876,0.99956739555553,1
